2026-03-25 15:44:40 DEBUG service:41 - HHH010455: Adding integrator: org.hibernate.boot.beanvalidation.BeanValidationIntegrator
2026-03-25 15:44:40 DEBUG service:41 - HHH010455: Adding integrator: org.hibernate.cache.internal.CollectionCacheInvalidator
2026-03-25 15:44:40 INFO  core:41 - HHH000001: Hibernate ORM core version 7.3.0.Final
2026-03-25 15:44:40 DEBUG core:155 - HHH000206: 'hibernate.properties' not found
2026-03-25 15:44:40 DEBUG boot:97 - HHH160204: cfg.xml document did not define namespaces; wrapping in custom event reader to introduce namespace information
2026-03-25 15:44:41 DEBUG cache:116 - HHH90001031: Cannot default RegionFactory since no RegionFactory strategies were registered
2026-03-25 15:44:41 DEBUG cache:46 - HHH90001029: Second-level cache disabled
2026-03-25 15:44:41 WARN  pooling:86 - HHH10001002: Using built-in connection pool (not intended for production use)
2026-03-25 15:44:41 DEBUG pooling:34 - HHH10001014: Initializing connection pool with 1 connections
2026-03-25 15:44:41 DEBUG jdbc:457 - HHH100017: Database:
	name: MySQL
	version: 8.0.42
	major: 8
	minor: 0
2026-03-25 15:44:41 DEBUG jdbc:463 - HHH100018: Driver:
	name: MySQL Connector/J
	version: mysql-connector-j-8.0.33 (Revision: 7d6b0800528b6b25c68b52dc10d6c1c8429c100c)
	major: 8
	minor: 0
	JDBC version: 4.2
2026-03-25 15:44:41 WARN  deprecation:152 - HHH90000025: MySQLDialect does not need to be specified explicitly using 'hibernate.dialect' (remove the property setting and it will be selected by default)
2026-03-25 15:44:41 DEBUG dialect:93 - HHH035001: Using dialect: org.hibernate.dialect.MySQLDialect, version: 8.0.42
2026-03-25 15:44:41 DEBUG IdentifierHelperBuilder:205 - IdentifierCaseStrategy for both quoted and unquoted identifiers was set to the same strategy [LOWER]; that will likely lead to problems in schema update and validation if using quoted identifiers
2026-03-25 15:44:41 DEBUG jdbc:379 - HHH100122: Using default JDBC fetch size: 0
2026-03-25 15:44:41 INFO  pooling:179 - HHH10001005: Database info:
	Database JDBC URL [jdbc:mysql://localhost:3306/mla]
	Database driver: MySQL Connector/J
	Database dialect: MySQLDialect
	Database version: 8.0.42
	Default catalog/schema: mla/undefined
	Autocommit mode: false
	Isolation level: REPEATABLE_READ
	JDBC fetch size: none
	Pool: DriverManagerConnectionProvider
	Minimum pool size: 1
	Maximum pool size: 20
2026-03-25 15:44:41 DEBUG pooling:79 - HHH10001008: Cleaning up connection pool [jdbc:mysql://localhost:3306/mla]
2026-03-25 15:45:40 DEBUG service:41 - HHH010455: Adding integrator: org.hibernate.boot.beanvalidation.BeanValidationIntegrator
2026-03-25 15:45:40 DEBUG service:41 - HHH010455: Adding integrator: org.hibernate.cache.internal.CollectionCacheInvalidator
2026-03-25 15:45:40 INFO  core:41 - HHH000001: Hibernate ORM core version 7.3.0.Final
2026-03-25 15:45:40 DEBUG core:155 - HHH000206: 'hibernate.properties' not found
2026-03-25 15:45:40 DEBUG boot:97 - HHH160204: cfg.xml document did not define namespaces; wrapping in custom event reader to introduce namespace information
2026-03-25 15:45:40 DEBUG cache:116 - HHH90001031: Cannot default RegionFactory since no RegionFactory strategies were registered
2026-03-25 15:45:40 DEBUG cache:46 - HHH90001029: Second-level cache disabled
2026-03-25 15:45:40 WARN  pooling:86 - HHH10001002: Using built-in connection pool (not intended for production use)
2026-03-25 15:45:41 DEBUG pooling:34 - HHH10001014: Initializing connection pool with 1 connections
2026-03-25 15:45:41 DEBUG jdbc:457 - HHH100017: Database:
	name: MySQL
	version: 8.0.42
	major: 8
	minor: 0
2026-03-25 15:45:41 DEBUG jdbc:463 - HHH100018: Driver:
	name: MySQL Connector/J
	version: mysql-connector-j-8.0.33 (Revision: 7d6b0800528b6b25c68b52dc10d6c1c8429c100c)
	major: 8
	minor: 0
	JDBC version: 4.2
2026-03-25 15:45:41 WARN  deprecation:152 - HHH90000025: MySQLDialect does not need to be specified explicitly using 'hibernate.dialect' (remove the property setting and it will be selected by default)
2026-03-25 15:45:41 DEBUG dialect:93 - HHH035001: Using dialect: org.hibernate.dialect.MySQLDialect, version: 8.0.42
2026-03-25 15:45:41 DEBUG IdentifierHelperBuilder:205 - IdentifierCaseStrategy for both quoted and unquoted identifiers was set to the same strategy [LOWER]; that will likely lead to problems in schema update and validation if using quoted identifiers
2026-03-25 15:45:41 DEBUG jdbc:379 - HHH100122: Using default JDBC fetch size: 0
2026-03-25 15:45:41 INFO  pooling:179 - HHH10001005: Database info:
	Database JDBC URL [jdbc:mysql://localhost:3306/mla]
	Database driver: MySQL Connector/J
	Database dialect: MySQLDialect
	Database version: 8.0.42
	Default catalog/schema: mla/undefined
	Autocommit mode: false
	Isolation level: REPEATABLE_READ
	JDBC fetch size: none
	Pool: DriverManagerConnectionProvider
	Minimum pool size: 1
	Maximum pool size: 20
2026-03-25 15:45:41 DEBUG factory:230 - HHH90020001: Instantiating factory [0f190be7-229a-4482-8f79-7ed18ddd0dab] with settings: {hibernate.format_sql=true, java.specification.version=25, sun.cpu.isalist=amd64, sun.jnu.encoding=Cp1252, hibernate.dialect=org.hibernate.dialect.MySQLDialect, java.class.path=C:\Users\yashaswini.hs\Desktop\Spring-advance\HibernateInheritance2\target\classes;C:\Users\yashaswini.hs\.m2\repository\com\mysql\mysql-connector-j\8.0.33\mysql-connector-j-8.0.33.jar;C:\Users\yashaswini.hs\.m2\repository\com\google\protobuf\protobuf-java\3.21.9\protobuf-java-3.21.9.jar;C:\Users\yashaswini.hs\.m2\repository\org\hibernate\orm\hibernate-core\7.3.0.Final\hibernate-core-7.3.0.Final.jar;C:\Users\yashaswini.hs\.m2\repository\jakarta\persistence\jakarta.persistence-api\3.2.0\jakarta.persistence-api-3.2.0.jar;C:\Users\yashaswini.hs\.m2\repository\jakarta\transaction\jakarta.transaction-api\2.0.1\jakarta.transaction-api-2.0.1.jar;C:\Users\yashaswini.hs\.m2\repository\org\jboss\logging\jboss-logging\3.6.1.Final\jboss-logging-3.6.1.Final.jar;C:\Users\yashaswini.hs\.m2\repository\org\hibernate\models\hibernate-models\1.1.0\hibernate-models-1.1.0.jar;C:\Users\yashaswini.hs\.m2\repository\net\bytebuddy\byte-buddy\1.18.7\byte-buddy-1.18.7.jar;C:\Users\yashaswini.hs\.m2\repository\jakarta\xml\bind\jakarta.xml.bind-api\4.0.4\jakarta.xml.bind-api-4.0.4.jar;C:\Users\yashaswini.hs\.m2\repository\jakarta\activation\jakarta.activation-api\2.1.4\jakarta.activation-api-2.1.4.jar;C:\Users\yashaswini.hs\.m2\repository\org\glassfish\jaxb\jaxb-runtime\4.0.6\jaxb-runtime-4.0.6.jar;C:\Users\yashaswini.hs\.m2\repository\org\glassfish\jaxb\jaxb-core\4.0.6\jaxb-core-4.0.6.jar;C:\Users\yashaswini.hs\.m2\repository\org\eclipse\angus\angus-activation\2.0.3\angus-activation-2.0.3.jar;C:\Users\yashaswini.hs\.m2\repository\org\glassfish\jaxb\txw2\4.0.6\txw2-4.0.6.jar;C:\Users\yashaswini.hs\.m2\repository\com\sun\istack\istack-commons-runtime\4.1.2\istack-commons-runtime-4.1.2.jar;C:\Users\yashaswini.hs\.m2\repository\jakarta\inject\jakarta.inject-api\2.0.1\jakarta.inject-api-2.0.1.jar;C:\Users\yashaswini.hs\.m2\repository\org\antlr\antlr4-runtime\4.13.2\antlr4-runtime-4.13.2.jar;C:\Users\yashaswini.hs\.m2\repository\org\apache\logging\log4j\log4j-core\2.17.1\log4j-core-2.17.1.jar;C:\Users\yashaswini.hs\.m2\repository\org\apache\logging\log4j\log4j-api\2.17.1\log4j-api-2.17.1.jar;C:\Users\yashaswini.hs\.m2\repository\org\apache\logging\log4j\log4j-slf4j-impl\2.17.1\log4j-slf4j-impl-2.17.1.jar;C:\Users\yashaswini.hs\.m2\repository\org\slf4j\slf4j-api\1.7.25\slf4j-api-1.7.25.jar, java.vm.vendor=Eclipse Adoptium, sun.arch.data.model=64, hbm2ddl.auto=update, user.variant=, java.vendor.url=https://adoptium.net/, user.timezone=Asia/Calcutta, java.vm.specification.version=25, os.name=Windows 11, sun.java.launcher=SUN_STANDARD, user.country=US, sun.boot.library.path=C:\Users\yashaswini.hs\Downloads\sts-5.1.1.RELEASE\plugins\org.eclipse.justj.openjdk.hotspot.jre.full.win32.x86_64_25.0.2.v20260203-1141\jre\bin, sun.java.command=com.test.Demo, jdk.debug=release, sun.cpu.endian=little, user.home=C:\Users\yashaswini.hs, user.language=en, java.specification.vendor=Oracle Corporation, java.version.date=2026-01-20, java.home=C:\Users\yashaswini.hs\Downloads\sts-5.1.1.RELEASE\plugins\org.eclipse.justj.openjdk.hotspot.jre.full.win32.x86_64_25.0.2.v20260203-1141\jre, file.separator=\, java.vm.compressedOopsMode=Zero based, line.separator=
, java.vm.specification.vendor=Oracle Corporation, java.specification.name=Java Platform API Specification, hibernate.hbm2ddl.auto=update, user.script=, sun.management.compiler=HotSpot 64-Bit Tiered Compilers, java.runtime.version=25.0.2+10-LTS, user.name=yashaswini.hs, stdout.encoding=UTF-8, path.separator=;, hibernate.connection.username=****, os.version=10.0, java.runtime.name=OpenJDK Runtime Environment, hibernate.connection.url=jdbc:mysql://localhost:3306/mla, file.encoding=UTF-8, format_sql=true, java.vm.name=OpenJDK 64-Bit Server VM, hibernate.show_sql=true, java.vendor.version=Temurin-25.0.2+10, show_sql=true, hibernate.connection.driver_class=com.mysql.cj.jdbc.Driver, java.vendor.url.bug=https://github.com/adoptium/adoptium-support/issues, java.io.tmpdir=C:\Users\YASHAS~1.HS\AppData\Local\Temp\, java.version=25.0.2, user.dir=C:\Users\yashaswini.hs\Desktop\Spring-advance\HibernateInheritance2, os.arch=amd64, java.vm.specification.name=Java Virtual Machine Specification, hibernate.connection.password=****, sun.os.patch.level=, hibernate.boot.CfgXmlAccessService.key=org.hibernate.boot.cfgxml.spi.LoadedConfig@ce12fbb, native.encoding=Cp1252, java.library.path=C:\Users\yashaswini.hs\Downloads\sts-5.1.1.RELEASE\plugins\org.eclipse.justj.openjdk.hotspot.jre.full.win32.x86_64_25.0.2.v20260203-1141\jre\bin;C:\WINDOWS\Sun\Java\bin;C:\WINDOWS\system32;C:\WINDOWS;C:/Users/yashaswini.hs/Downloads/sts-5.1.1.RELEASE//plugins/org.eclipse.justj.openjdk.hotspot.jre.full.win32.x86_64_25.0.2.v20260203-1141/jre/bin/server;C:/Users/yashaswini.hs/Downloads/sts-5.1.1.RELEASE//plugins/org.eclipse.justj.openjdk.hotspot.jre.full.win32.x86_64_25.0.2.v20260203-1141/jre/bin;C:\Program Files\Microsoft\jdk-11.0.23.9-hotspot\bin;C:\Program Files\Microsoft\jdk-17.0.15.6-hotspot\bin;C:\Program Files\Python313\Scripts\;C:\Program Files\Python313\;%SystemRoot%\system32;%SystemRoot%;%SystemRoot%\System32\Wbem;%SYSTEMROOT%\System32\WindowsPowerShell\v1.0\;%SYSTEMROOT%\System32\OpenSSH\;C:\Program Files\Git\cmd;C:\Program Files\dotnet\;C:\Program Files\apache-maven-3.9.10\bin;C:\Program Files\nodejs\;C:\Program Files\Microsoft VS Code\bin;C:\Program Files\PuTTY\;C:\Program Files (x86)\Microsoft SQL Server\160\DTS\Binn\;C:\Program Files (x86)\Microsoft SQL Server\160\Tools\Binn\;C:\Program Files\Microsoft SQL Server\160\Tools\Binn\;C:\Program Files\Microsoft SQL Server\Client SDK\ODBC\170\Tools\Binn\;C:\Program Files\Microsoft SQL Server\160\DTS\Binn\;C:\Program Files\apache-maven-3.9.10\bin;C:\Program Files\apache-maven-3.9.10\bin;C:\Program Files\apache-maven-3.9.10\bin;C:\Users\yashaswini.hs\AppData\Local\Microsoft\WindowsApps;;C:\Users\yashaswini.hs\Downloads\sts-5.1.1.RELEASE;;., stderr.encoding=UTF-8, java.vendor=Eclipse Adoptium, java.vm.info=mixed mode, sharing, stdin.encoding=Cp1252, java.vm.version=25.0.2+10-LTS, sun.io.unicode.encoding=UnicodeLittle, java.class.version=69.0}
2026-03-25 15:45:41 DEBUG HQL_FUNCTIONS:155 - Available HQL Functions:
	abs(NUMERIC arg)
	Double acos(NUMERIC arg)
	adddate(DATE datetime, INTEGER days)
	addtime(TIME datetime, TIME time)
	Boolean any(BOOLEAN arg)
	Integer ascii(STRING arg)
	Double asin(NUMERIC arg)
	Double atan(NUMERIC arg)
	Double atan2(NUMERIC arg0, NUMERIC arg1)
	avg(arg)
	bit_and(arg)
	Integer bit_length(STRING_OR_CLOB arg)
	bit_or(arg)
	bitand(arg0, arg1)
	bitnot(arg)
	bitor(arg0, arg1)
	bitxor(arg0, arg1)
	cast(arg as Type)
	ceiling(NUMERIC arg)
	Character char(INTEGER arg)
	Integer character_length(STRING_OR_CLOB arg)
	Character chr(INTEGER arg)
	coalesce(arg0[, arg1[, ...]])
	String collate(STRING string as COLLATION collation)
	String concat(STRING string0[, STRING string1[, ...]])
	Double cos(NUMERIC arg)
	Double cosh(NUMERIC arg)
	Double cot(NUMERIC arg)
	Long count([distinct ]{arg|*})
	Integer crc32(arg)
	Double cume_dist([arg0[, ...]])
	Date curdate()
	Date current date
	Date current time
	Date current timestamp
	Date current_date
	Instant current_instant
	Date current_time
	Date current_timestamp
	Date curtime()
	Date date(arg)
	dateadd(TEMPORAL_UNIT field, INTEGER magnitude, TEMPORAL datetime)
	Integer datediff(DATE end, DATE start)
	Integer day(DATE arg)
	String dayname(DATE arg)
	Integer dayofmonth(DATE arg)
	Integer dayofweek(DATE arg)
	Integer dayofyear(DATE arg)
	Double degrees(NUMERIC arg)
	Long dense_rank([arg0[, ...]])
	Boolean every(BOOLEAN arg)
	Double exp(NUMERIC arg)
	extract(TEMPORAL_UNIT field from TEMPORAL arg)
	first_valueANY value
	floor(NUMERIC arg)
	String format(TEMPORAL datetime as STRING pattern)
	greatest(COMPARABLE arg0, COMPARABLE arg1[, arg2[, ...]])
	String hex(arg)
	Integer hour(TIME arg)
	ifnull(arg0, arg1)
	String insert(STRING string, INTEGER start, INTEGER length, STRING replacement)
	Instant instant
	Integer instr(STRING string, STRING pattern[, INTEGER start[, INTEGER occurrence]])
	String json_array([arg0[, ...]])
	String json_array_append(IMPLICIT_JSON arg0, STRING arg1, ANY arg2)
	String json_array_insert(IMPLICIT_JSON arg0, STRING arg1, ANY arg2)
	String json_arrayagg(arg0[, arg1])
	Boolean json_exists(IMPLICIT_JSON arg0, STRING arg1)
	String json_insert(IMPLICIT_JSON arg0, STRING arg1, ANY arg2)
	String json_mergepatch(IMPLICIT_JSON arg0, IMPLICIT_JSON arg1[, arg2[, ...]])
	String json_object( ... )
	String json_objectagg(arg0, arg1[, arg2, arg3])
	String json_query( ... )
	String json_remove(IMPLICIT_JSON arg0, STRING arg1)
	String json_replace(IMPLICIT_JSON arg0, STRING arg1, ANY arg2)
	String json_set(IMPLICIT_JSON arg0, STRING arg1, ANY arg2)
	json_value( ... )
	lagANY value[, INTEGER offset[, ANY default]]
	Date last_day(DATE arg)
	last_valueANY value
	leadANY value[, INTEGER offset[, ANY default]]
	least(COMPARABLE arg0, COMPARABLE arg1[, arg2[, ...]])
	String left(STRING string, INTEGER length)
	Integer length(STRING_OR_CLOB arg)
	String listagg(STRING arg0, STRING arg1)
	Double ln(NUMERIC arg)
	LocalDate local date
	LocalDateTime local datetime
	LocalTime local time
	LocalDate local_date
	LocalDateTime local_datetime
	LocalTime local_time
	Date localtime
	Date localtimestamp
	Integer locate(STRING pattern, STRING string[, INTEGER start])
	Double log(NUMERIC arg0[, NUMERIC arg1])
	Double log10(NUMERIC arg)
	Double log2(NUMERIC arg)
	String lower(STRING string)
	String lpad(string, length[, padding])
	String ltrim(STRING string[, STRING characters])
	Date makedate(INTEGER year, INTEGER dayofyear)
	Date maketime(INTEGER hour, INTEGER min, INTEGER sec)
	max(COMPARABLE arg)
	byte[] md5(arg)
	Integer microsecond(TIME arg)
	min(COMPARABLE arg)
	Integer minute(TIME arg)
	Integer mod(INTEGER arg0, INTEGER arg1)
	Integer month(DATE arg)
	String monthname(DATE arg)
	Date now()
	nth_valueANY value, INTEGER nth
	nullif(arg0, arg1)
	Integer octet_length(STRING_OR_CLOB arg)
	OffsetDateTime offset datetime
	OffsetDateTime offset_datetime
	Integer ordinal(ENUM arg)
	String overlay(STRING string placing STRING replacement from INTEGER start[ for INTEGER length])
	String pad(STRING string with INTEGER length {leading|trailing}[ STRING character])
	Double percent_rank([arg0[, ...]])
	Double pi
	Integer position(STRING pattern in STRING string)
	Double power(NUMERIC arg0, NUMERIC arg1)
	Integer quarter(DATE arg)
	Double radians(NUMERIC arg)
	Double rand([INTEGER seed])
	Long rank([arg0[, ...]])
	Boolean regexp_like(STRING arg0, STRING arg1[, STRING arg2])
	String repeat(STRING string, INTEGER times)
	String replace(STRING string, STRING pattern, STRING replacement)
	String reverse(STRING arg)
	String right(STRING string, INTEGER length)
	round(NUMERIC number[, INTEGER places])
	Long row_number()
	String rpad(string, length[, padding])
	String rtrim(STRING string[, STRING characters])
	Integer second(TIME arg)
	byte[] sha(arg)
	String sha1(arg)
	String sha2(arg0, arg1)
	Integer sign(NUMERIC arg)
	Double sin(NUMERIC arg)
	Double sinh(NUMERIC arg)
	String soundex(arg)
	String space(INTEGER arg)
	sql
	Double sqrt(NUMERIC arg)
	Double stddev(NUMERIC arg)
	Double stddev_pop(NUMERIC arg)
	Double stddev_samp(NUMERIC arg)
	String str(arg)
	String string(ENUM arg)
	subdate(DATE datetime, INTEGER days)
	String substr(STRING string, INTEGER start[, INTEGER length])
	String substring(STRING string{ from|,} INTEGER start[{ for|,} INTEGER length])
	subtime(TIME datetime, TIME time)
	sum(arg)
	Date sysdate()
	Double tan(NUMERIC arg)
	Double tanh(NUMERIC arg)
	String time(arg)
	Date timestamp(arg0[, arg1])
	timestampadd(TEMPORAL_UNIT field, INTEGER magnitude, TEMPORAL datetime)
	Long|Double timestampdiff(TEMPORAL_UNIT field, TEMPORAL start, TEMPORAL end)
	String trim([[{leading|trailing|both} ][STRING arg0 ]from] STRING arg1)
	trunc( ... )
	truncate( ... )
	String upper(STRING string)
	Date utc_date
	Date utc_time
	Date utc_timestamp
	Double var_pop(NUMERIC arg)
	Double var_samp(NUMERIC arg)
	Double variance(NUMERIC arg)
	Integer week(DATE arg)
	Integer year(DATE arg)

2026-03-25 15:45:42 DEBUG core:211 - HHH000513: Unable to create the ReflectionOptimizer for [com.test.Movie]: private accessor [m_location]
2026-03-25 15:45:42 DEBUG core:211 - HHH000513: Unable to create the ReflectionOptimizer for [com.test.ThreeD]: private accessor [m_location]
2026-03-25 15:45:42 DEBUG core:211 - HHH000513: Unable to create the ReflectionOptimizer for [com.test.TwoD]: private accessor [m_location]
2026-03-25 15:45:42 INFO  core:53 - HHH000489: No JTA platform available (set 'hibernate.transaction.jta.platform' to enable JTA platform integration)
2026-03-25 15:45:42 DEBUG service:102 - HHH010454: EventListenerRegistry access via ServiceRegistry is deprecated - use 'sessionFactory.getEventEngine().getListenerRegistry()' instead
2026-03-25 15:45:42 DEBUG SQL:126 - 
    create table movies (
        DTYPE varchar(31) not null check ((DTYPE in ('Movie','TwoD','ThreeD'))),
        id integer not null,
        m_location varchar(255),
        m_name varchar(255),
        casting varchar(255),
        director varchar(255),
        primary key (id)
    ) engine=InnoDB
2026-03-25 15:45:42 DEBUG SQL:126 - 
    create table movies_SEQ (
        next_val bigint
    ) engine=InnoDB
2026-03-25 15:45:43 DEBUG SQL:126 - 
    insert into movies_SEQ ( next_val ) values ( 1 )
2026-03-25 15:45:43 DEBUG factoryRegistry:86 - HHH020384: Registering SessionFactory [0f190be7-229a-4482-8f79-7ed18ddd0dab] (<unnamed>)
2026-03-25 15:45:43 DEBUG core:151 - HHH006588: Opening session [tenant=null]
2026-03-25 15:45:43 DEBUG core:74 - HHH006583: Beginning transaction
2026-03-25 15:45:43 DEBUG SQL:126 - 
    select
        next_val as id_val 
    from
        movies_SEQ 
    for
        update
2026-03-25 15:45:43 DEBUG SQL:126 - 
    update
        movies_SEQ 
    set
        next_val= ? 
    where
        next_val=?
2026-03-25 15:45:43 DEBUG SQL:126 - 
    select
        next_val as id_val 
    from
        movies_SEQ 
    for
        update
2026-03-25 15:45:43 DEBUG SQL:126 - 
    update
        movies_SEQ 
    set
        next_val= ? 
    where
        next_val=?
2026-03-25 15:45:43 DEBUG core:87 - HHH006584: Committing transaction
2026-03-25 15:45:43 DEBUG event:98 - HHH90060071: Flushed: 3 insertions, 0 updates, 0 deletions to 3 objects
2026-03-25 15:45:43 DEBUG event:104 - HHH90060072: Flushed: 0 (re)creations, 0 updates, 0 removals to 0 collections
2026-03-25 15:45:43 DEBUG core:102 - Listing entities:
2026-03-25 15:45:43 DEBUG core:111 - com.test.Movie{m_name=magadeera, id=1, m_location=India}
2026-03-25 15:45:43 DEBUG core:111 - com.test.TwoD{m_name=KGF, casting=yash, id=2, m_location=null}
2026-03-25 15:45:43 DEBUG core:111 - com.test.ThreeD{m_name=AI animation, director=Upendra, id=3, m_location=null}
2026-03-25 15:45:43 DEBUG SQL:126 - 
    insert 
    into
        movies
        (m_location, m_name, DTYPE, id) 
    values
        (?, ?, 'Movie', ?)
2026-03-25 15:45:43 DEBUG SQL:126 - 
    insert 
    into
        movies
        (m_location, m_name, casting, DTYPE, id) 
    values
        (?, ?, ?, 'TwoD', ?)
2026-03-25 15:45:43 DEBUG SQL:126 - 
    insert 
    into
        movies
        (m_location, m_name, director, DTYPE, id) 
    values
        (?, ?, ?, 'ThreeD', ?)
2026-03-25 15:47:42 DEBUG service:41 - HHH010455: Adding integrator: org.hibernate.boot.beanvalidation.BeanValidationIntegrator
2026-03-25 15:47:42 DEBUG service:41 - HHH010455: Adding integrator: org.hibernate.cache.internal.CollectionCacheInvalidator
2026-03-25 15:47:42 INFO  core:41 - HHH000001: Hibernate ORM core version 7.3.0.Final
2026-03-25 15:47:42 DEBUG core:155 - HHH000206: 'hibernate.properties' not found
2026-03-25 15:47:42 DEBUG boot:97 - HHH160204: cfg.xml document did not define namespaces; wrapping in custom event reader to introduce namespace information
2026-03-25 15:47:42 DEBUG cache:116 - HHH90001031: Cannot default RegionFactory since no RegionFactory strategies were registered
2026-03-25 15:47:42 DEBUG cache:46 - HHH90001029: Second-level cache disabled
2026-03-25 15:47:42 WARN  pooling:86 - HHH10001002: Using built-in connection pool (not intended for production use)
2026-03-25 15:47:42 DEBUG pooling:34 - HHH10001014: Initializing connection pool with 1 connections
2026-03-25 15:47:42 DEBUG jdbc:457 - HHH100017: Database:
	name: MySQL
	version: 8.0.42
	major: 8
	minor: 0
2026-03-25 15:47:42 DEBUG jdbc:463 - HHH100018: Driver:
	name: MySQL Connector/J
	version: mysql-connector-j-8.0.33 (Revision: 7d6b0800528b6b25c68b52dc10d6c1c8429c100c)
	major: 8
	minor: 0
	JDBC version: 4.2
2026-03-25 15:47:43 WARN  deprecation:152 - HHH90000025: MySQLDialect does not need to be specified explicitly using 'hibernate.dialect' (remove the property setting and it will be selected by default)
2026-03-25 15:47:43 DEBUG dialect:93 - HHH035001: Using dialect: org.hibernate.dialect.MySQLDialect, version: 8.0.42
2026-03-25 15:47:43 DEBUG IdentifierHelperBuilder:205 - IdentifierCaseStrategy for both quoted and unquoted identifiers was set to the same strategy [LOWER]; that will likely lead to problems in schema update and validation if using quoted identifiers
2026-03-25 15:47:43 DEBUG jdbc:379 - HHH100122: Using default JDBC fetch size: 0
2026-03-25 15:47:43 INFO  pooling:179 - HHH10001005: Database info:
	Database JDBC URL [jdbc:mysql://localhost:3306/mla]
	Database driver: MySQL Connector/J
	Database dialect: MySQLDialect
	Database version: 8.0.42
	Default catalog/schema: mla/undefined
	Autocommit mode: false
	Isolation level: REPEATABLE_READ
	JDBC fetch size: none
	Pool: DriverManagerConnectionProvider
	Minimum pool size: 1
	Maximum pool size: 20
2026-03-25 15:47:43 DEBUG factory:230 - HHH90020001: Instantiating factory [2af87790-0c0a-4d09-96bb-612685538677] with settings: {hibernate.format_sql=true, java.specification.version=25, sun.cpu.isalist=amd64, sun.jnu.encoding=Cp1252, hibernate.dialect=org.hibernate.dialect.MySQLDialect, java.class.path=C:\Users\yashaswini.hs\Desktop\Spring-advance\HibernateInheritance2\target\classes;C:\Users\yashaswini.hs\.m2\repository\com\mysql\mysql-connector-j\8.0.33\mysql-connector-j-8.0.33.jar;C:\Users\yashaswini.hs\.m2\repository\com\google\protobuf\protobuf-java\3.21.9\protobuf-java-3.21.9.jar;C:\Users\yashaswini.hs\.m2\repository\org\hibernate\orm\hibernate-core\7.3.0.Final\hibernate-core-7.3.0.Final.jar;C:\Users\yashaswini.hs\.m2\repository\jakarta\persistence\jakarta.persistence-api\3.2.0\jakarta.persistence-api-3.2.0.jar;C:\Users\yashaswini.hs\.m2\repository\jakarta\transaction\jakarta.transaction-api\2.0.1\jakarta.transaction-api-2.0.1.jar;C:\Users\yashaswini.hs\.m2\repository\org\jboss\logging\jboss-logging\3.6.1.Final\jboss-logging-3.6.1.Final.jar;C:\Users\yashaswini.hs\.m2\repository\org\hibernate\models\hibernate-models\1.1.0\hibernate-models-1.1.0.jar;C:\Users\yashaswini.hs\.m2\repository\net\bytebuddy\byte-buddy\1.18.7\byte-buddy-1.18.7.jar;C:\Users\yashaswini.hs\.m2\repository\jakarta\xml\bind\jakarta.xml.bind-api\4.0.4\jakarta.xml.bind-api-4.0.4.jar;C:\Users\yashaswini.hs\.m2\repository\jakarta\activation\jakarta.activation-api\2.1.4\jakarta.activation-api-2.1.4.jar;C:\Users\yashaswini.hs\.m2\repository\org\glassfish\jaxb\jaxb-runtime\4.0.6\jaxb-runtime-4.0.6.jar;C:\Users\yashaswini.hs\.m2\repository\org\glassfish\jaxb\jaxb-core\4.0.6\jaxb-core-4.0.6.jar;C:\Users\yashaswini.hs\.m2\repository\org\eclipse\angus\angus-activation\2.0.3\angus-activation-2.0.3.jar;C:\Users\yashaswini.hs\.m2\repository\org\glassfish\jaxb\txw2\4.0.6\txw2-4.0.6.jar;C:\Users\yashaswini.hs\.m2\repository\com\sun\istack\istack-commons-runtime\4.1.2\istack-commons-runtime-4.1.2.jar;C:\Users\yashaswini.hs\.m2\repository\jakarta\inject\jakarta.inject-api\2.0.1\jakarta.inject-api-2.0.1.jar;C:\Users\yashaswini.hs\.m2\repository\org\antlr\antlr4-runtime\4.13.2\antlr4-runtime-4.13.2.jar;C:\Users\yashaswini.hs\.m2\repository\org\apache\logging\log4j\log4j-core\2.17.1\log4j-core-2.17.1.jar;C:\Users\yashaswini.hs\.m2\repository\org\apache\logging\log4j\log4j-api\2.17.1\log4j-api-2.17.1.jar;C:\Users\yashaswini.hs\.m2\repository\org\apache\logging\log4j\log4j-slf4j-impl\2.17.1\log4j-slf4j-impl-2.17.1.jar;C:\Users\yashaswini.hs\.m2\repository\org\slf4j\slf4j-api\1.7.25\slf4j-api-1.7.25.jar, java.vm.vendor=Eclipse Adoptium, sun.arch.data.model=64, hbm2ddl.auto=update, user.variant=, java.vendor.url=https://adoptium.net/, user.timezone=Asia/Calcutta, java.vm.specification.version=25, os.name=Windows 11, sun.java.launcher=SUN_STANDARD, user.country=US, sun.boot.library.path=C:\Users\yashaswini.hs\Downloads\sts-5.1.1.RELEASE\plugins\org.eclipse.justj.openjdk.hotspot.jre.full.win32.x86_64_25.0.2.v20260203-1141\jre\bin, sun.java.command=com.test.Demo, jdk.debug=release, sun.cpu.endian=little, user.home=C:\Users\yashaswini.hs, user.language=en, java.specification.vendor=Oracle Corporation, java.version.date=2026-01-20, java.home=C:\Users\yashaswini.hs\Downloads\sts-5.1.1.RELEASE\plugins\org.eclipse.justj.openjdk.hotspot.jre.full.win32.x86_64_25.0.2.v20260203-1141\jre, file.separator=\, java.vm.compressedOopsMode=Zero based, line.separator=
, java.vm.specification.vendor=Oracle Corporation, java.specification.name=Java Platform API Specification, hibernate.hbm2ddl.auto=update, user.script=, sun.management.compiler=HotSpot 64-Bit Tiered Compilers, java.runtime.version=25.0.2+10-LTS, user.name=yashaswini.hs, stdout.encoding=UTF-8, path.separator=;, hibernate.connection.username=****, os.version=10.0, java.runtime.name=OpenJDK Runtime Environment, hibernate.connection.url=jdbc:mysql://localhost:3306/mla, file.encoding=UTF-8, format_sql=true, java.vm.name=OpenJDK 64-Bit Server VM, hibernate.show_sql=true, java.vendor.version=Temurin-25.0.2+10, show_sql=true, hibernate.connection.driver_class=com.mysql.cj.jdbc.Driver, java.vendor.url.bug=https://github.com/adoptium/adoptium-support/issues, java.io.tmpdir=C:\Users\YASHAS~1.HS\AppData\Local\Temp\, java.version=25.0.2, user.dir=C:\Users\yashaswini.hs\Desktop\Spring-advance\HibernateInheritance2, os.arch=amd64, java.vm.specification.name=Java Virtual Machine Specification, hibernate.connection.password=****, sun.os.patch.level=, hibernate.boot.CfgXmlAccessService.key=org.hibernate.boot.cfgxml.spi.LoadedConfig@353f472a, native.encoding=Cp1252, java.library.path=C:\Users\yashaswini.hs\Downloads\sts-5.1.1.RELEASE\plugins\org.eclipse.justj.openjdk.hotspot.jre.full.win32.x86_64_25.0.2.v20260203-1141\jre\bin;C:\WINDOWS\Sun\Java\bin;C:\WINDOWS\system32;C:\WINDOWS;C:/Users/yashaswini.hs/Downloads/sts-5.1.1.RELEASE//plugins/org.eclipse.justj.openjdk.hotspot.jre.full.win32.x86_64_25.0.2.v20260203-1141/jre/bin/server;C:/Users/yashaswini.hs/Downloads/sts-5.1.1.RELEASE//plugins/org.eclipse.justj.openjdk.hotspot.jre.full.win32.x86_64_25.0.2.v20260203-1141/jre/bin;C:\Program Files\Microsoft\jdk-11.0.23.9-hotspot\bin;C:\Program Files\Microsoft\jdk-17.0.15.6-hotspot\bin;C:\Program Files\Python313\Scripts\;C:\Program Files\Python313\;%SystemRoot%\system32;%SystemRoot%;%SystemRoot%\System32\Wbem;%SYSTEMROOT%\System32\WindowsPowerShell\v1.0\;%SYSTEMROOT%\System32\OpenSSH\;C:\Program Files\Git\cmd;C:\Program Files\dotnet\;C:\Program Files\apache-maven-3.9.10\bin;C:\Program Files\nodejs\;C:\Program Files\Microsoft VS Code\bin;C:\Program Files\PuTTY\;C:\Program Files (x86)\Microsoft SQL Server\160\DTS\Binn\;C:\Program Files (x86)\Microsoft SQL Server\160\Tools\Binn\;C:\Program Files\Microsoft SQL Server\160\Tools\Binn\;C:\Program Files\Microsoft SQL Server\Client SDK\ODBC\170\Tools\Binn\;C:\Program Files\Microsoft SQL Server\160\DTS\Binn\;C:\Program Files\apache-maven-3.9.10\bin;C:\Program Files\apache-maven-3.9.10\bin;C:\Program Files\apache-maven-3.9.10\bin;C:\Users\yashaswini.hs\AppData\Local\Microsoft\WindowsApps;;C:\Users\yashaswini.hs\Downloads\sts-5.1.1.RELEASE;;., stderr.encoding=UTF-8, java.vendor=Eclipse Adoptium, java.vm.info=mixed mode, sharing, stdin.encoding=Cp1252, java.vm.version=25.0.2+10-LTS, sun.io.unicode.encoding=UnicodeLittle, java.class.version=69.0}
2026-03-25 15:47:43 DEBUG HQL_FUNCTIONS:155 - Available HQL Functions:
	abs(NUMERIC arg)
	Double acos(NUMERIC arg)
	adddate(DATE datetime, INTEGER days)
	addtime(TIME datetime, TIME time)
	Boolean any(BOOLEAN arg)
	Integer ascii(STRING arg)
	Double asin(NUMERIC arg)
	Double atan(NUMERIC arg)
	Double atan2(NUMERIC arg0, NUMERIC arg1)
	avg(arg)
	bit_and(arg)
	Integer bit_length(STRING_OR_CLOB arg)
	bit_or(arg)
	bitand(arg0, arg1)
	bitnot(arg)
	bitor(arg0, arg1)
	bitxor(arg0, arg1)
	cast(arg as Type)
	ceiling(NUMERIC arg)
	Character char(INTEGER arg)
	Integer character_length(STRING_OR_CLOB arg)
	Character chr(INTEGER arg)
	coalesce(arg0[, arg1[, ...]])
	String collate(STRING string as COLLATION collation)
	String concat(STRING string0[, STRING string1[, ...]])
	Double cos(NUMERIC arg)
	Double cosh(NUMERIC arg)
	Double cot(NUMERIC arg)
	Long count([distinct ]{arg|*})
	Integer crc32(arg)
	Double cume_dist([arg0[, ...]])
	Date curdate()
	Date current date
	Date current time
	Date current timestamp
	Date current_date
	Instant current_instant
	Date current_time
	Date current_timestamp
	Date curtime()
	Date date(arg)
	dateadd(TEMPORAL_UNIT field, INTEGER magnitude, TEMPORAL datetime)
	Integer datediff(DATE end, DATE start)
	Integer day(DATE arg)
	String dayname(DATE arg)
	Integer dayofmonth(DATE arg)
	Integer dayofweek(DATE arg)
	Integer dayofyear(DATE arg)
	Double degrees(NUMERIC arg)
	Long dense_rank([arg0[, ...]])
	Boolean every(BOOLEAN arg)
	Double exp(NUMERIC arg)
	extract(TEMPORAL_UNIT field from TEMPORAL arg)
	first_valueANY value
	floor(NUMERIC arg)
	String format(TEMPORAL datetime as STRING pattern)
	greatest(COMPARABLE arg0, COMPARABLE arg1[, arg2[, ...]])
	String hex(arg)
	Integer hour(TIME arg)
	ifnull(arg0, arg1)
	String insert(STRING string, INTEGER start, INTEGER length, STRING replacement)
	Instant instant
	Integer instr(STRING string, STRING pattern[, INTEGER start[, INTEGER occurrence]])
	String json_array([arg0[, ...]])
	String json_array_append(IMPLICIT_JSON arg0, STRING arg1, ANY arg2)
	String json_array_insert(IMPLICIT_JSON arg0, STRING arg1, ANY arg2)
	String json_arrayagg(arg0[, arg1])
	Boolean json_exists(IMPLICIT_JSON arg0, STRING arg1)
	String json_insert(IMPLICIT_JSON arg0, STRING arg1, ANY arg2)
	String json_mergepatch(IMPLICIT_JSON arg0, IMPLICIT_JSON arg1[, arg2[, ...]])
	String json_object( ... )
	String json_objectagg(arg0, arg1[, arg2, arg3])
	String json_query( ... )
	String json_remove(IMPLICIT_JSON arg0, STRING arg1)
	String json_replace(IMPLICIT_JSON arg0, STRING arg1, ANY arg2)
	String json_set(IMPLICIT_JSON arg0, STRING arg1, ANY arg2)
	json_value( ... )
	lagANY value[, INTEGER offset[, ANY default]]
	Date last_day(DATE arg)
	last_valueANY value
	leadANY value[, INTEGER offset[, ANY default]]
	least(COMPARABLE arg0, COMPARABLE arg1[, arg2[, ...]])
	String left(STRING string, INTEGER length)
	Integer length(STRING_OR_CLOB arg)
	String listagg(STRING arg0, STRING arg1)
	Double ln(NUMERIC arg)
	LocalDate local date
	LocalDateTime local datetime
	LocalTime local time
	LocalDate local_date
	LocalDateTime local_datetime
	LocalTime local_time
	Date localtime
	Date localtimestamp
	Integer locate(STRING pattern, STRING string[, INTEGER start])
	Double log(NUMERIC arg0[, NUMERIC arg1])
	Double log10(NUMERIC arg)
	Double log2(NUMERIC arg)
	String lower(STRING string)
	String lpad(string, length[, padding])
	String ltrim(STRING string[, STRING characters])
	Date makedate(INTEGER year, INTEGER dayofyear)
	Date maketime(INTEGER hour, INTEGER min, INTEGER sec)
	max(COMPARABLE arg)
	byte[] md5(arg)
	Integer microsecond(TIME arg)
	min(COMPARABLE arg)
	Integer minute(TIME arg)
	Integer mod(INTEGER arg0, INTEGER arg1)
	Integer month(DATE arg)
	String monthname(DATE arg)
	Date now()
	nth_valueANY value, INTEGER nth
	nullif(arg0, arg1)
	Integer octet_length(STRING_OR_CLOB arg)
	OffsetDateTime offset datetime
	OffsetDateTime offset_datetime
	Integer ordinal(ENUM arg)
	String overlay(STRING string placing STRING replacement from INTEGER start[ for INTEGER length])
	String pad(STRING string with INTEGER length {leading|trailing}[ STRING character])
	Double percent_rank([arg0[, ...]])
	Double pi
	Integer position(STRING pattern in STRING string)
	Double power(NUMERIC arg0, NUMERIC arg1)
	Integer quarter(DATE arg)
	Double radians(NUMERIC arg)
	Double rand([INTEGER seed])
	Long rank([arg0[, ...]])
	Boolean regexp_like(STRING arg0, STRING arg1[, STRING arg2])
	String repeat(STRING string, INTEGER times)
	String replace(STRING string, STRING pattern, STRING replacement)
	String reverse(STRING arg)
	String right(STRING string, INTEGER length)
	round(NUMERIC number[, INTEGER places])
	Long row_number()
	String rpad(string, length[, padding])
	String rtrim(STRING string[, STRING characters])
	Integer second(TIME arg)
	byte[] sha(arg)
	String sha1(arg)
	String sha2(arg0, arg1)
	Integer sign(NUMERIC arg)
	Double sin(NUMERIC arg)
	Double sinh(NUMERIC arg)
	String soundex(arg)
	String space(INTEGER arg)
	sql
	Double sqrt(NUMERIC arg)
	Double stddev(NUMERIC arg)
	Double stddev_pop(NUMERIC arg)
	Double stddev_samp(NUMERIC arg)
	String str(arg)
	String string(ENUM arg)
	subdate(DATE datetime, INTEGER days)
	String substr(STRING string, INTEGER start[, INTEGER length])
	String substring(STRING string{ from|,} INTEGER start[{ for|,} INTEGER length])
	subtime(TIME datetime, TIME time)
	sum(arg)
	Date sysdate()
	Double tan(NUMERIC arg)
	Double tanh(NUMERIC arg)
	String time(arg)
	Date timestamp(arg0[, arg1])
	timestampadd(TEMPORAL_UNIT field, INTEGER magnitude, TEMPORAL datetime)
	Long|Double timestampdiff(TEMPORAL_UNIT field, TEMPORAL start, TEMPORAL end)
	String trim([[{leading|trailing|both} ][STRING arg0 ]from] STRING arg1)
	trunc( ... )
	truncate( ... )
	String upper(STRING string)
	Date utc_date
	Date utc_time
	Date utc_timestamp
	Double var_pop(NUMERIC arg)
	Double var_samp(NUMERIC arg)
	Double variance(NUMERIC arg)
	Integer week(DATE arg)
	Integer year(DATE arg)

2026-03-25 15:47:43 DEBUG core:211 - HHH000513: Unable to create the ReflectionOptimizer for [com.test.Movie]: private accessor [m_location]
2026-03-25 15:47:43 DEBUG core:211 - HHH000513: Unable to create the ReflectionOptimizer for [com.test.ThreeD]: private accessor [m_location]
2026-03-25 15:47:43 DEBUG core:211 - HHH000513: Unable to create the ReflectionOptimizer for [com.test.TwoD]: private accessor [m_location]
2026-03-25 15:47:44 INFO  core:53 - HHH000489: No JTA platform available (set 'hibernate.transaction.jta.platform' to enable JTA platform integration)
2026-03-25 15:47:44 DEBUG service:102 - HHH010454: EventListenerRegistry access via ServiceRegistry is deprecated - use 'sessionFactory.getEventEngine().getListenerRegistry()' instead
2026-03-25 15:47:44 DEBUG Table:101 - No alter strings for table: movies
2026-03-25 15:47:44 DEBUG Table:101 - No alter strings for table: movies_SEQ
2026-03-25 15:47:44 DEBUG SQL:126 - 
    create table toD (
        id integer not null,
        m_location varchar(255),
        m_name varchar(255),
        casting varchar(255),
        primary key (id)
    ) engine=InnoDB
2026-03-25 15:47:44 DEBUG SQL:126 - 
    create table triD (
        id integer not null,
        m_location varchar(255),
        m_name varchar(255),
        director varchar(255),
        primary key (id)
    ) engine=InnoDB
2026-03-25 15:47:45 DEBUG factoryRegistry:86 - HHH020384: Registering SessionFactory [2af87790-0c0a-4d09-96bb-612685538677] (<unnamed>)
2026-03-25 15:47:45 DEBUG core:151 - HHH006588: Opening session [tenant=null]
2026-03-25 15:47:45 DEBUG core:74 - HHH006583: Beginning transaction
2026-03-25 15:47:45 DEBUG SQL:126 - 
    select
        next_val as id_val 
    from
        movies_SEQ 
    for
        update
2026-03-25 15:47:45 DEBUG SQL:126 - 
    update
        movies_SEQ 
    set
        next_val= ? 
    where
        next_val=?
2026-03-25 15:47:45 DEBUG core:87 - HHH006584: Committing transaction
2026-03-25 15:47:45 DEBUG event:98 - HHH90060071: Flushed: 3 insertions, 0 updates, 0 deletions to 3 objects
2026-03-25 15:47:45 DEBUG event:104 - HHH90060072: Flushed: 0 (re)creations, 0 updates, 0 removals to 0 collections
2026-03-25 15:47:45 DEBUG core:102 - Listing entities:
2026-03-25 15:47:45 DEBUG core:111 - com.test.ThreeD{m_name=AI animation, director=Upendra, id=54, m_location=null}
2026-03-25 15:47:45 DEBUG core:111 - com.test.Movie{m_name=magadeera, id=52, m_location=India}
2026-03-25 15:47:45 DEBUG core:111 - com.test.TwoD{m_name=KGF, casting=yash, id=53, m_location=null}
2026-03-25 15:47:45 DEBUG SQL:126 - 
    insert 
    into
        movies
        (m_location, m_name, id) 
    values
        (?, ?, ?)
2026-03-25 15:47:45 WARN  error:143 - HHH000247: ErrorCode: 1364, SQLState: HY000
2026-03-25 15:47:45 WARN  error:144 - Field 'DTYPE' doesn't have a default value
2026-03-25 15:47:45 DEBUG error:150 - could not execute statement [insert into movies (m_location,m_name,id) values (?,?,?)]
java.sql.SQLException: Field 'DTYPE' doesn't have a default value
	at com.mysql.cj.jdbc.exceptions.SQLError.createSQLException(SQLError.java:130) ~[mysql-connector-j-8.0.33.jar:8.0.33]
	at com.mysql.cj.jdbc.exceptions.SQLExceptionsMapping.translateException(SQLExceptionsMapping.java:122) ~[mysql-connector-j-8.0.33.jar:8.0.33]
	at com.mysql.cj.jdbc.ClientPreparedStatement.executeInternal(ClientPreparedStatement.java:916) ~[mysql-connector-j-8.0.33.jar:8.0.33]
	at com.mysql.cj.jdbc.ClientPreparedStatement.executeUpdateInternal(ClientPreparedStatement.java:1061) ~[mysql-connector-j-8.0.33.jar:8.0.33]
	at com.mysql.cj.jdbc.ClientPreparedStatement.executeUpdateInternal(ClientPreparedStatement.java:1009) ~[mysql-connector-j-8.0.33.jar:8.0.33]
	at com.mysql.cj.jdbc.ClientPreparedStatement.executeLargeUpdate(ClientPreparedStatement.java:1320) ~[mysql-connector-j-8.0.33.jar:8.0.33]
	at com.mysql.cj.jdbc.ClientPreparedStatement.executeUpdate(ClientPreparedStatement.java:994) ~[mysql-connector-j-8.0.33.jar:8.0.33]
	at org.hibernate.engine.jdbc.internal.ResultSetReturnImpl.executeUpdate(ResultSetReturnImpl.java:185) [hibernate-core-7.3.0.Final.jar:7.3.0.Final]
	at org.hibernate.engine.jdbc.mutation.internal.AbstractMutationExecutor.performNonBatchedMutation(AbstractMutationExecutor.java:145) [hibernate-core-7.3.0.Final.jar:7.3.0.Final]
	at org.hibernate.engine.jdbc.mutation.internal.MutationExecutorSingleNonBatched.performNonBatchedOperations(MutationExecutorSingleNonBatched.java:53) [hibernate-core-7.3.0.Final.jar:7.3.0.Final]
	at org.hibernate.engine.jdbc.mutation.internal.AbstractMutationExecutor.execute(AbstractMutationExecutor.java:65) [hibernate-core-7.3.0.Final.jar:7.3.0.Final]
	at org.hibernate.engine.jdbc.mutation.internal.AbstractMutationExecutor.execute(AbstractMutationExecutor.java:54) [hibernate-core-7.3.0.Final.jar:7.3.0.Final]
	at org.hibernate.persister.entity.mutation.InsertCoordinatorStandard.doStaticInserts(InsertCoordinatorStandard.java:180) [hibernate-core-7.3.0.Final.jar:7.3.0.Final]
	at org.hibernate.persister.entity.mutation.InsertCoordinatorStandard.coordinateInsert(InsertCoordinatorStandard.java:120) [hibernate-core-7.3.0.Final.jar:7.3.0.Final]
	at org.hibernate.persister.entity.mutation.InsertCoordinatorStandard.insert(InsertCoordinatorStandard.java:93) [hibernate-core-7.3.0.Final.jar:7.3.0.Final]
	at org.hibernate.action.internal.EntityInsertAction.execute(EntityInsertAction.java:108) [hibernate-core-7.3.0.Final.jar:7.3.0.Final]
	at org.hibernate.engine.spi.ActionQueue.executeActions(ActionQueue.java:634) [hibernate-core-7.3.0.Final.jar:7.3.0.Final]
	at org.hibernate.engine.spi.ActionQueue.executeActions(ActionQueue.java:505) [hibernate-core-7.3.0.Final.jar:7.3.0.Final]
	at org.hibernate.event.internal.AbstractFlushingEventListener.performExecutions(AbstractFlushingEventListener.java:381) [hibernate-core-7.3.0.Final.jar:7.3.0.Final]
	at org.hibernate.event.internal.DefaultFlushEventListener.onFlush(DefaultFlushEventListener.java:40) [hibernate-core-7.3.0.Final.jar:7.3.0.Final]
	at org.hibernate.event.service.internal.EventListenerGroupImpl.fireEventOnEachListener(EventListenerGroupImpl.java:138) [hibernate-core-7.3.0.Final.jar:7.3.0.Final]
	at org.hibernate.internal.SessionImpl.fireFlush(SessionImpl.java:1451) [hibernate-core-7.3.0.Final.jar:7.3.0.Final]
	at org.hibernate.internal.SessionImpl.managedFlush(SessionImpl.java:482) [hibernate-core-7.3.0.Final.jar:7.3.0.Final]
	at org.hibernate.internal.SessionImpl.flushBeforeTransactionCompletion(SessionImpl.java:2078) [hibernate-core-7.3.0.Final.jar:7.3.0.Final]
	at org.hibernate.internal.SessionImpl.beforeTransactionCompletion(SessionImpl.java:2000) [hibernate-core-7.3.0.Final.jar:7.3.0.Final]
	at org.hibernate.engine.jdbc.internal.JdbcCoordinatorImpl.beforeTransactionCompletion(JdbcCoordinatorImpl.java:426) [hibernate-core-7.3.0.Final.jar:7.3.0.Final]
	at org.hibernate.resource.transaction.backend.jdbc.internal.JdbcResourceLocalTransactionCoordinatorImpl.beforeCompletionCallback(JdbcResourceLocalTransactionCoordinatorImpl.java:166) [hibernate-core-7.3.0.Final.jar:7.3.0.Final]
	at org.hibernate.resource.transaction.backend.jdbc.internal.JdbcResourceLocalTransactionCoordinatorImpl$TransactionDriverControlImpl.commitNoRollbackOnly(JdbcResourceLocalTransactionCoordinatorImpl.java:251) [hibernate-core-7.3.0.Final.jar:7.3.0.Final]
	at org.hibernate.resource.transaction.backend.jdbc.internal.JdbcResourceLocalTransactionCoordinatorImpl$TransactionDriverControlImpl.commit(JdbcResourceLocalTransactionCoordinatorImpl.java:241) [hibernate-core-7.3.0.Final.jar:7.3.0.Final]
	at org.hibernate.engine.transaction.internal.TransactionImpl.commit(TransactionImpl.java:89) [hibernate-core-7.3.0.Final.jar:7.3.0.Final]
	at com.test.Demo.main(Demo.java:37) [classes/:?]
2026-03-25 15:48:44 DEBUG service:41 - HHH010455: Adding integrator: org.hibernate.boot.beanvalidation.BeanValidationIntegrator
2026-03-25 15:48:44 DEBUG service:41 - HHH010455: Adding integrator: org.hibernate.cache.internal.CollectionCacheInvalidator
2026-03-25 15:48:44 INFO  core:41 - HHH000001: Hibernate ORM core version 7.3.0.Final
2026-03-25 15:48:44 DEBUG core:155 - HHH000206: 'hibernate.properties' not found
2026-03-25 15:48:44 DEBUG boot:97 - HHH160204: cfg.xml document did not define namespaces; wrapping in custom event reader to introduce namespace information
2026-03-25 15:48:44 DEBUG cache:116 - HHH90001031: Cannot default RegionFactory since no RegionFactory strategies were registered
2026-03-25 15:48:44 DEBUG cache:46 - HHH90001029: Second-level cache disabled
2026-03-25 15:48:44 WARN  pooling:86 - HHH10001002: Using built-in connection pool (not intended for production use)
2026-03-25 15:48:45 DEBUG pooling:34 - HHH10001014: Initializing connection pool with 1 connections
2026-03-25 15:48:45 DEBUG jdbc:457 - HHH100017: Database:
	name: MySQL
	version: 8.0.42
	major: 8
	minor: 0
2026-03-25 15:48:45 DEBUG jdbc:463 - HHH100018: Driver:
	name: MySQL Connector/J
	version: mysql-connector-j-8.0.33 (Revision: 7d6b0800528b6b25c68b52dc10d6c1c8429c100c)
	major: 8
	minor: 0
	JDBC version: 4.2
2026-03-25 15:48:45 WARN  deprecation:152 - HHH90000025: MySQLDialect does not need to be specified explicitly using 'hibernate.dialect' (remove the property setting and it will be selected by default)
2026-03-25 15:48:45 DEBUG dialect:93 - HHH035001: Using dialect: org.hibernate.dialect.MySQLDialect, version: 8.0.42
2026-03-25 15:48:45 DEBUG IdentifierHelperBuilder:205 - IdentifierCaseStrategy for both quoted and unquoted identifiers was set to the same strategy [LOWER]; that will likely lead to problems in schema update and validation if using quoted identifiers
2026-03-25 15:48:45 DEBUG jdbc:379 - HHH100122: Using default JDBC fetch size: 0
2026-03-25 15:48:45 INFO  pooling:179 - HHH10001005: Database info:
	Database JDBC URL [jdbc:mysql://localhost:3306/mla]
	Database driver: MySQL Connector/J
	Database dialect: MySQLDialect
	Database version: 8.0.42
	Default catalog/schema: mla/undefined
	Autocommit mode: false
	Isolation level: REPEATABLE_READ
	JDBC fetch size: none
	Pool: DriverManagerConnectionProvider
	Minimum pool size: 1
	Maximum pool size: 20
2026-03-25 15:48:45 DEBUG factory:230 - HHH90020001: Instantiating factory [1ef6b0b8-c2bf-4095-aa00-aea00cf667e9] with settings: {hibernate.format_sql=true, java.specification.version=25, sun.cpu.isalist=amd64, sun.jnu.encoding=Cp1252, hibernate.dialect=org.hibernate.dialect.MySQLDialect, java.class.path=C:\Users\yashaswini.hs\Desktop\Spring-advance\HibernateInheritance2\target\classes;C:\Users\yashaswini.hs\.m2\repository\com\mysql\mysql-connector-j\8.0.33\mysql-connector-j-8.0.33.jar;C:\Users\yashaswini.hs\.m2\repository\com\google\protobuf\protobuf-java\3.21.9\protobuf-java-3.21.9.jar;C:\Users\yashaswini.hs\.m2\repository\org\hibernate\orm\hibernate-core\7.3.0.Final\hibernate-core-7.3.0.Final.jar;C:\Users\yashaswini.hs\.m2\repository\jakarta\persistence\jakarta.persistence-api\3.2.0\jakarta.persistence-api-3.2.0.jar;C:\Users\yashaswini.hs\.m2\repository\jakarta\transaction\jakarta.transaction-api\2.0.1\jakarta.transaction-api-2.0.1.jar;C:\Users\yashaswini.hs\.m2\repository\org\jboss\logging\jboss-logging\3.6.1.Final\jboss-logging-3.6.1.Final.jar;C:\Users\yashaswini.hs\.m2\repository\org\hibernate\models\hibernate-models\1.1.0\hibernate-models-1.1.0.jar;C:\Users\yashaswini.hs\.m2\repository\net\bytebuddy\byte-buddy\1.18.7\byte-buddy-1.18.7.jar;C:\Users\yashaswini.hs\.m2\repository\jakarta\xml\bind\jakarta.xml.bind-api\4.0.4\jakarta.xml.bind-api-4.0.4.jar;C:\Users\yashaswini.hs\.m2\repository\jakarta\activation\jakarta.activation-api\2.1.4\jakarta.activation-api-2.1.4.jar;C:\Users\yashaswini.hs\.m2\repository\org\glassfish\jaxb\jaxb-runtime\4.0.6\jaxb-runtime-4.0.6.jar;C:\Users\yashaswini.hs\.m2\repository\org\glassfish\jaxb\jaxb-core\4.0.6\jaxb-core-4.0.6.jar;C:\Users\yashaswini.hs\.m2\repository\org\eclipse\angus\angus-activation\2.0.3\angus-activation-2.0.3.jar;C:\Users\yashaswini.hs\.m2\repository\org\glassfish\jaxb\txw2\4.0.6\txw2-4.0.6.jar;C:\Users\yashaswini.hs\.m2\repository\com\sun\istack\istack-commons-runtime\4.1.2\istack-commons-runtime-4.1.2.jar;C:\Users\yashaswini.hs\.m2\repository\jakarta\inject\jakarta.inject-api\2.0.1\jakarta.inject-api-2.0.1.jar;C:\Users\yashaswini.hs\.m2\repository\org\antlr\antlr4-runtime\4.13.2\antlr4-runtime-4.13.2.jar;C:\Users\yashaswini.hs\.m2\repository\org\apache\logging\log4j\log4j-core\2.17.1\log4j-core-2.17.1.jar;C:\Users\yashaswini.hs\.m2\repository\org\apache\logging\log4j\log4j-api\2.17.1\log4j-api-2.17.1.jar;C:\Users\yashaswini.hs\.m2\repository\org\apache\logging\log4j\log4j-slf4j-impl\2.17.1\log4j-slf4j-impl-2.17.1.jar;C:\Users\yashaswini.hs\.m2\repository\org\slf4j\slf4j-api\1.7.25\slf4j-api-1.7.25.jar, java.vm.vendor=Eclipse Adoptium, sun.arch.data.model=64, hbm2ddl.auto=update, user.variant=, java.vendor.url=https://adoptium.net/, user.timezone=Asia/Calcutta, java.vm.specification.version=25, os.name=Windows 11, sun.java.launcher=SUN_STANDARD, user.country=US, sun.boot.library.path=C:\Users\yashaswini.hs\Downloads\sts-5.1.1.RELEASE\plugins\org.eclipse.justj.openjdk.hotspot.jre.full.win32.x86_64_25.0.2.v20260203-1141\jre\bin, sun.java.command=com.test.Demo, jdk.debug=release, sun.cpu.endian=little, user.home=C:\Users\yashaswini.hs, user.language=en, java.specification.vendor=Oracle Corporation, java.version.date=2026-01-20, java.home=C:\Users\yashaswini.hs\Downloads\sts-5.1.1.RELEASE\plugins\org.eclipse.justj.openjdk.hotspot.jre.full.win32.x86_64_25.0.2.v20260203-1141\jre, file.separator=\, java.vm.compressedOopsMode=Zero based, line.separator=
, java.vm.specification.vendor=Oracle Corporation, java.specification.name=Java Platform API Specification, hibernate.hbm2ddl.auto=update, user.script=, sun.management.compiler=HotSpot 64-Bit Tiered Compilers, java.runtime.version=25.0.2+10-LTS, user.name=yashaswini.hs, stdout.encoding=UTF-8, path.separator=;, hibernate.connection.username=****, os.version=10.0, java.runtime.name=OpenJDK Runtime Environment, hibernate.connection.url=jdbc:mysql://localhost:3306/mla, file.encoding=UTF-8, format_sql=true, java.vm.name=OpenJDK 64-Bit Server VM, hibernate.show_sql=true, java.vendor.version=Temurin-25.0.2+10, show_sql=true, hibernate.connection.driver_class=com.mysql.cj.jdbc.Driver, java.vendor.url.bug=https://github.com/adoptium/adoptium-support/issues, java.io.tmpdir=C:\Users\YASHAS~1.HS\AppData\Local\Temp\, java.version=25.0.2, user.dir=C:\Users\yashaswini.hs\Desktop\Spring-advance\HibernateInheritance2, os.arch=amd64, java.vm.specification.name=Java Virtual Machine Specification, hibernate.connection.password=****, sun.os.patch.level=, hibernate.boot.CfgXmlAccessService.key=org.hibernate.boot.cfgxml.spi.LoadedConfig@353f472a, native.encoding=Cp1252, java.library.path=C:\Users\yashaswini.hs\Downloads\sts-5.1.1.RELEASE\plugins\org.eclipse.justj.openjdk.hotspot.jre.full.win32.x86_64_25.0.2.v20260203-1141\jre\bin;C:\WINDOWS\Sun\Java\bin;C:\WINDOWS\system32;C:\WINDOWS;C:/Users/yashaswini.hs/Downloads/sts-5.1.1.RELEASE//plugins/org.eclipse.justj.openjdk.hotspot.jre.full.win32.x86_64_25.0.2.v20260203-1141/jre/bin/server;C:/Users/yashaswini.hs/Downloads/sts-5.1.1.RELEASE//plugins/org.eclipse.justj.openjdk.hotspot.jre.full.win32.x86_64_25.0.2.v20260203-1141/jre/bin;C:\Program Files\Microsoft\jdk-11.0.23.9-hotspot\bin;C:\Program Files\Microsoft\jdk-17.0.15.6-hotspot\bin;C:\Program Files\Python313\Scripts\;C:\Program Files\Python313\;%SystemRoot%\system32;%SystemRoot%;%SystemRoot%\System32\Wbem;%SYSTEMROOT%\System32\WindowsPowerShell\v1.0\;%SYSTEMROOT%\System32\OpenSSH\;C:\Program Files\Git\cmd;C:\Program Files\dotnet\;C:\Program Files\apache-maven-3.9.10\bin;C:\Program Files\nodejs\;C:\Program Files\Microsoft VS Code\bin;C:\Program Files\PuTTY\;C:\Program Files (x86)\Microsoft SQL Server\160\DTS\Binn\;C:\Program Files (x86)\Microsoft SQL Server\160\Tools\Binn\;C:\Program Files\Microsoft SQL Server\160\Tools\Binn\;C:\Program Files\Microsoft SQL Server\Client SDK\ODBC\170\Tools\Binn\;C:\Program Files\Microsoft SQL Server\160\DTS\Binn\;C:\Program Files\apache-maven-3.9.10\bin;C:\Program Files\apache-maven-3.9.10\bin;C:\Program Files\apache-maven-3.9.10\bin;C:\Users\yashaswini.hs\AppData\Local\Microsoft\WindowsApps;;C:\Users\yashaswini.hs\Downloads\sts-5.1.1.RELEASE;;., stderr.encoding=UTF-8, java.vendor=Eclipse Adoptium, java.vm.info=mixed mode, sharing, stdin.encoding=Cp1252, java.vm.version=25.0.2+10-LTS, sun.io.unicode.encoding=UnicodeLittle, java.class.version=69.0}
2026-03-25 15:48:45 DEBUG HQL_FUNCTIONS:155 - Available HQL Functions:
	abs(NUMERIC arg)
	Double acos(NUMERIC arg)
	adddate(DATE datetime, INTEGER days)
	addtime(TIME datetime, TIME time)
	Boolean any(BOOLEAN arg)
	Integer ascii(STRING arg)
	Double asin(NUMERIC arg)
	Double atan(NUMERIC arg)
	Double atan2(NUMERIC arg0, NUMERIC arg1)
	avg(arg)
	bit_and(arg)
	Integer bit_length(STRING_OR_CLOB arg)
	bit_or(arg)
	bitand(arg0, arg1)
	bitnot(arg)
	bitor(arg0, arg1)
	bitxor(arg0, arg1)
	cast(arg as Type)
	ceiling(NUMERIC arg)
	Character char(INTEGER arg)
	Integer character_length(STRING_OR_CLOB arg)
	Character chr(INTEGER arg)
	coalesce(arg0[, arg1[, ...]])
	String collate(STRING string as COLLATION collation)
	String concat(STRING string0[, STRING string1[, ...]])
	Double cos(NUMERIC arg)
	Double cosh(NUMERIC arg)
	Double cot(NUMERIC arg)
	Long count([distinct ]{arg|*})
	Integer crc32(arg)
	Double cume_dist([arg0[, ...]])
	Date curdate()
	Date current date
	Date current time
	Date current timestamp
	Date current_date
	Instant current_instant
	Date current_time
	Date current_timestamp
	Date curtime()
	Date date(arg)
	dateadd(TEMPORAL_UNIT field, INTEGER magnitude, TEMPORAL datetime)
	Integer datediff(DATE end, DATE start)
	Integer day(DATE arg)
	String dayname(DATE arg)
	Integer dayofmonth(DATE arg)
	Integer dayofweek(DATE arg)
	Integer dayofyear(DATE arg)
	Double degrees(NUMERIC arg)
	Long dense_rank([arg0[, ...]])
	Boolean every(BOOLEAN arg)
	Double exp(NUMERIC arg)
	extract(TEMPORAL_UNIT field from TEMPORAL arg)
	first_valueANY value
	floor(NUMERIC arg)
	String format(TEMPORAL datetime as STRING pattern)
	greatest(COMPARABLE arg0, COMPARABLE arg1[, arg2[, ...]])
	String hex(arg)
	Integer hour(TIME arg)
	ifnull(arg0, arg1)
	String insert(STRING string, INTEGER start, INTEGER length, STRING replacement)
	Instant instant
	Integer instr(STRING string, STRING pattern[, INTEGER start[, INTEGER occurrence]])
	String json_array([arg0[, ...]])
	String json_array_append(IMPLICIT_JSON arg0, STRING arg1, ANY arg2)
	String json_array_insert(IMPLICIT_JSON arg0, STRING arg1, ANY arg2)
	String json_arrayagg(arg0[, arg1])
	Boolean json_exists(IMPLICIT_JSON arg0, STRING arg1)
	String json_insert(IMPLICIT_JSON arg0, STRING arg1, ANY arg2)
	String json_mergepatch(IMPLICIT_JSON arg0, IMPLICIT_JSON arg1[, arg2[, ...]])
	String json_object( ... )
	String json_objectagg(arg0, arg1[, arg2, arg3])
	String json_query( ... )
	String json_remove(IMPLICIT_JSON arg0, STRING arg1)
	String json_replace(IMPLICIT_JSON arg0, STRING arg1, ANY arg2)
	String json_set(IMPLICIT_JSON arg0, STRING arg1, ANY arg2)
	json_value( ... )
	lagANY value[, INTEGER offset[, ANY default]]
	Date last_day(DATE arg)
	last_valueANY value
	leadANY value[, INTEGER offset[, ANY default]]
	least(COMPARABLE arg0, COMPARABLE arg1[, arg2[, ...]])
	String left(STRING string, INTEGER length)
	Integer length(STRING_OR_CLOB arg)
	String listagg(STRING arg0, STRING arg1)
	Double ln(NUMERIC arg)
	LocalDate local date
	LocalDateTime local datetime
	LocalTime local time
	LocalDate local_date
	LocalDateTime local_datetime
	LocalTime local_time
	Date localtime
	Date localtimestamp
	Integer locate(STRING pattern, STRING string[, INTEGER start])
	Double log(NUMERIC arg0[, NUMERIC arg1])
	Double log10(NUMERIC arg)
	Double log2(NUMERIC arg)
	String lower(STRING string)
	String lpad(string, length[, padding])
	String ltrim(STRING string[, STRING characters])
	Date makedate(INTEGER year, INTEGER dayofyear)
	Date maketime(INTEGER hour, INTEGER min, INTEGER sec)
	max(COMPARABLE arg)
	byte[] md5(arg)
	Integer microsecond(TIME arg)
	min(COMPARABLE arg)
	Integer minute(TIME arg)
	Integer mod(INTEGER arg0, INTEGER arg1)
	Integer month(DATE arg)
	String monthname(DATE arg)
	Date now()
	nth_valueANY value, INTEGER nth
	nullif(arg0, arg1)
	Integer octet_length(STRING_OR_CLOB arg)
	OffsetDateTime offset datetime
	OffsetDateTime offset_datetime
	Integer ordinal(ENUM arg)
	String overlay(STRING string placing STRING replacement from INTEGER start[ for INTEGER length])
	String pad(STRING string with INTEGER length {leading|trailing}[ STRING character])
	Double percent_rank([arg0[, ...]])
	Double pi
	Integer position(STRING pattern in STRING string)
	Double power(NUMERIC arg0, NUMERIC arg1)
	Integer quarter(DATE arg)
	Double radians(NUMERIC arg)
	Double rand([INTEGER seed])
	Long rank([arg0[, ...]])
	Boolean regexp_like(STRING arg0, STRING arg1[, STRING arg2])
	String repeat(STRING string, INTEGER times)
	String replace(STRING string, STRING pattern, STRING replacement)
	String reverse(STRING arg)
	String right(STRING string, INTEGER length)
	round(NUMERIC number[, INTEGER places])
	Long row_number()
	String rpad(string, length[, padding])
	String rtrim(STRING string[, STRING characters])
	Integer second(TIME arg)
	byte[] sha(arg)
	String sha1(arg)
	String sha2(arg0, arg1)
	Integer sign(NUMERIC arg)
	Double sin(NUMERIC arg)
	Double sinh(NUMERIC arg)
	String soundex(arg)
	String space(INTEGER arg)
	sql
	Double sqrt(NUMERIC arg)
	Double stddev(NUMERIC arg)
	Double stddev_pop(NUMERIC arg)
	Double stddev_samp(NUMERIC arg)
	String str(arg)
	String string(ENUM arg)
	subdate(DATE datetime, INTEGER days)
	String substr(STRING string, INTEGER start[, INTEGER length])
	String substring(STRING string{ from|,} INTEGER start[{ for|,} INTEGER length])
	subtime(TIME datetime, TIME time)
	sum(arg)
	Date sysdate()
	Double tan(NUMERIC arg)
	Double tanh(NUMERIC arg)
	String time(arg)
	Date timestamp(arg0[, arg1])
	timestampadd(TEMPORAL_UNIT field, INTEGER magnitude, TEMPORAL datetime)
	Long|Double timestampdiff(TEMPORAL_UNIT field, TEMPORAL start, TEMPORAL end)
	String trim([[{leading|trailing|both} ][STRING arg0 ]from] STRING arg1)
	trunc( ... )
	truncate( ... )
	String upper(STRING string)
	Date utc_date
	Date utc_time
	Date utc_timestamp
	Double var_pop(NUMERIC arg)
	Double var_samp(NUMERIC arg)
	Double variance(NUMERIC arg)
	Integer week(DATE arg)
	Integer year(DATE arg)

2026-03-25 15:48:45 DEBUG core:211 - HHH000513: Unable to create the ReflectionOptimizer for [com.test.Movie]: private accessor [m_location]
2026-03-25 15:48:46 DEBUG core:211 - HHH000513: Unable to create the ReflectionOptimizer for [com.test.ThreeD]: private accessor [m_location]
2026-03-25 15:48:46 DEBUG core:211 - HHH000513: Unable to create the ReflectionOptimizer for [com.test.TwoD]: private accessor [m_location]
2026-03-25 15:48:46 INFO  core:53 - HHH000489: No JTA platform available (set 'hibernate.transaction.jta.platform' to enable JTA platform integration)
2026-03-25 15:48:46 DEBUG service:102 - HHH010454: EventListenerRegistry access via ServiceRegistry is deprecated - use 'sessionFactory.getEventEngine().getListenerRegistry()' instead
2026-03-25 15:48:46 DEBUG SQL:126 - 
    create table movies (
        id integer not null,
        m_location varchar(255),
        m_name varchar(255),
        primary key (id)
    ) engine=InnoDB
2026-03-25 15:48:46 DEBUG Table:101 - No alter strings for table: movies_SEQ
2026-03-25 15:48:46 DEBUG Table:101 - No alter strings for table: toD
2026-03-25 15:48:46 DEBUG Table:101 - No alter strings for table: triD
2026-03-25 15:48:46 DEBUG factoryRegistry:86 - HHH020384: Registering SessionFactory [1ef6b0b8-c2bf-4095-aa00-aea00cf667e9] (<unnamed>)
2026-03-25 15:48:46 DEBUG core:151 - HHH006588: Opening session [tenant=null]
2026-03-25 15:48:46 DEBUG core:74 - HHH006583: Beginning transaction
2026-03-25 15:48:46 DEBUG SQL:126 - 
    select
        next_val as id_val 
    from
        movies_SEQ 
    for
        update
2026-03-25 15:48:46 DEBUG SQL:126 - 
    update
        movies_SEQ 
    set
        next_val= ? 
    where
        next_val=?
2026-03-25 15:48:46 DEBUG core:87 - HHH006584: Committing transaction
2026-03-25 15:48:46 DEBUG event:98 - HHH90060071: Flushed: 3 insertions, 0 updates, 0 deletions to 3 objects
2026-03-25 15:48:46 DEBUG event:104 - HHH90060072: Flushed: 0 (re)creations, 0 updates, 0 removals to 0 collections
2026-03-25 15:48:46 DEBUG core:102 - Listing entities:
2026-03-25 15:48:46 DEBUG core:111 - com.test.Movie{m_name=magadeera, id=102, m_location=India}
2026-03-25 15:48:46 DEBUG core:111 - com.test.TwoD{m_name=KGF, casting=yash, id=103, m_location=null}
2026-03-25 15:48:46 DEBUG core:111 - com.test.ThreeD{m_name=AI animation, director=Upendra, id=104, m_location=null}
2026-03-25 15:48:46 DEBUG SQL:126 - 
    insert 
    into
        movies
        (m_location, m_name, id) 
    values
        (?, ?, ?)
2026-03-25 15:48:46 DEBUG SQL:126 - 
    insert 
    into
        toD
        (m_location, m_name, casting, id) 
    values
        (?, ?, ?, ?)
2026-03-25 15:48:46 DEBUG SQL:126 - 
    insert 
    into
        triD
        (m_location, m_name, director, id) 
    values
        (?, ?, ?, ?)
2026-03-25 15:49:36 DEBUG service:41 - HHH010455: Adding integrator: org.hibernate.boot.beanvalidation.BeanValidationIntegrator
2026-03-25 15:49:36 DEBUG service:41 - HHH010455: Adding integrator: org.hibernate.cache.internal.CollectionCacheInvalidator
2026-03-25 15:49:36 INFO  core:41 - HHH000001: Hibernate ORM core version 7.3.0.Final
2026-03-25 15:49:36 DEBUG core:155 - HHH000206: 'hibernate.properties' not found
2026-03-25 15:49:36 DEBUG boot:97 - HHH160204: cfg.xml document did not define namespaces; wrapping in custom event reader to introduce namespace information
2026-03-25 15:49:37 DEBUG cache:116 - HHH90001031: Cannot default RegionFactory since no RegionFactory strategies were registered
2026-03-25 15:49:37 DEBUG cache:46 - HHH90001029: Second-level cache disabled
2026-03-25 15:49:37 WARN  pooling:86 - HHH10001002: Using built-in connection pool (not intended for production use)
2026-03-25 15:49:37 DEBUG pooling:34 - HHH10001014: Initializing connection pool with 1 connections
2026-03-25 15:49:37 DEBUG jdbc:457 - HHH100017: Database:
	name: MySQL
	version: 8.0.42
	major: 8
	minor: 0
2026-03-25 15:49:37 DEBUG jdbc:463 - HHH100018: Driver:
	name: MySQL Connector/J
	version: mysql-connector-j-8.0.33 (Revision: 7d6b0800528b6b25c68b52dc10d6c1c8429c100c)
	major: 8
	minor: 0
	JDBC version: 4.2
2026-03-25 15:49:37 WARN  deprecation:152 - HHH90000025: MySQLDialect does not need to be specified explicitly using 'hibernate.dialect' (remove the property setting and it will be selected by default)
2026-03-25 15:49:37 DEBUG dialect:93 - HHH035001: Using dialect: org.hibernate.dialect.MySQLDialect, version: 8.0.42
2026-03-25 15:49:37 DEBUG IdentifierHelperBuilder:205 - IdentifierCaseStrategy for both quoted and unquoted identifiers was set to the same strategy [LOWER]; that will likely lead to problems in schema update and validation if using quoted identifiers
2026-03-25 15:49:37 DEBUG jdbc:379 - HHH100122: Using default JDBC fetch size: 0
2026-03-25 15:49:37 INFO  pooling:179 - HHH10001005: Database info:
	Database JDBC URL [jdbc:mysql://localhost:3306/mla]
	Database driver: MySQL Connector/J
	Database dialect: MySQLDialect
	Database version: 8.0.42
	Default catalog/schema: mla/undefined
	Autocommit mode: false
	Isolation level: REPEATABLE_READ
	JDBC fetch size: none
	Pool: DriverManagerConnectionProvider
	Minimum pool size: 1
	Maximum pool size: 20
2026-03-25 15:49:38 DEBUG factory:230 - HHH90020001: Instantiating factory [91fd70da-c74e-45a3-b7a8-bf594e678821] with settings: {hibernate.format_sql=true, java.specification.version=25, sun.cpu.isalist=amd64, sun.jnu.encoding=Cp1252, hibernate.dialect=org.hibernate.dialect.MySQLDialect, java.class.path=C:\Users\yashaswini.hs\Desktop\Spring-advance\HibernateInheritance2\target\classes;C:\Users\yashaswini.hs\.m2\repository\com\mysql\mysql-connector-j\8.0.33\mysql-connector-j-8.0.33.jar;C:\Users\yashaswini.hs\.m2\repository\com\google\protobuf\protobuf-java\3.21.9\protobuf-java-3.21.9.jar;C:\Users\yashaswini.hs\.m2\repository\org\hibernate\orm\hibernate-core\7.3.0.Final\hibernate-core-7.3.0.Final.jar;C:\Users\yashaswini.hs\.m2\repository\jakarta\persistence\jakarta.persistence-api\3.2.0\jakarta.persistence-api-3.2.0.jar;C:\Users\yashaswini.hs\.m2\repository\jakarta\transaction\jakarta.transaction-api\2.0.1\jakarta.transaction-api-2.0.1.jar;C:\Users\yashaswini.hs\.m2\repository\org\jboss\logging\jboss-logging\3.6.1.Final\jboss-logging-3.6.1.Final.jar;C:\Users\yashaswini.hs\.m2\repository\org\hibernate\models\hibernate-models\1.1.0\hibernate-models-1.1.0.jar;C:\Users\yashaswini.hs\.m2\repository\net\bytebuddy\byte-buddy\1.18.7\byte-buddy-1.18.7.jar;C:\Users\yashaswini.hs\.m2\repository\jakarta\xml\bind\jakarta.xml.bind-api\4.0.4\jakarta.xml.bind-api-4.0.4.jar;C:\Users\yashaswini.hs\.m2\repository\jakarta\activation\jakarta.activation-api\2.1.4\jakarta.activation-api-2.1.4.jar;C:\Users\yashaswini.hs\.m2\repository\org\glassfish\jaxb\jaxb-runtime\4.0.6\jaxb-runtime-4.0.6.jar;C:\Users\yashaswini.hs\.m2\repository\org\glassfish\jaxb\jaxb-core\4.0.6\jaxb-core-4.0.6.jar;C:\Users\yashaswini.hs\.m2\repository\org\eclipse\angus\angus-activation\2.0.3\angus-activation-2.0.3.jar;C:\Users\yashaswini.hs\.m2\repository\org\glassfish\jaxb\txw2\4.0.6\txw2-4.0.6.jar;C:\Users\yashaswini.hs\.m2\repository\com\sun\istack\istack-commons-runtime\4.1.2\istack-commons-runtime-4.1.2.jar;C:\Users\yashaswini.hs\.m2\repository\jakarta\inject\jakarta.inject-api\2.0.1\jakarta.inject-api-2.0.1.jar;C:\Users\yashaswini.hs\.m2\repository\org\antlr\antlr4-runtime\4.13.2\antlr4-runtime-4.13.2.jar;C:\Users\yashaswini.hs\.m2\repository\org\apache\logging\log4j\log4j-core\2.17.1\log4j-core-2.17.1.jar;C:\Users\yashaswini.hs\.m2\repository\org\apache\logging\log4j\log4j-api\2.17.1\log4j-api-2.17.1.jar;C:\Users\yashaswini.hs\.m2\repository\org\apache\logging\log4j\log4j-slf4j-impl\2.17.1\log4j-slf4j-impl-2.17.1.jar;C:\Users\yashaswini.hs\.m2\repository\org\slf4j\slf4j-api\1.7.25\slf4j-api-1.7.25.jar, java.vm.vendor=Eclipse Adoptium, sun.arch.data.model=64, hbm2ddl.auto=update, user.variant=, java.vendor.url=https://adoptium.net/, user.timezone=Asia/Calcutta, java.vm.specification.version=25, os.name=Windows 11, sun.java.launcher=SUN_STANDARD, user.country=US, sun.boot.library.path=C:\Users\yashaswini.hs\Downloads\sts-5.1.1.RELEASE\plugins\org.eclipse.justj.openjdk.hotspot.jre.full.win32.x86_64_25.0.2.v20260203-1141\jre\bin, sun.java.command=com.test.Demo, jdk.debug=release, sun.cpu.endian=little, user.home=C:\Users\yashaswini.hs, user.language=en, java.specification.vendor=Oracle Corporation, java.version.date=2026-01-20, java.home=C:\Users\yashaswini.hs\Downloads\sts-5.1.1.RELEASE\plugins\org.eclipse.justj.openjdk.hotspot.jre.full.win32.x86_64_25.0.2.v20260203-1141\jre, file.separator=\, java.vm.compressedOopsMode=Zero based, line.separator=
, java.vm.specification.vendor=Oracle Corporation, java.specification.name=Java Platform API Specification, hibernate.hbm2ddl.auto=update, user.script=, sun.management.compiler=HotSpot 64-Bit Tiered Compilers, java.runtime.version=25.0.2+10-LTS, user.name=yashaswini.hs, stdout.encoding=UTF-8, path.separator=;, hibernate.connection.username=****, os.version=10.0, java.runtime.name=OpenJDK Runtime Environment, hibernate.connection.url=jdbc:mysql://localhost:3306/mla, file.encoding=UTF-8, format_sql=true, java.vm.name=OpenJDK 64-Bit Server VM, hibernate.show_sql=true, java.vendor.version=Temurin-25.0.2+10, show_sql=true, hibernate.connection.driver_class=com.mysql.cj.jdbc.Driver, java.vendor.url.bug=https://github.com/adoptium/adoptium-support/issues, java.io.tmpdir=C:\Users\YASHAS~1.HS\AppData\Local\Temp\, java.version=25.0.2, user.dir=C:\Users\yashaswini.hs\Desktop\Spring-advance\HibernateInheritance2, os.arch=amd64, java.vm.specification.name=Java Virtual Machine Specification, hibernate.connection.password=****, sun.os.patch.level=, hibernate.boot.CfgXmlAccessService.key=org.hibernate.boot.cfgxml.spi.LoadedConfig@5bf9ea6b, native.encoding=Cp1252, java.library.path=C:\Users\yashaswini.hs\Downloads\sts-5.1.1.RELEASE\plugins\org.eclipse.justj.openjdk.hotspot.jre.full.win32.x86_64_25.0.2.v20260203-1141\jre\bin;C:\WINDOWS\Sun\Java\bin;C:\WINDOWS\system32;C:\WINDOWS;C:/Users/yashaswini.hs/Downloads/sts-5.1.1.RELEASE//plugins/org.eclipse.justj.openjdk.hotspot.jre.full.win32.x86_64_25.0.2.v20260203-1141/jre/bin/server;C:/Users/yashaswini.hs/Downloads/sts-5.1.1.RELEASE//plugins/org.eclipse.justj.openjdk.hotspot.jre.full.win32.x86_64_25.0.2.v20260203-1141/jre/bin;C:\Program Files\Microsoft\jdk-11.0.23.9-hotspot\bin;C:\Program Files\Microsoft\jdk-17.0.15.6-hotspot\bin;C:\Program Files\Python313\Scripts\;C:\Program Files\Python313\;%SystemRoot%\system32;%SystemRoot%;%SystemRoot%\System32\Wbem;%SYSTEMROOT%\System32\WindowsPowerShell\v1.0\;%SYSTEMROOT%\System32\OpenSSH\;C:\Program Files\Git\cmd;C:\Program Files\dotnet\;C:\Program Files\apache-maven-3.9.10\bin;C:\Program Files\nodejs\;C:\Program Files\Microsoft VS Code\bin;C:\Program Files\PuTTY\;C:\Program Files (x86)\Microsoft SQL Server\160\DTS\Binn\;C:\Program Files (x86)\Microsoft SQL Server\160\Tools\Binn\;C:\Program Files\Microsoft SQL Server\160\Tools\Binn\;C:\Program Files\Microsoft SQL Server\Client SDK\ODBC\170\Tools\Binn\;C:\Program Files\Microsoft SQL Server\160\DTS\Binn\;C:\Program Files\apache-maven-3.9.10\bin;C:\Program Files\apache-maven-3.9.10\bin;C:\Program Files\apache-maven-3.9.10\bin;C:\Users\yashaswini.hs\AppData\Local\Microsoft\WindowsApps;;C:\Users\yashaswini.hs\Downloads\sts-5.1.1.RELEASE;;., stderr.encoding=UTF-8, java.vendor=Eclipse Adoptium, java.vm.info=mixed mode, sharing, stdin.encoding=Cp1252, java.vm.version=25.0.2+10-LTS, sun.io.unicode.encoding=UnicodeLittle, java.class.version=69.0}
2026-03-25 15:49:38 DEBUG HQL_FUNCTIONS:155 - Available HQL Functions:
	abs(NUMERIC arg)
	Double acos(NUMERIC arg)
	adddate(DATE datetime, INTEGER days)
	addtime(TIME datetime, TIME time)
	Boolean any(BOOLEAN arg)
	Integer ascii(STRING arg)
	Double asin(NUMERIC arg)
	Double atan(NUMERIC arg)
	Double atan2(NUMERIC arg0, NUMERIC arg1)
	avg(arg)
	bit_and(arg)
	Integer bit_length(STRING_OR_CLOB arg)
	bit_or(arg)
	bitand(arg0, arg1)
	bitnot(arg)
	bitor(arg0, arg1)
	bitxor(arg0, arg1)
	cast(arg as Type)
	ceiling(NUMERIC arg)
	Character char(INTEGER arg)
	Integer character_length(STRING_OR_CLOB arg)
	Character chr(INTEGER arg)
	coalesce(arg0[, arg1[, ...]])
	String collate(STRING string as COLLATION collation)
	String concat(STRING string0[, STRING string1[, ...]])
	Double cos(NUMERIC arg)
	Double cosh(NUMERIC arg)
	Double cot(NUMERIC arg)
	Long count([distinct ]{arg|*})
	Integer crc32(arg)
	Double cume_dist([arg0[, ...]])
	Date curdate()
	Date current date
	Date current time
	Date current timestamp
	Date current_date
	Instant current_instant
	Date current_time
	Date current_timestamp
	Date curtime()
	Date date(arg)
	dateadd(TEMPORAL_UNIT field, INTEGER magnitude, TEMPORAL datetime)
	Integer datediff(DATE end, DATE start)
	Integer day(DATE arg)
	String dayname(DATE arg)
	Integer dayofmonth(DATE arg)
	Integer dayofweek(DATE arg)
	Integer dayofyear(DATE arg)
	Double degrees(NUMERIC arg)
	Long dense_rank([arg0[, ...]])
	Boolean every(BOOLEAN arg)
	Double exp(NUMERIC arg)
	extract(TEMPORAL_UNIT field from TEMPORAL arg)
	first_valueANY value
	floor(NUMERIC arg)
	String format(TEMPORAL datetime as STRING pattern)
	greatest(COMPARABLE arg0, COMPARABLE arg1[, arg2[, ...]])
	String hex(arg)
	Integer hour(TIME arg)
	ifnull(arg0, arg1)
	String insert(STRING string, INTEGER start, INTEGER length, STRING replacement)
	Instant instant
	Integer instr(STRING string, STRING pattern[, INTEGER start[, INTEGER occurrence]])
	String json_array([arg0[, ...]])
	String json_array_append(IMPLICIT_JSON arg0, STRING arg1, ANY arg2)
	String json_array_insert(IMPLICIT_JSON arg0, STRING arg1, ANY arg2)
	String json_arrayagg(arg0[, arg1])
	Boolean json_exists(IMPLICIT_JSON arg0, STRING arg1)
	String json_insert(IMPLICIT_JSON arg0, STRING arg1, ANY arg2)
	String json_mergepatch(IMPLICIT_JSON arg0, IMPLICIT_JSON arg1[, arg2[, ...]])
	String json_object( ... )
	String json_objectagg(arg0, arg1[, arg2, arg3])
	String json_query( ... )
	String json_remove(IMPLICIT_JSON arg0, STRING arg1)
	String json_replace(IMPLICIT_JSON arg0, STRING arg1, ANY arg2)
	String json_set(IMPLICIT_JSON arg0, STRING arg1, ANY arg2)
	json_value( ... )
	lagANY value[, INTEGER offset[, ANY default]]
	Date last_day(DATE arg)
	last_valueANY value
	leadANY value[, INTEGER offset[, ANY default]]
	least(COMPARABLE arg0, COMPARABLE arg1[, arg2[, ...]])
	String left(STRING string, INTEGER length)
	Integer length(STRING_OR_CLOB arg)
	String listagg(STRING arg0, STRING arg1)
	Double ln(NUMERIC arg)
	LocalDate local date
	LocalDateTime local datetime
	LocalTime local time
	LocalDate local_date
	LocalDateTime local_datetime
	LocalTime local_time
	Date localtime
	Date localtimestamp
	Integer locate(STRING pattern, STRING string[, INTEGER start])
	Double log(NUMERIC arg0[, NUMERIC arg1])
	Double log10(NUMERIC arg)
	Double log2(NUMERIC arg)
	String lower(STRING string)
	String lpad(string, length[, padding])
	String ltrim(STRING string[, STRING characters])
	Date makedate(INTEGER year, INTEGER dayofyear)
	Date maketime(INTEGER hour, INTEGER min, INTEGER sec)
	max(COMPARABLE arg)
	byte[] md5(arg)
	Integer microsecond(TIME arg)
	min(COMPARABLE arg)
	Integer minute(TIME arg)
	Integer mod(INTEGER arg0, INTEGER arg1)
	Integer month(DATE arg)
	String monthname(DATE arg)
	Date now()
	nth_valueANY value, INTEGER nth
	nullif(arg0, arg1)
	Integer octet_length(STRING_OR_CLOB arg)
	OffsetDateTime offset datetime
	OffsetDateTime offset_datetime
	Integer ordinal(ENUM arg)
	String overlay(STRING string placing STRING replacement from INTEGER start[ for INTEGER length])
	String pad(STRING string with INTEGER length {leading|trailing}[ STRING character])
	Double percent_rank([arg0[, ...]])
	Double pi
	Integer position(STRING pattern in STRING string)
	Double power(NUMERIC arg0, NUMERIC arg1)
	Integer quarter(DATE arg)
	Double radians(NUMERIC arg)
	Double rand([INTEGER seed])
	Long rank([arg0[, ...]])
	Boolean regexp_like(STRING arg0, STRING arg1[, STRING arg2])
	String repeat(STRING string, INTEGER times)
	String replace(STRING string, STRING pattern, STRING replacement)
	String reverse(STRING arg)
	String right(STRING string, INTEGER length)
	round(NUMERIC number[, INTEGER places])
	Long row_number()
	String rpad(string, length[, padding])
	String rtrim(STRING string[, STRING characters])
	Integer second(TIME arg)
	byte[] sha(arg)
	String sha1(arg)
	String sha2(arg0, arg1)
	Integer sign(NUMERIC arg)
	Double sin(NUMERIC arg)
	Double sinh(NUMERIC arg)
	String soundex(arg)
	String space(INTEGER arg)
	sql
	Double sqrt(NUMERIC arg)
	Double stddev(NUMERIC arg)
	Double stddev_pop(NUMERIC arg)
	Double stddev_samp(NUMERIC arg)
	String str(arg)
	String string(ENUM arg)
	subdate(DATE datetime, INTEGER days)
	String substr(STRING string, INTEGER start[, INTEGER length])
	String substring(STRING string{ from|,} INTEGER start[{ for|,} INTEGER length])
	subtime(TIME datetime, TIME time)
	sum(arg)
	Date sysdate()
	Double tan(NUMERIC arg)
	Double tanh(NUMERIC arg)
	String time(arg)
	Date timestamp(arg0[, arg1])
	timestampadd(TEMPORAL_UNIT field, INTEGER magnitude, TEMPORAL datetime)
	Long|Double timestampdiff(TEMPORAL_UNIT field, TEMPORAL start, TEMPORAL end)
	String trim([[{leading|trailing|both} ][STRING arg0 ]from] STRING arg1)
	trunc( ... )
	truncate( ... )
	String upper(STRING string)
	Date utc_date
	Date utc_time
	Date utc_timestamp
	Double var_pop(NUMERIC arg)
	Double var_samp(NUMERIC arg)
	Double variance(NUMERIC arg)
	Integer week(DATE arg)
	Integer year(DATE arg)

2026-03-25 15:49:38 DEBUG core:211 - HHH000513: Unable to create the ReflectionOptimizer for [com.test.Movie]: private accessor [m_location]
2026-03-25 15:49:38 DEBUG core:211 - HHH000513: Unable to create the ReflectionOptimizer for [com.test.ThreeD]: private accessor [m_location]
2026-03-25 15:49:38 DEBUG core:211 - HHH000513: Unable to create the ReflectionOptimizer for [com.test.TwoD]: private accessor [m_location]
2026-03-25 15:49:38 INFO  core:53 - HHH000489: No JTA platform available (set 'hibernate.transaction.jta.platform' to enable JTA platform integration)
2026-03-25 15:49:38 DEBUG service:102 - HHH010454: EventListenerRegistry access via ServiceRegistry is deprecated - use 'sessionFactory.getEventEngine().getListenerRegistry()' instead
2026-03-25 15:49:38 DEBUG Table:101 - No alter strings for table: movies
2026-03-25 15:49:38 DEBUG Table:101 - No alter strings for table: movies_SEQ
2026-03-25 15:49:38 DEBUG Table:101 - No alter strings for table: toD
2026-03-25 15:49:38 DEBUG Table:101 - No alter strings for table: triD
2026-03-25 15:49:38 DEBUG SQL:126 - 
    alter table toD 
       add constraint FKom17t73ybp9sh473reaswkeqc 
       foreign key (id) 
       references movies (id)
2026-03-25 15:49:39 WARN  ExceptionHandlerLoggedImpl:25 - GenerationTarget encountered exception accepting command : Error executing DDL "
    alter table toD 
       add constraint FKom17t73ybp9sh473reaswkeqc 
       foreign key (id) 
       references movies (id)" via JDBC [Cannot add or update a child row: a foreign key constraint fails (`mla`.`#sql-1b34_94`, CONSTRAINT `FKom17t73ybp9sh473reaswkeqc` FOREIGN KEY (`id`) REFERENCES `movies` (`id`))]
org.hibernate.tool.schema.spi.CommandAcceptanceException: Error executing DDL "
    alter table toD 
       add constraint FKom17t73ybp9sh473reaswkeqc 
       foreign key (id) 
       references movies (id)" via JDBC [Cannot add or update a child row: a foreign key constraint fails (`mla`.`#sql-1b34_94`, CONSTRAINT `FKom17t73ybp9sh473reaswkeqc` FOREIGN KEY (`id`) REFERENCES `movies` (`id`))]
	at org.hibernate.tool.schema.internal.exec.GenerationTargetToDatabase.accept(GenerationTargetToDatabase.java:81) ~[hibernate-core-7.3.0.Final.jar:7.3.0.Final]
	at org.hibernate.tool.schema.internal.AbstractSchemaMigrator.applySqlString(AbstractSchemaMigrator.java:566) [hibernate-core-7.3.0.Final.jar:7.3.0.Final]
	at org.hibernate.tool.schema.internal.AbstractSchemaMigrator.applySqlStrings(AbstractSchemaMigrator.java:506) [hibernate-core-7.3.0.Final.jar:7.3.0.Final]
	at org.hibernate.tool.schema.internal.AbstractSchemaMigrator.applyForeignKeys(AbstractSchemaMigrator.java:438) [hibernate-core-7.3.0.Final.jar:7.3.0.Final]
	at org.hibernate.tool.schema.internal.AbstractSchemaMigrator.performMigration(AbstractSchemaMigrator.java:256) [hibernate-core-7.3.0.Final.jar:7.3.0.Final]
	at org.hibernate.tool.schema.internal.AbstractSchemaMigrator.doMigration(AbstractSchemaMigrator.java:96) [hibernate-core-7.3.0.Final.jar:7.3.0.Final]
	at org.hibernate.tool.schema.spi.SchemaManagementToolCoordinator.performDatabaseAction(SchemaManagementToolCoordinator.java:269) [hibernate-core-7.3.0.Final.jar:7.3.0.Final]
	at org.hibernate.tool.schema.spi.SchemaManagementToolCoordinator.lambda$process$1(SchemaManagementToolCoordinator.java:101) [hibernate-core-7.3.0.Final.jar:7.3.0.Final]
	at java.util.HashMap.forEach(HashMap.java:1430) [?:?]
	at org.hibernate.tool.schema.spi.SchemaManagementToolCoordinator.process(SchemaManagementToolCoordinator.java:100) [hibernate-core-7.3.0.Final.jar:7.3.0.Final]
	at org.hibernate.boot.internal.SessionFactoryObserverForSchemaExport.sessionFactoryCreated(SessionFactoryObserverForSchemaExport.java:35) [hibernate-core-7.3.0.Final.jar:7.3.0.Final]
	at org.hibernate.internal.SessionFactoryObserverChain.sessionFactoryCreated(SessionFactoryObserverChain.java:33) [hibernate-core-7.3.0.Final.jar:7.3.0.Final]
	at org.hibernate.internal.SessionFactoryImpl.<init>(SessionFactoryImpl.java:323) [hibernate-core-7.3.0.Final.jar:7.3.0.Final]
	at org.hibernate.internal.SessionFactoryRegistry.instantiateSessionFactory(SessionFactoryRegistry.java:64) [hibernate-core-7.3.0.Final.jar:7.3.0.Final]
	at org.hibernate.boot.internal.SessionFactoryBuilderImpl.build(SessionFactoryBuilderImpl.java:444) [hibernate-core-7.3.0.Final.jar:7.3.0.Final]
	at org.hibernate.cfg.Configuration.buildSessionFactory(Configuration.java:1112) [hibernate-core-7.3.0.Final.jar:7.3.0.Final]
	at org.hibernate.cfg.Configuration.buildSessionFactory(Configuration.java:1131) [hibernate-core-7.3.0.Final.jar:7.3.0.Final]
	at com.test.Demo.main(Demo.java:13) [classes/:?]
Caused by: java.sql.SQLIntegrityConstraintViolationException: Cannot add or update a child row: a foreign key constraint fails (`mla`.`#sql-1b34_94`, CONSTRAINT `FKom17t73ybp9sh473reaswkeqc` FOREIGN KEY (`id`) REFERENCES `movies` (`id`))
	at com.mysql.cj.jdbc.exceptions.SQLError.createSQLException(SQLError.java:118) ~[mysql-connector-j-8.0.33.jar:8.0.33]
	at com.mysql.cj.jdbc.exceptions.SQLExceptionsMapping.translateException(SQLExceptionsMapping.java:122) ~[mysql-connector-j-8.0.33.jar:8.0.33]
	at com.mysql.cj.jdbc.StatementImpl.executeInternal(StatementImpl.java:763) ~[mysql-connector-j-8.0.33.jar:8.0.33]
	at com.mysql.cj.jdbc.StatementImpl.execute(StatementImpl.java:648) ~[mysql-connector-j-8.0.33.jar:8.0.33]
	at org.hibernate.tool.schema.internal.exec.GenerationTargetToDatabase.accept(GenerationTargetToDatabase.java:76) ~[hibernate-core-7.3.0.Final.jar:7.3.0.Final]
	... 17 more
2026-03-25 15:49:39 DEBUG SQL:126 - 
    alter table triD 
       add constraint FKsi4dgcwn5iomqtyml6ao92djv 
       foreign key (id) 
       references movies (id)
2026-03-25 15:49:39 WARN  ExceptionHandlerLoggedImpl:25 - GenerationTarget encountered exception accepting command : Error executing DDL "
    alter table triD 
       add constraint FKsi4dgcwn5iomqtyml6ao92djv 
       foreign key (id) 
       references movies (id)" via JDBC [Cannot add or update a child row: a foreign key constraint fails (`mla`.`#sql-1b34_94`, CONSTRAINT `FKsi4dgcwn5iomqtyml6ao92djv` FOREIGN KEY (`id`) REFERENCES `movies` (`id`))]
org.hibernate.tool.schema.spi.CommandAcceptanceException: Error executing DDL "
    alter table triD 
       add constraint FKsi4dgcwn5iomqtyml6ao92djv 
       foreign key (id) 
       references movies (id)" via JDBC [Cannot add or update a child row: a foreign key constraint fails (`mla`.`#sql-1b34_94`, CONSTRAINT `FKsi4dgcwn5iomqtyml6ao92djv` FOREIGN KEY (`id`) REFERENCES `movies` (`id`))]
	at org.hibernate.tool.schema.internal.exec.GenerationTargetToDatabase.accept(GenerationTargetToDatabase.java:81) ~[hibernate-core-7.3.0.Final.jar:7.3.0.Final]
	at org.hibernate.tool.schema.internal.AbstractSchemaMigrator.applySqlString(AbstractSchemaMigrator.java:566) [hibernate-core-7.3.0.Final.jar:7.3.0.Final]
	at org.hibernate.tool.schema.internal.AbstractSchemaMigrator.applySqlStrings(AbstractSchemaMigrator.java:506) [hibernate-core-7.3.0.Final.jar:7.3.0.Final]
	at org.hibernate.tool.schema.internal.AbstractSchemaMigrator.applyForeignKeys(AbstractSchemaMigrator.java:438) [hibernate-core-7.3.0.Final.jar:7.3.0.Final]
	at org.hibernate.tool.schema.internal.AbstractSchemaMigrator.performMigration(AbstractSchemaMigrator.java:256) [hibernate-core-7.3.0.Final.jar:7.3.0.Final]
	at org.hibernate.tool.schema.internal.AbstractSchemaMigrator.doMigration(AbstractSchemaMigrator.java:96) [hibernate-core-7.3.0.Final.jar:7.3.0.Final]
	at org.hibernate.tool.schema.spi.SchemaManagementToolCoordinator.performDatabaseAction(SchemaManagementToolCoordinator.java:269) [hibernate-core-7.3.0.Final.jar:7.3.0.Final]
	at org.hibernate.tool.schema.spi.SchemaManagementToolCoordinator.lambda$process$1(SchemaManagementToolCoordinator.java:101) [hibernate-core-7.3.0.Final.jar:7.3.0.Final]
	at java.util.HashMap.forEach(HashMap.java:1430) [?:?]
	at org.hibernate.tool.schema.spi.SchemaManagementToolCoordinator.process(SchemaManagementToolCoordinator.java:100) [hibernate-core-7.3.0.Final.jar:7.3.0.Final]
	at org.hibernate.boot.internal.SessionFactoryObserverForSchemaExport.sessionFactoryCreated(SessionFactoryObserverForSchemaExport.java:35) [hibernate-core-7.3.0.Final.jar:7.3.0.Final]
	at org.hibernate.internal.SessionFactoryObserverChain.sessionFactoryCreated(SessionFactoryObserverChain.java:33) [hibernate-core-7.3.0.Final.jar:7.3.0.Final]
	at org.hibernate.internal.SessionFactoryImpl.<init>(SessionFactoryImpl.java:323) [hibernate-core-7.3.0.Final.jar:7.3.0.Final]
	at org.hibernate.internal.SessionFactoryRegistry.instantiateSessionFactory(SessionFactoryRegistry.java:64) [hibernate-core-7.3.0.Final.jar:7.3.0.Final]
	at org.hibernate.boot.internal.SessionFactoryBuilderImpl.build(SessionFactoryBuilderImpl.java:444) [hibernate-core-7.3.0.Final.jar:7.3.0.Final]
	at org.hibernate.cfg.Configuration.buildSessionFactory(Configuration.java:1112) [hibernate-core-7.3.0.Final.jar:7.3.0.Final]
	at org.hibernate.cfg.Configuration.buildSessionFactory(Configuration.java:1131) [hibernate-core-7.3.0.Final.jar:7.3.0.Final]
	at com.test.Demo.main(Demo.java:13) [classes/:?]
Caused by: java.sql.SQLIntegrityConstraintViolationException: Cannot add or update a child row: a foreign key constraint fails (`mla`.`#sql-1b34_94`, CONSTRAINT `FKsi4dgcwn5iomqtyml6ao92djv` FOREIGN KEY (`id`) REFERENCES `movies` (`id`))
	at com.mysql.cj.jdbc.exceptions.SQLError.createSQLException(SQLError.java:118) ~[mysql-connector-j-8.0.33.jar:8.0.33]
	at com.mysql.cj.jdbc.exceptions.SQLExceptionsMapping.translateException(SQLExceptionsMapping.java:122) ~[mysql-connector-j-8.0.33.jar:8.0.33]
	at com.mysql.cj.jdbc.StatementImpl.executeInternal(StatementImpl.java:763) ~[mysql-connector-j-8.0.33.jar:8.0.33]
	at com.mysql.cj.jdbc.StatementImpl.execute(StatementImpl.java:648) ~[mysql-connector-j-8.0.33.jar:8.0.33]
	at org.hibernate.tool.schema.internal.exec.GenerationTargetToDatabase.accept(GenerationTargetToDatabase.java:76) ~[hibernate-core-7.3.0.Final.jar:7.3.0.Final]
	... 17 more
2026-03-25 15:49:39 DEBUG factoryRegistry:86 - HHH020384: Registering SessionFactory [91fd70da-c74e-45a3-b7a8-bf594e678821] (<unnamed>)
2026-03-25 15:49:39 DEBUG core:151 - HHH006588: Opening session [tenant=null]
2026-03-25 15:49:39 DEBUG core:74 - HHH006583: Beginning transaction
2026-03-25 15:49:39 DEBUG SQL:126 - 
    select
        next_val as id_val 
    from
        movies_SEQ 
    for
        update
2026-03-25 15:49:39 DEBUG SQL:126 - 
    update
        movies_SEQ 
    set
        next_val= ? 
    where
        next_val=?
2026-03-25 15:49:39 DEBUG core:87 - HHH006584: Committing transaction
2026-03-25 15:49:39 DEBUG event:98 - HHH90060071: Flushed: 3 insertions, 0 updates, 0 deletions to 3 objects
2026-03-25 15:49:39 DEBUG event:104 - HHH90060072: Flushed: 0 (re)creations, 0 updates, 0 removals to 0 collections
2026-03-25 15:49:39 DEBUG core:102 - Listing entities:
2026-03-25 15:49:39 DEBUG core:111 - com.test.ThreeD{m_name=AI animation, director=Upendra, id=154, m_location=null}
2026-03-25 15:49:39 DEBUG core:111 - com.test.Movie{m_name=magadeera, id=152, m_location=India}
2026-03-25 15:49:39 DEBUG core:111 - com.test.TwoD{m_name=KGF, casting=yash, id=153, m_location=null}
2026-03-25 15:49:39 DEBUG SQL:126 - 
    insert 
    into
        movies
        (m_location, m_name, id) 
    values
        (?, ?, ?)
2026-03-25 15:49:39 DEBUG SQL:126 - 
    insert 
    into
        movies
        (m_location, m_name, id) 
    values
        (?, ?, ?)
2026-03-25 15:49:40 DEBUG SQL:126 - 
    insert 
    into
        toD
        (casting, id) 
    values
        (?, ?)
2026-03-25 15:49:40 DEBUG SQL:126 - 
    insert 
    into
        movies
        (m_location, m_name, id) 
    values
        (?, ?, ?)
2026-03-25 15:49:40 DEBUG SQL:126 - 
    insert 
    into
        triD
        (director, id) 
    values
        (?, ?)
2026-03-25 15:52:57 DEBUG service:41 - HHH010455: Adding integrator: org.hibernate.boot.beanvalidation.BeanValidationIntegrator
2026-03-25 15:52:57 DEBUG service:41 - HHH010455: Adding integrator: org.hibernate.cache.internal.CollectionCacheInvalidator
2026-03-25 15:52:57 INFO  core:41 - HHH000001: Hibernate ORM core version 7.3.0.Final
2026-03-25 15:52:57 DEBUG core:155 - HHH000206: 'hibernate.properties' not found
2026-03-25 15:52:57 DEBUG boot:97 - HHH160204: cfg.xml document did not define namespaces; wrapping in custom event reader to introduce namespace information
2026-03-25 15:52:57 DEBUG cache:116 - HHH90001031: Cannot default RegionFactory since no RegionFactory strategies were registered
2026-03-25 15:52:57 DEBUG cache:46 - HHH90001029: Second-level cache disabled
2026-03-25 15:52:57 WARN  pooling:86 - HHH10001002: Using built-in connection pool (not intended for production use)
2026-03-25 15:52:58 DEBUG pooling:34 - HHH10001014: Initializing connection pool with 1 connections
2026-03-25 15:52:58 DEBUG jdbc:457 - HHH100017: Database:
	name: MySQL
	version: 8.0.42
	major: 8
	minor: 0
2026-03-25 15:52:58 DEBUG jdbc:463 - HHH100018: Driver:
	name: MySQL Connector/J
	version: mysql-connector-j-8.0.33 (Revision: 7d6b0800528b6b25c68b52dc10d6c1c8429c100c)
	major: 8
	minor: 0
	JDBC version: 4.2
2026-03-25 15:52:58 WARN  deprecation:152 - HHH90000025: MySQLDialect does not need to be specified explicitly using 'hibernate.dialect' (remove the property setting and it will be selected by default)
2026-03-25 15:52:58 DEBUG dialect:93 - HHH035001: Using dialect: org.hibernate.dialect.MySQLDialect, version: 8.0.42
2026-03-25 15:52:58 DEBUG IdentifierHelperBuilder:205 - IdentifierCaseStrategy for both quoted and unquoted identifiers was set to the same strategy [LOWER]; that will likely lead to problems in schema update and validation if using quoted identifiers
2026-03-25 15:52:58 DEBUG jdbc:379 - HHH100122: Using default JDBC fetch size: 0
2026-03-25 15:52:58 INFO  pooling:179 - HHH10001005: Database info:
	Database JDBC URL [jdbc:mysql://localhost:3306/mla]
	Database driver: MySQL Connector/J
	Database dialect: MySQLDialect
	Database version: 8.0.42
	Default catalog/schema: mla/undefined
	Autocommit mode: false
	Isolation level: REPEATABLE_READ
	JDBC fetch size: none
	Pool: DriverManagerConnectionProvider
	Minimum pool size: 1
	Maximum pool size: 20
2026-03-25 15:52:58 DEBUG pooling:79 - HHH10001008: Cleaning up connection pool [jdbc:mysql://localhost:3306/mla]
2026-03-25 15:53:46 DEBUG service:41 - HHH010455: Adding integrator: org.hibernate.boot.beanvalidation.BeanValidationIntegrator
2026-03-25 15:53:46 DEBUG service:41 - HHH010455: Adding integrator: org.hibernate.cache.internal.CollectionCacheInvalidator
2026-03-25 15:53:46 INFO  core:41 - HHH000001: Hibernate ORM core version 7.3.0.Final
2026-03-25 15:53:46 DEBUG core:155 - HHH000206: 'hibernate.properties' not found
2026-03-25 15:53:46 DEBUG boot:97 - HHH160204: cfg.xml document did not define namespaces; wrapping in custom event reader to introduce namespace information
2026-03-25 15:53:46 DEBUG cache:116 - HHH90001031: Cannot default RegionFactory since no RegionFactory strategies were registered
2026-03-25 15:53:46 DEBUG cache:46 - HHH90001029: Second-level cache disabled
2026-03-25 15:53:47 WARN  pooling:86 - HHH10001002: Using built-in connection pool (not intended for production use)
2026-03-25 15:53:47 DEBUG pooling:34 - HHH10001014: Initializing connection pool with 1 connections
2026-03-25 15:53:47 DEBUG jdbc:457 - HHH100017: Database:
	name: MySQL
	version: 8.0.42
	major: 8
	minor: 0
2026-03-25 15:53:47 DEBUG jdbc:463 - HHH100018: Driver:
	name: MySQL Connector/J
	version: mysql-connector-j-8.0.33 (Revision: 7d6b0800528b6b25c68b52dc10d6c1c8429c100c)
	major: 8
	minor: 0
	JDBC version: 4.2
2026-03-25 15:53:47 WARN  deprecation:152 - HHH90000025: MySQLDialect does not need to be specified explicitly using 'hibernate.dialect' (remove the property setting and it will be selected by default)
2026-03-25 15:53:47 DEBUG dialect:93 - HHH035001: Using dialect: org.hibernate.dialect.MySQLDialect, version: 8.0.42
2026-03-25 15:53:47 DEBUG IdentifierHelperBuilder:205 - IdentifierCaseStrategy for both quoted and unquoted identifiers was set to the same strategy [LOWER]; that will likely lead to problems in schema update and validation if using quoted identifiers
2026-03-25 15:53:47 DEBUG jdbc:379 - HHH100122: Using default JDBC fetch size: 0
2026-03-25 15:53:47 INFO  pooling:179 - HHH10001005: Database info:
	Database JDBC URL [jdbc:mysql://localhost:3306/mla]
	Database driver: MySQL Connector/J
	Database dialect: MySQLDialect
	Database version: 8.0.42
	Default catalog/schema: mla/undefined
	Autocommit mode: false
	Isolation level: REPEATABLE_READ
	JDBC fetch size: none
	Pool: DriverManagerConnectionProvider
	Minimum pool size: 1
	Maximum pool size: 20
2026-03-25 15:53:48 DEBUG factory:230 - HHH90020001: Instantiating factory [e91434fe-c4a0-411a-aa11-cf7f3f5c9010] with settings: {hibernate.format_sql=true, java.specification.version=25, sun.cpu.isalist=amd64, sun.jnu.encoding=Cp1252, hibernate.dialect=org.hibernate.dialect.MySQLDialect, java.class.path=C:\Users\yashaswini.hs\Desktop\Spring-advance\HibernateInheritance2\target\classes;C:\Users\yashaswini.hs\.m2\repository\com\mysql\mysql-connector-j\8.0.33\mysql-connector-j-8.0.33.jar;C:\Users\yashaswini.hs\.m2\repository\com\google\protobuf\protobuf-java\3.21.9\protobuf-java-3.21.9.jar;C:\Users\yashaswini.hs\.m2\repository\org\hibernate\orm\hibernate-core\7.3.0.Final\hibernate-core-7.3.0.Final.jar;C:\Users\yashaswini.hs\.m2\repository\jakarta\persistence\jakarta.persistence-api\3.2.0\jakarta.persistence-api-3.2.0.jar;C:\Users\yashaswini.hs\.m2\repository\jakarta\transaction\jakarta.transaction-api\2.0.1\jakarta.transaction-api-2.0.1.jar;C:\Users\yashaswini.hs\.m2\repository\org\jboss\logging\jboss-logging\3.6.1.Final\jboss-logging-3.6.1.Final.jar;C:\Users\yashaswini.hs\.m2\repository\org\hibernate\models\hibernate-models\1.1.0\hibernate-models-1.1.0.jar;C:\Users\yashaswini.hs\.m2\repository\net\bytebuddy\byte-buddy\1.18.7\byte-buddy-1.18.7.jar;C:\Users\yashaswini.hs\.m2\repository\jakarta\xml\bind\jakarta.xml.bind-api\4.0.4\jakarta.xml.bind-api-4.0.4.jar;C:\Users\yashaswini.hs\.m2\repository\jakarta\activation\jakarta.activation-api\2.1.4\jakarta.activation-api-2.1.4.jar;C:\Users\yashaswini.hs\.m2\repository\org\glassfish\jaxb\jaxb-runtime\4.0.6\jaxb-runtime-4.0.6.jar;C:\Users\yashaswini.hs\.m2\repository\org\glassfish\jaxb\jaxb-core\4.0.6\jaxb-core-4.0.6.jar;C:\Users\yashaswini.hs\.m2\repository\org\eclipse\angus\angus-activation\2.0.3\angus-activation-2.0.3.jar;C:\Users\yashaswini.hs\.m2\repository\org\glassfish\jaxb\txw2\4.0.6\txw2-4.0.6.jar;C:\Users\yashaswini.hs\.m2\repository\com\sun\istack\istack-commons-runtime\4.1.2\istack-commons-runtime-4.1.2.jar;C:\Users\yashaswini.hs\.m2\repository\jakarta\inject\jakarta.inject-api\2.0.1\jakarta.inject-api-2.0.1.jar;C:\Users\yashaswini.hs\.m2\repository\org\antlr\antlr4-runtime\4.13.2\antlr4-runtime-4.13.2.jar;C:\Users\yashaswini.hs\.m2\repository\org\apache\logging\log4j\log4j-core\2.17.1\log4j-core-2.17.1.jar;C:\Users\yashaswini.hs\.m2\repository\org\apache\logging\log4j\log4j-api\2.17.1\log4j-api-2.17.1.jar;C:\Users\yashaswini.hs\.m2\repository\org\apache\logging\log4j\log4j-slf4j-impl\2.17.1\log4j-slf4j-impl-2.17.1.jar;C:\Users\yashaswini.hs\.m2\repository\org\slf4j\slf4j-api\1.7.25\slf4j-api-1.7.25.jar, java.vm.vendor=Eclipse Adoptium, sun.arch.data.model=64, hbm2ddl.auto=update, user.variant=, java.vendor.url=https://adoptium.net/, user.timezone=Asia/Calcutta, java.vm.specification.version=25, os.name=Windows 11, sun.java.launcher=SUN_STANDARD, user.country=US, sun.boot.library.path=C:\Users\yashaswini.hs\Downloads\sts-5.1.1.RELEASE\plugins\org.eclipse.justj.openjdk.hotspot.jre.full.win32.x86_64_25.0.2.v20260203-1141\jre\bin, sun.java.command=com.test.Demo, jdk.debug=release, sun.cpu.endian=little, user.home=C:\Users\yashaswini.hs, user.language=en, java.specification.vendor=Oracle Corporation, java.version.date=2026-01-20, java.home=C:\Users\yashaswini.hs\Downloads\sts-5.1.1.RELEASE\plugins\org.eclipse.justj.openjdk.hotspot.jre.full.win32.x86_64_25.0.2.v20260203-1141\jre, file.separator=\, java.vm.compressedOopsMode=Zero based, line.separator=
, java.vm.specification.vendor=Oracle Corporation, java.specification.name=Java Platform API Specification, hibernate.hbm2ddl.auto=update, user.script=, sun.management.compiler=HotSpot 64-Bit Tiered Compilers, java.runtime.version=25.0.2+10-LTS, user.name=yashaswini.hs, stdout.encoding=UTF-8, path.separator=;, hibernate.connection.username=****, os.version=10.0, java.runtime.name=OpenJDK Runtime Environment, hibernate.connection.url=jdbc:mysql://localhost:3306/mla, file.encoding=UTF-8, format_sql=true, java.vm.name=OpenJDK 64-Bit Server VM, hibernate.show_sql=true, java.vendor.version=Temurin-25.0.2+10, show_sql=true, hibernate.connection.driver_class=com.mysql.cj.jdbc.Driver, java.vendor.url.bug=https://github.com/adoptium/adoptium-support/issues, java.io.tmpdir=C:\Users\YASHAS~1.HS\AppData\Local\Temp\, java.version=25.0.2, user.dir=C:\Users\yashaswini.hs\Desktop\Spring-advance\HibernateInheritance2, os.arch=amd64, java.vm.specification.name=Java Virtual Machine Specification, hibernate.connection.password=****, sun.os.patch.level=, hibernate.boot.CfgXmlAccessService.key=org.hibernate.boot.cfgxml.spi.LoadedConfig@b950f82, native.encoding=Cp1252, java.library.path=C:\Users\yashaswini.hs\Downloads\sts-5.1.1.RELEASE\plugins\org.eclipse.justj.openjdk.hotspot.jre.full.win32.x86_64_25.0.2.v20260203-1141\jre\bin;C:\WINDOWS\Sun\Java\bin;C:\WINDOWS\system32;C:\WINDOWS;C:/Users/yashaswini.hs/Downloads/sts-5.1.1.RELEASE//plugins/org.eclipse.justj.openjdk.hotspot.jre.full.win32.x86_64_25.0.2.v20260203-1141/jre/bin/server;C:/Users/yashaswini.hs/Downloads/sts-5.1.1.RELEASE//plugins/org.eclipse.justj.openjdk.hotspot.jre.full.win32.x86_64_25.0.2.v20260203-1141/jre/bin;C:\Program Files\Microsoft\jdk-11.0.23.9-hotspot\bin;C:\Program Files\Microsoft\jdk-17.0.15.6-hotspot\bin;C:\Program Files\Python313\Scripts\;C:\Program Files\Python313\;%SystemRoot%\system32;%SystemRoot%;%SystemRoot%\System32\Wbem;%SYSTEMROOT%\System32\WindowsPowerShell\v1.0\;%SYSTEMROOT%\System32\OpenSSH\;C:\Program Files\Git\cmd;C:\Program Files\dotnet\;C:\Program Files\apache-maven-3.9.10\bin;C:\Program Files\nodejs\;C:\Program Files\Microsoft VS Code\bin;C:\Program Files\PuTTY\;C:\Program Files (x86)\Microsoft SQL Server\160\DTS\Binn\;C:\Program Files (x86)\Microsoft SQL Server\160\Tools\Binn\;C:\Program Files\Microsoft SQL Server\160\Tools\Binn\;C:\Program Files\Microsoft SQL Server\Client SDK\ODBC\170\Tools\Binn\;C:\Program Files\Microsoft SQL Server\160\DTS\Binn\;C:\Program Files\apache-maven-3.9.10\bin;C:\Program Files\apache-maven-3.9.10\bin;C:\Program Files\apache-maven-3.9.10\bin;C:\Users\yashaswini.hs\AppData\Local\Microsoft\WindowsApps;;C:\Users\yashaswini.hs\Downloads\sts-5.1.1.RELEASE;;., stderr.encoding=UTF-8, java.vendor=Eclipse Adoptium, java.vm.info=mixed mode, sharing, stdin.encoding=Cp1252, java.vm.version=25.0.2+10-LTS, sun.io.unicode.encoding=UnicodeLittle, java.class.version=69.0}
2026-03-25 15:53:48 DEBUG HQL_FUNCTIONS:155 - Available HQL Functions:
	abs(NUMERIC arg)
	Double acos(NUMERIC arg)
	adddate(DATE datetime, INTEGER days)
	addtime(TIME datetime, TIME time)
	Boolean any(BOOLEAN arg)
	Integer ascii(STRING arg)
	Double asin(NUMERIC arg)
	Double atan(NUMERIC arg)
	Double atan2(NUMERIC arg0, NUMERIC arg1)
	avg(arg)
	bit_and(arg)
	Integer bit_length(STRING_OR_CLOB arg)
	bit_or(arg)
	bitand(arg0, arg1)
	bitnot(arg)
	bitor(arg0, arg1)
	bitxor(arg0, arg1)
	cast(arg as Type)
	ceiling(NUMERIC arg)
	Character char(INTEGER arg)
	Integer character_length(STRING_OR_CLOB arg)
	Character chr(INTEGER arg)
	coalesce(arg0[, arg1[, ...]])
	String collate(STRING string as COLLATION collation)
	String concat(STRING string0[, STRING string1[, ...]])
	Double cos(NUMERIC arg)
	Double cosh(NUMERIC arg)
	Double cot(NUMERIC arg)
	Long count([distinct ]{arg|*})
	Integer crc32(arg)
	Double cume_dist([arg0[, ...]])
	Date curdate()
	Date current date
	Date current time
	Date current timestamp
	Date current_date
	Instant current_instant
	Date current_time
	Date current_timestamp
	Date curtime()
	Date date(arg)
	dateadd(TEMPORAL_UNIT field, INTEGER magnitude, TEMPORAL datetime)
	Integer datediff(DATE end, DATE start)
	Integer day(DATE arg)
	String dayname(DATE arg)
	Integer dayofmonth(DATE arg)
	Integer dayofweek(DATE arg)
	Integer dayofyear(DATE arg)
	Double degrees(NUMERIC arg)
	Long dense_rank([arg0[, ...]])
	Boolean every(BOOLEAN arg)
	Double exp(NUMERIC arg)
	extract(TEMPORAL_UNIT field from TEMPORAL arg)
	first_valueANY value
	floor(NUMERIC arg)
	String format(TEMPORAL datetime as STRING pattern)
	greatest(COMPARABLE arg0, COMPARABLE arg1[, arg2[, ...]])
	String hex(arg)
	Integer hour(TIME arg)
	ifnull(arg0, arg1)
	String insert(STRING string, INTEGER start, INTEGER length, STRING replacement)
	Instant instant
	Integer instr(STRING string, STRING pattern[, INTEGER start[, INTEGER occurrence]])
	String json_array([arg0[, ...]])
	String json_array_append(IMPLICIT_JSON arg0, STRING arg1, ANY arg2)
	String json_array_insert(IMPLICIT_JSON arg0, STRING arg1, ANY arg2)
	String json_arrayagg(arg0[, arg1])
	Boolean json_exists(IMPLICIT_JSON arg0, STRING arg1)
	String json_insert(IMPLICIT_JSON arg0, STRING arg1, ANY arg2)
	String json_mergepatch(IMPLICIT_JSON arg0, IMPLICIT_JSON arg1[, arg2[, ...]])
	String json_object( ... )
	String json_objectagg(arg0, arg1[, arg2, arg3])
	String json_query( ... )
	String json_remove(IMPLICIT_JSON arg0, STRING arg1)
	String json_replace(IMPLICIT_JSON arg0, STRING arg1, ANY arg2)
	String json_set(IMPLICIT_JSON arg0, STRING arg1, ANY arg2)
	json_value( ... )
	lagANY value[, INTEGER offset[, ANY default]]
	Date last_day(DATE arg)
	last_valueANY value
	leadANY value[, INTEGER offset[, ANY default]]
	least(COMPARABLE arg0, COMPARABLE arg1[, arg2[, ...]])
	String left(STRING string, INTEGER length)
	Integer length(STRING_OR_CLOB arg)
	String listagg(STRING arg0, STRING arg1)
	Double ln(NUMERIC arg)
	LocalDate local date
	LocalDateTime local datetime
	LocalTime local time
	LocalDate local_date
	LocalDateTime local_datetime
	LocalTime local_time
	Date localtime
	Date localtimestamp
	Integer locate(STRING pattern, STRING string[, INTEGER start])
	Double log(NUMERIC arg0[, NUMERIC arg1])
	Double log10(NUMERIC arg)
	Double log2(NUMERIC arg)
	String lower(STRING string)
	String lpad(string, length[, padding])
	String ltrim(STRING string[, STRING characters])
	Date makedate(INTEGER year, INTEGER dayofyear)
	Date maketime(INTEGER hour, INTEGER min, INTEGER sec)
	max(COMPARABLE arg)
	byte[] md5(arg)
	Integer microsecond(TIME arg)
	min(COMPARABLE arg)
	Integer minute(TIME arg)
	Integer mod(INTEGER arg0, INTEGER arg1)
	Integer month(DATE arg)
	String monthname(DATE arg)
	Date now()
	nth_valueANY value, INTEGER nth
	nullif(arg0, arg1)
	Integer octet_length(STRING_OR_CLOB arg)
	OffsetDateTime offset datetime
	OffsetDateTime offset_datetime
	Integer ordinal(ENUM arg)
	String overlay(STRING string placing STRING replacement from INTEGER start[ for INTEGER length])
	String pad(STRING string with INTEGER length {leading|trailing}[ STRING character])
	Double percent_rank([arg0[, ...]])
	Double pi
	Integer position(STRING pattern in STRING string)
	Double power(NUMERIC arg0, NUMERIC arg1)
	Integer quarter(DATE arg)
	Double radians(NUMERIC arg)
	Double rand([INTEGER seed])
	Long rank([arg0[, ...]])
	Boolean regexp_like(STRING arg0, STRING arg1[, STRING arg2])
	String repeat(STRING string, INTEGER times)
	String replace(STRING string, STRING pattern, STRING replacement)
	String reverse(STRING arg)
	String right(STRING string, INTEGER length)
	round(NUMERIC number[, INTEGER places])
	Long row_number()
	String rpad(string, length[, padding])
	String rtrim(STRING string[, STRING characters])
	Integer second(TIME arg)
	byte[] sha(arg)
	String sha1(arg)
	String sha2(arg0, arg1)
	Integer sign(NUMERIC arg)
	Double sin(NUMERIC arg)
	Double sinh(NUMERIC arg)
	String soundex(arg)
	String space(INTEGER arg)
	sql
	Double sqrt(NUMERIC arg)
	Double stddev(NUMERIC arg)
	Double stddev_pop(NUMERIC arg)
	Double stddev_samp(NUMERIC arg)
	String str(arg)
	String string(ENUM arg)
	subdate(DATE datetime, INTEGER days)
	String substr(STRING string, INTEGER start[, INTEGER length])
	String substring(STRING string{ from|,} INTEGER start[{ for|,} INTEGER length])
	subtime(TIME datetime, TIME time)
	sum(arg)
	Date sysdate()
	Double tan(NUMERIC arg)
	Double tanh(NUMERIC arg)
	String time(arg)
	Date timestamp(arg0[, arg1])
	timestampadd(TEMPORAL_UNIT field, INTEGER magnitude, TEMPORAL datetime)
	Long|Double timestampdiff(TEMPORAL_UNIT field, TEMPORAL start, TEMPORAL end)
	String trim([[{leading|trailing|both} ][STRING arg0 ]from] STRING arg1)
	trunc( ... )
	truncate( ... )
	String upper(STRING string)
	Date utc_date
	Date utc_time
	Date utc_timestamp
	Double var_pop(NUMERIC arg)
	Double var_samp(NUMERIC arg)
	Double variance(NUMERIC arg)
	Integer week(DATE arg)
	Integer year(DATE arg)

2026-03-25 15:53:48 DEBUG core:211 - HHH000513: Unable to create the ReflectionOptimizer for [com.test.Movie]: private accessor [m_location]
2026-03-25 15:53:48 DEBUG core:211 - HHH000513: Unable to create the ReflectionOptimizer for [com.test.ThreeD]: private accessor [m_location]
2026-03-25 15:53:48 DEBUG core:211 - HHH000513: Unable to create the ReflectionOptimizer for [com.test.TwoD]: private accessor [m_location]
2026-03-25 15:53:48 INFO  core:53 - HHH000489: No JTA platform available (set 'hibernate.transaction.jta.platform' to enable JTA platform integration)
2026-03-25 15:53:48 DEBUG service:102 - HHH010454: EventListenerRegistry access via ServiceRegistry is deprecated - use 'sessionFactory.getEventEngine().getListenerRegistry()' instead
2026-03-25 15:53:48 DEBUG SQL:126 - 
    create table movies (
        movie_type varchar(31) not null check ((movie_type in ('Movie','twoD','triD'))),
        id integer not null,
        m_location varchar(255),
        m_name varchar(255),
        casting varchar(255),
        director varchar(255),
        primary key (id)
    ) engine=InnoDB
2026-03-25 15:53:48 DEBUG Table:101 - No alter strings for table: movies_SEQ
2026-03-25 15:53:48 DEBUG factoryRegistry:86 - HHH020384: Registering SessionFactory [e91434fe-c4a0-411a-aa11-cf7f3f5c9010] (<unnamed>)
2026-03-25 15:53:48 DEBUG core:151 - HHH006588: Opening session [tenant=null]
2026-03-25 15:53:48 DEBUG core:74 - HHH006583: Beginning transaction
2026-03-25 15:53:49 DEBUG SQL:126 - 
    select
        next_val as id_val 
    from
        movies_SEQ 
    for
        update
2026-03-25 15:53:49 DEBUG SQL:126 - 
    update
        movies_SEQ 
    set
        next_val= ? 
    where
        next_val=?
2026-03-25 15:53:49 DEBUG core:87 - HHH006584: Committing transaction
2026-03-25 15:53:49 DEBUG event:98 - HHH90060071: Flushed: 3 insertions, 0 updates, 0 deletions to 3 objects
2026-03-25 15:53:49 DEBUG event:104 - HHH90060072: Flushed: 0 (re)creations, 0 updates, 0 removals to 0 collections
2026-03-25 15:53:49 DEBUG core:102 - Listing entities:
2026-03-25 15:53:49 DEBUG core:111 - com.test.Movie{m_name=magadeera, id=202, m_location=India}
2026-03-25 15:53:49 DEBUG core:111 - com.test.TwoD{m_name=KGF, casting=yash, id=203, m_location=null}
2026-03-25 15:53:49 DEBUG core:111 - com.test.ThreeD{m_name=AI animation, director=Upendra, id=204, m_location=null}
2026-03-25 15:53:49 DEBUG SQL:126 - 
    insert 
    into
        movies
        (m_location, m_name, movie_type, id) 
    values
        (?, ?, 'Movie', ?)
2026-03-25 15:53:49 DEBUG SQL:126 - 
    insert 
    into
        movies
        (m_location, m_name, casting, movie_type, id) 
    values
        (?, ?, ?, 'twoD', ?)
2026-03-25 15:53:49 DEBUG SQL:126 - 
    insert 
    into
        movies
        (m_location, m_name, director, movie_type, id) 
    values
        (?, ?, ?, 'triD', ?)
2026-03-25 15:56:05 DEBUG service:41 - HHH010455: Adding integrator: org.hibernate.boot.beanvalidation.BeanValidationIntegrator
2026-03-25 15:56:05 DEBUG service:41 - HHH010455: Adding integrator: org.hibernate.cache.internal.CollectionCacheInvalidator
2026-03-25 15:56:05 INFO  core:41 - HHH000001: Hibernate ORM core version 7.3.0.Final
2026-03-25 15:56:05 DEBUG core:155 - HHH000206: 'hibernate.properties' not found
2026-03-25 15:56:05 DEBUG boot:97 - HHH160204: cfg.xml document did not define namespaces; wrapping in custom event reader to introduce namespace information
2026-03-25 15:56:05 DEBUG cache:116 - HHH90001031: Cannot default RegionFactory since no RegionFactory strategies were registered
2026-03-25 15:56:05 DEBUG cache:46 - HHH90001029: Second-level cache disabled
2026-03-25 15:56:06 WARN  pooling:86 - HHH10001002: Using built-in connection pool (not intended for production use)
2026-03-25 15:56:06 DEBUG pooling:34 - HHH10001014: Initializing connection pool with 1 connections
2026-03-25 15:56:06 DEBUG jdbc:457 - HHH100017: Database:
	name: MySQL
	version: 8.0.42
	major: 8
	minor: 0
2026-03-25 15:56:06 DEBUG jdbc:463 - HHH100018: Driver:
	name: MySQL Connector/J
	version: mysql-connector-j-8.0.33 (Revision: 7d6b0800528b6b25c68b52dc10d6c1c8429c100c)
	major: 8
	minor: 0
	JDBC version: 4.2
2026-03-25 15:56:06 WARN  deprecation:152 - HHH90000025: MySQLDialect does not need to be specified explicitly using 'hibernate.dialect' (remove the property setting and it will be selected by default)
2026-03-25 15:56:06 DEBUG dialect:93 - HHH035001: Using dialect: org.hibernate.dialect.MySQLDialect, version: 8.0.42
2026-03-25 15:56:06 DEBUG IdentifierHelperBuilder:205 - IdentifierCaseStrategy for both quoted and unquoted identifiers was set to the same strategy [LOWER]; that will likely lead to problems in schema update and validation if using quoted identifiers
2026-03-25 15:56:06 DEBUG jdbc:379 - HHH100122: Using default JDBC fetch size: 0
2026-03-25 15:56:06 INFO  pooling:179 - HHH10001005: Database info:
	Database JDBC URL [jdbc:mysql://localhost:3306/mla]
	Database driver: MySQL Connector/J
	Database dialect: MySQLDialect
	Database version: 8.0.42
	Default catalog/schema: mla/undefined
	Autocommit mode: false
	Isolation level: REPEATABLE_READ
	JDBC fetch size: none
	Pool: DriverManagerConnectionProvider
	Minimum pool size: 1
	Maximum pool size: 20
2026-03-25 15:56:06 DEBUG pooling:79 - HHH10001008: Cleaning up connection pool [jdbc:mysql://localhost:3306/mla]
2026-03-25 15:56:22 DEBUG service:41 - HHH010455: Adding integrator: org.hibernate.boot.beanvalidation.BeanValidationIntegrator
2026-03-25 15:56:22 DEBUG service:41 - HHH010455: Adding integrator: org.hibernate.cache.internal.CollectionCacheInvalidator
2026-03-25 15:56:22 INFO  core:41 - HHH000001: Hibernate ORM core version 7.3.0.Final
2026-03-25 15:56:22 DEBUG core:155 - HHH000206: 'hibernate.properties' not found
2026-03-25 15:56:22 DEBUG boot:97 - HHH160204: cfg.xml document did not define namespaces; wrapping in custom event reader to introduce namespace information
2026-03-25 15:56:22 DEBUG cache:116 - HHH90001031: Cannot default RegionFactory since no RegionFactory strategies were registered
2026-03-25 15:56:22 DEBUG cache:46 - HHH90001029: Second-level cache disabled
2026-03-25 15:56:22 WARN  pooling:86 - HHH10001002: Using built-in connection pool (not intended for production use)
2026-03-25 15:56:22 DEBUG pooling:34 - HHH10001014: Initializing connection pool with 1 connections
2026-03-25 15:56:23 DEBUG jdbc:457 - HHH100017: Database:
	name: MySQL
	version: 8.0.42
	major: 8
	minor: 0
2026-03-25 15:56:23 DEBUG jdbc:463 - HHH100018: Driver:
	name: MySQL Connector/J
	version: mysql-connector-j-8.0.33 (Revision: 7d6b0800528b6b25c68b52dc10d6c1c8429c100c)
	major: 8
	minor: 0
	JDBC version: 4.2
2026-03-25 15:56:23 WARN  deprecation:152 - HHH90000025: MySQLDialect does not need to be specified explicitly using 'hibernate.dialect' (remove the property setting and it will be selected by default)
2026-03-25 15:56:23 DEBUG dialect:93 - HHH035001: Using dialect: org.hibernate.dialect.MySQLDialect, version: 8.0.42
2026-03-25 15:56:23 DEBUG IdentifierHelperBuilder:205 - IdentifierCaseStrategy for both quoted and unquoted identifiers was set to the same strategy [LOWER]; that will likely lead to problems in schema update and validation if using quoted identifiers
2026-03-25 15:56:23 DEBUG jdbc:379 - HHH100122: Using default JDBC fetch size: 0
2026-03-25 15:56:23 INFO  pooling:179 - HHH10001005: Database info:
	Database JDBC URL [jdbc:mysql://localhost:3306/mla]
	Database driver: MySQL Connector/J
	Database dialect: MySQLDialect
	Database version: 8.0.42
	Default catalog/schema: mla/undefined
	Autocommit mode: false
	Isolation level: REPEATABLE_READ
	JDBC fetch size: none
	Pool: DriverManagerConnectionProvider
	Minimum pool size: 1
	Maximum pool size: 20
2026-03-25 15:56:23 DEBUG factory:230 - HHH90020001: Instantiating factory [697ddc7d-6ef0-4d1e-a46b-71a6e6de6b50] with settings: {hibernate.format_sql=true, java.specification.version=25, sun.cpu.isalist=amd64, sun.jnu.encoding=Cp1252, hibernate.dialect=org.hibernate.dialect.MySQLDialect, java.class.path=C:\Users\yashaswini.hs\Desktop\Spring-advance\HibernateInheritance2\target\classes;C:\Users\yashaswini.hs\.m2\repository\com\mysql\mysql-connector-j\8.0.33\mysql-connector-j-8.0.33.jar;C:\Users\yashaswini.hs\.m2\repository\com\google\protobuf\protobuf-java\3.21.9\protobuf-java-3.21.9.jar;C:\Users\yashaswini.hs\.m2\repository\org\hibernate\orm\hibernate-core\7.3.0.Final\hibernate-core-7.3.0.Final.jar;C:\Users\yashaswini.hs\.m2\repository\jakarta\persistence\jakarta.persistence-api\3.2.0\jakarta.persistence-api-3.2.0.jar;C:\Users\yashaswini.hs\.m2\repository\jakarta\transaction\jakarta.transaction-api\2.0.1\jakarta.transaction-api-2.0.1.jar;C:\Users\yashaswini.hs\.m2\repository\org\jboss\logging\jboss-logging\3.6.1.Final\jboss-logging-3.6.1.Final.jar;C:\Users\yashaswini.hs\.m2\repository\org\hibernate\models\hibernate-models\1.1.0\hibernate-models-1.1.0.jar;C:\Users\yashaswini.hs\.m2\repository\net\bytebuddy\byte-buddy\1.18.7\byte-buddy-1.18.7.jar;C:\Users\yashaswini.hs\.m2\repository\jakarta\xml\bind\jakarta.xml.bind-api\4.0.4\jakarta.xml.bind-api-4.0.4.jar;C:\Users\yashaswini.hs\.m2\repository\jakarta\activation\jakarta.activation-api\2.1.4\jakarta.activation-api-2.1.4.jar;C:\Users\yashaswini.hs\.m2\repository\org\glassfish\jaxb\jaxb-runtime\4.0.6\jaxb-runtime-4.0.6.jar;C:\Users\yashaswini.hs\.m2\repository\org\glassfish\jaxb\jaxb-core\4.0.6\jaxb-core-4.0.6.jar;C:\Users\yashaswini.hs\.m2\repository\org\eclipse\angus\angus-activation\2.0.3\angus-activation-2.0.3.jar;C:\Users\yashaswini.hs\.m2\repository\org\glassfish\jaxb\txw2\4.0.6\txw2-4.0.6.jar;C:\Users\yashaswini.hs\.m2\repository\com\sun\istack\istack-commons-runtime\4.1.2\istack-commons-runtime-4.1.2.jar;C:\Users\yashaswini.hs\.m2\repository\jakarta\inject\jakarta.inject-api\2.0.1\jakarta.inject-api-2.0.1.jar;C:\Users\yashaswini.hs\.m2\repository\org\antlr\antlr4-runtime\4.13.2\antlr4-runtime-4.13.2.jar;C:\Users\yashaswini.hs\.m2\repository\org\apache\logging\log4j\log4j-core\2.17.1\log4j-core-2.17.1.jar;C:\Users\yashaswini.hs\.m2\repository\org\apache\logging\log4j\log4j-api\2.17.1\log4j-api-2.17.1.jar;C:\Users\yashaswini.hs\.m2\repository\org\apache\logging\log4j\log4j-slf4j-impl\2.17.1\log4j-slf4j-impl-2.17.1.jar;C:\Users\yashaswini.hs\.m2\repository\org\slf4j\slf4j-api\1.7.25\slf4j-api-1.7.25.jar, java.vm.vendor=Eclipse Adoptium, sun.arch.data.model=64, hbm2ddl.auto=update, user.variant=, java.vendor.url=https://adoptium.net/, user.timezone=Asia/Calcutta, java.vm.specification.version=25, os.name=Windows 11, sun.java.launcher=SUN_STANDARD, user.country=US, sun.boot.library.path=C:\Users\yashaswini.hs\Downloads\sts-5.1.1.RELEASE\plugins\org.eclipse.justj.openjdk.hotspot.jre.full.win32.x86_64_25.0.2.v20260203-1141\jre\bin, sun.java.command=com.test.Demo, jdk.debug=release, sun.cpu.endian=little, user.home=C:\Users\yashaswini.hs, user.language=en, java.specification.vendor=Oracle Corporation, java.version.date=2026-01-20, java.home=C:\Users\yashaswini.hs\Downloads\sts-5.1.1.RELEASE\plugins\org.eclipse.justj.openjdk.hotspot.jre.full.win32.x86_64_25.0.2.v20260203-1141\jre, file.separator=\, java.vm.compressedOopsMode=Zero based, line.separator=
, java.vm.specification.vendor=Oracle Corporation, java.specification.name=Java Platform API Specification, hibernate.hbm2ddl.auto=update, user.script=, sun.management.compiler=HotSpot 64-Bit Tiered Compilers, java.runtime.version=25.0.2+10-LTS, user.name=yashaswini.hs, stdout.encoding=UTF-8, path.separator=;, hibernate.connection.username=****, os.version=10.0, java.runtime.name=OpenJDK Runtime Environment, hibernate.connection.url=jdbc:mysql://localhost:3306/mla, file.encoding=UTF-8, format_sql=true, java.vm.name=OpenJDK 64-Bit Server VM, hibernate.show_sql=true, java.vendor.version=Temurin-25.0.2+10, show_sql=true, hibernate.connection.driver_class=com.mysql.cj.jdbc.Driver, java.vendor.url.bug=https://github.com/adoptium/adoptium-support/issues, java.io.tmpdir=C:\Users\YASHAS~1.HS\AppData\Local\Temp\, java.version=25.0.2, user.dir=C:\Users\yashaswini.hs\Desktop\Spring-advance\HibernateInheritance2, os.arch=amd64, java.vm.specification.name=Java Virtual Machine Specification, hibernate.connection.password=****, sun.os.patch.level=, hibernate.boot.CfgXmlAccessService.key=org.hibernate.boot.cfgxml.spi.LoadedConfig@353f472a, native.encoding=Cp1252, java.library.path=C:\Users\yashaswini.hs\Downloads\sts-5.1.1.RELEASE\plugins\org.eclipse.justj.openjdk.hotspot.jre.full.win32.x86_64_25.0.2.v20260203-1141\jre\bin;C:\WINDOWS\Sun\Java\bin;C:\WINDOWS\system32;C:\WINDOWS;C:/Users/yashaswini.hs/Downloads/sts-5.1.1.RELEASE//plugins/org.eclipse.justj.openjdk.hotspot.jre.full.win32.x86_64_25.0.2.v20260203-1141/jre/bin/server;C:/Users/yashaswini.hs/Downloads/sts-5.1.1.RELEASE//plugins/org.eclipse.justj.openjdk.hotspot.jre.full.win32.x86_64_25.0.2.v20260203-1141/jre/bin;C:\Program Files\Microsoft\jdk-11.0.23.9-hotspot\bin;C:\Program Files\Microsoft\jdk-17.0.15.6-hotspot\bin;C:\Program Files\Python313\Scripts\;C:\Program Files\Python313\;%SystemRoot%\system32;%SystemRoot%;%SystemRoot%\System32\Wbem;%SYSTEMROOT%\System32\WindowsPowerShell\v1.0\;%SYSTEMROOT%\System32\OpenSSH\;C:\Program Files\Git\cmd;C:\Program Files\dotnet\;C:\Program Files\apache-maven-3.9.10\bin;C:\Program Files\nodejs\;C:\Program Files\Microsoft VS Code\bin;C:\Program Files\PuTTY\;C:\Program Files (x86)\Microsoft SQL Server\160\DTS\Binn\;C:\Program Files (x86)\Microsoft SQL Server\160\Tools\Binn\;C:\Program Files\Microsoft SQL Server\160\Tools\Binn\;C:\Program Files\Microsoft SQL Server\Client SDK\ODBC\170\Tools\Binn\;C:\Program Files\Microsoft SQL Server\160\DTS\Binn\;C:\Program Files\apache-maven-3.9.10\bin;C:\Program Files\apache-maven-3.9.10\bin;C:\Program Files\apache-maven-3.9.10\bin;C:\Users\yashaswini.hs\AppData\Local\Microsoft\WindowsApps;;C:\Users\yashaswini.hs\Downloads\sts-5.1.1.RELEASE;;., stderr.encoding=UTF-8, java.vendor=Eclipse Adoptium, java.vm.info=mixed mode, sharing, stdin.encoding=Cp1252, java.vm.version=25.0.2+10-LTS, sun.io.unicode.encoding=UnicodeLittle, java.class.version=69.0}
2026-03-25 15:56:23 DEBUG HQL_FUNCTIONS:155 - Available HQL Functions:
	abs(NUMERIC arg)
	Double acos(NUMERIC arg)
	adddate(DATE datetime, INTEGER days)
	addtime(TIME datetime, TIME time)
	Boolean any(BOOLEAN arg)
	Integer ascii(STRING arg)
	Double asin(NUMERIC arg)
	Double atan(NUMERIC arg)
	Double atan2(NUMERIC arg0, NUMERIC arg1)
	avg(arg)
	bit_and(arg)
	Integer bit_length(STRING_OR_CLOB arg)
	bit_or(arg)
	bitand(arg0, arg1)
	bitnot(arg)
	bitor(arg0, arg1)
	bitxor(arg0, arg1)
	cast(arg as Type)
	ceiling(NUMERIC arg)
	Character char(INTEGER arg)
	Integer character_length(STRING_OR_CLOB arg)
	Character chr(INTEGER arg)
	coalesce(arg0[, arg1[, ...]])
	String collate(STRING string as COLLATION collation)
	String concat(STRING string0[, STRING string1[, ...]])
	Double cos(NUMERIC arg)
	Double cosh(NUMERIC arg)
	Double cot(NUMERIC arg)
	Long count([distinct ]{arg|*})
	Integer crc32(arg)
	Double cume_dist([arg0[, ...]])
	Date curdate()
	Date current date
	Date current time
	Date current timestamp
	Date current_date
	Instant current_instant
	Date current_time
	Date current_timestamp
	Date curtime()
	Date date(arg)
	dateadd(TEMPORAL_UNIT field, INTEGER magnitude, TEMPORAL datetime)
	Integer datediff(DATE end, DATE start)
	Integer day(DATE arg)
	String dayname(DATE arg)
	Integer dayofmonth(DATE arg)
	Integer dayofweek(DATE arg)
	Integer dayofyear(DATE arg)
	Double degrees(NUMERIC arg)
	Long dense_rank([arg0[, ...]])
	Boolean every(BOOLEAN arg)
	Double exp(NUMERIC arg)
	extract(TEMPORAL_UNIT field from TEMPORAL arg)
	first_valueANY value
	floor(NUMERIC arg)
	String format(TEMPORAL datetime as STRING pattern)
	greatest(COMPARABLE arg0, COMPARABLE arg1[, arg2[, ...]])
	String hex(arg)
	Integer hour(TIME arg)
	ifnull(arg0, arg1)
	String insert(STRING string, INTEGER start, INTEGER length, STRING replacement)
	Instant instant
	Integer instr(STRING string, STRING pattern[, INTEGER start[, INTEGER occurrence]])
	String json_array([arg0[, ...]])
	String json_array_append(IMPLICIT_JSON arg0, STRING arg1, ANY arg2)
	String json_array_insert(IMPLICIT_JSON arg0, STRING arg1, ANY arg2)
	String json_arrayagg(arg0[, arg1])
	Boolean json_exists(IMPLICIT_JSON arg0, STRING arg1)
	String json_insert(IMPLICIT_JSON arg0, STRING arg1, ANY arg2)
	String json_mergepatch(IMPLICIT_JSON arg0, IMPLICIT_JSON arg1[, arg2[, ...]])
	String json_object( ... )
	String json_objectagg(arg0, arg1[, arg2, arg3])
	String json_query( ... )
	String json_remove(IMPLICIT_JSON arg0, STRING arg1)
	String json_replace(IMPLICIT_JSON arg0, STRING arg1, ANY arg2)
	String json_set(IMPLICIT_JSON arg0, STRING arg1, ANY arg2)
	json_value( ... )
	lagANY value[, INTEGER offset[, ANY default]]
	Date last_day(DATE arg)
	last_valueANY value
	leadANY value[, INTEGER offset[, ANY default]]
	least(COMPARABLE arg0, COMPARABLE arg1[, arg2[, ...]])
	String left(STRING string, INTEGER length)
	Integer length(STRING_OR_CLOB arg)
	String listagg(STRING arg0, STRING arg1)
	Double ln(NUMERIC arg)
	LocalDate local date
	LocalDateTime local datetime
	LocalTime local time
	LocalDate local_date
	LocalDateTime local_datetime
	LocalTime local_time
	Date localtime
	Date localtimestamp
	Integer locate(STRING pattern, STRING string[, INTEGER start])
	Double log(NUMERIC arg0[, NUMERIC arg1])
	Double log10(NUMERIC arg)
	Double log2(NUMERIC arg)
	String lower(STRING string)
	String lpad(string, length[, padding])
	String ltrim(STRING string[, STRING characters])
	Date makedate(INTEGER year, INTEGER dayofyear)
	Date maketime(INTEGER hour, INTEGER min, INTEGER sec)
	max(COMPARABLE arg)
	byte[] md5(arg)
	Integer microsecond(TIME arg)
	min(COMPARABLE arg)
	Integer minute(TIME arg)
	Integer mod(INTEGER arg0, INTEGER arg1)
	Integer month(DATE arg)
	String monthname(DATE arg)
	Date now()
	nth_valueANY value, INTEGER nth
	nullif(arg0, arg1)
	Integer octet_length(STRING_OR_CLOB arg)
	OffsetDateTime offset datetime
	OffsetDateTime offset_datetime
	Integer ordinal(ENUM arg)
	String overlay(STRING string placing STRING replacement from INTEGER start[ for INTEGER length])
	String pad(STRING string with INTEGER length {leading|trailing}[ STRING character])
	Double percent_rank([arg0[, ...]])
	Double pi
	Integer position(STRING pattern in STRING string)
	Double power(NUMERIC arg0, NUMERIC arg1)
	Integer quarter(DATE arg)
	Double radians(NUMERIC arg)
	Double rand([INTEGER seed])
	Long rank([arg0[, ...]])
	Boolean regexp_like(STRING arg0, STRING arg1[, STRING arg2])
	String repeat(STRING string, INTEGER times)
	String replace(STRING string, STRING pattern, STRING replacement)
	String reverse(STRING arg)
	String right(STRING string, INTEGER length)
	round(NUMERIC number[, INTEGER places])
	Long row_number()
	String rpad(string, length[, padding])
	String rtrim(STRING string[, STRING characters])
	Integer second(TIME arg)
	byte[] sha(arg)
	String sha1(arg)
	String sha2(arg0, arg1)
	Integer sign(NUMERIC arg)
	Double sin(NUMERIC arg)
	Double sinh(NUMERIC arg)
	String soundex(arg)
	String space(INTEGER arg)
	sql
	Double sqrt(NUMERIC arg)
	Double stddev(NUMERIC arg)
	Double stddev_pop(NUMERIC arg)
	Double stddev_samp(NUMERIC arg)
	String str(arg)
	String string(ENUM arg)
	subdate(DATE datetime, INTEGER days)
	String substr(STRING string, INTEGER start[, INTEGER length])
	String substring(STRING string{ from|,} INTEGER start[{ for|,} INTEGER length])
	subtime(TIME datetime, TIME time)
	sum(arg)
	Date sysdate()
	Double tan(NUMERIC arg)
	Double tanh(NUMERIC arg)
	String time(arg)
	Date timestamp(arg0[, arg1])
	timestampadd(TEMPORAL_UNIT field, INTEGER magnitude, TEMPORAL datetime)
	Long|Double timestampdiff(TEMPORAL_UNIT field, TEMPORAL start, TEMPORAL end)
	String trim([[{leading|trailing|both} ][STRING arg0 ]from] STRING arg1)
	trunc( ... )
	truncate( ... )
	String upper(STRING string)
	Date utc_date
	Date utc_time
	Date utc_timestamp
	Double var_pop(NUMERIC arg)
	Double var_samp(NUMERIC arg)
	Double variance(NUMERIC arg)
	Integer week(DATE arg)
	Integer year(DATE arg)

2026-03-25 15:56:23 DEBUG core:211 - HHH000513: Unable to create the ReflectionOptimizer for [com.test.Movie]: private accessor [m_location]
2026-03-25 15:56:23 DEBUG core:211 - HHH000513: Unable to create the ReflectionOptimizer for [com.test.ThreeD]: private accessor [m_location]
2026-03-25 15:56:23 DEBUG core:211 - HHH000513: Unable to create the ReflectionOptimizer for [com.test.TwoD]: private accessor [m_location]
2026-03-25 15:56:24 INFO  core:53 - HHH000489: No JTA platform available (set 'hibernate.transaction.jta.platform' to enable JTA platform integration)
2026-03-25 15:56:24 DEBUG service:102 - HHH010454: EventListenerRegistry access via ServiceRegistry is deprecated - use 'sessionFactory.getEventEngine().getListenerRegistry()' instead
2026-03-25 15:56:24 DEBUG Table:101 - No alter strings for table: movies
2026-03-25 15:56:24 DEBUG Table:101 - No alter strings for table: movies_SEQ
2026-03-25 15:56:24 DEBUG Table:101 - No alter strings for table: toD
2026-03-25 15:56:24 DEBUG Table:101 - No alter strings for table: triD
2026-03-25 15:56:24 DEBUG factoryRegistry:86 - HHH020384: Registering SessionFactory [697ddc7d-6ef0-4d1e-a46b-71a6e6de6b50] (<unnamed>)
2026-03-25 15:56:24 DEBUG core:151 - HHH006588: Opening session [tenant=null]
2026-03-25 15:56:24 DEBUG core:74 - HHH006583: Beginning transaction
2026-03-25 15:56:24 DEBUG SQL:126 - 
    select
        next_val as id_val 
    from
        movies_SEQ 
    for
        update
2026-03-25 15:56:24 DEBUG SQL:126 - 
    update
        movies_SEQ 
    set
        next_val= ? 
    where
        next_val=?
2026-03-25 15:56:24 DEBUG core:87 - HHH006584: Committing transaction
2026-03-25 15:56:24 DEBUG event:98 - HHH90060071: Flushed: 3 insertions, 0 updates, 0 deletions to 3 objects
2026-03-25 15:56:24 DEBUG event:104 - HHH90060072: Flushed: 0 (re)creations, 0 updates, 0 removals to 0 collections
2026-03-25 15:56:24 DEBUG core:102 - Listing entities:
2026-03-25 15:56:24 DEBUG core:111 - com.test.ThreeD{m_name=AI animation, director=Upendra, id=254, m_location=null}
2026-03-25 15:56:24 DEBUG core:111 - com.test.Movie{m_name=magadeera, id=252, m_location=India}
2026-03-25 15:56:24 DEBUG core:111 - com.test.TwoD{m_name=KGF, casting=yash, id=253, m_location=null}
2026-03-25 15:56:24 DEBUG SQL:126 - 
    insert 
    into
        movies
        (m_location, m_name, id) 
    values
        (?, ?, ?)
2026-03-25 15:56:24 WARN  error:143 - HHH000247: ErrorCode: 1364, SQLState: HY000
2026-03-25 15:56:24 WARN  error:144 - Field 'movie_type' doesn't have a default value
2026-03-25 15:56:24 DEBUG error:150 - could not execute statement [insert into movies (m_location,m_name,id) values (?,?,?)]
java.sql.SQLException: Field 'movie_type' doesn't have a default value
	at com.mysql.cj.jdbc.exceptions.SQLError.createSQLException(SQLError.java:130) ~[mysql-connector-j-8.0.33.jar:8.0.33]
	at com.mysql.cj.jdbc.exceptions.SQLExceptionsMapping.translateException(SQLExceptionsMapping.java:122) ~[mysql-connector-j-8.0.33.jar:8.0.33]
	at com.mysql.cj.jdbc.ClientPreparedStatement.executeInternal(ClientPreparedStatement.java:916) ~[mysql-connector-j-8.0.33.jar:8.0.33]
	at com.mysql.cj.jdbc.ClientPreparedStatement.executeUpdateInternal(ClientPreparedStatement.java:1061) ~[mysql-connector-j-8.0.33.jar:8.0.33]
	at com.mysql.cj.jdbc.ClientPreparedStatement.executeUpdateInternal(ClientPreparedStatement.java:1009) ~[mysql-connector-j-8.0.33.jar:8.0.33]
	at com.mysql.cj.jdbc.ClientPreparedStatement.executeLargeUpdate(ClientPreparedStatement.java:1320) ~[mysql-connector-j-8.0.33.jar:8.0.33]
	at com.mysql.cj.jdbc.ClientPreparedStatement.executeUpdate(ClientPreparedStatement.java:994) ~[mysql-connector-j-8.0.33.jar:8.0.33]
	at org.hibernate.engine.jdbc.internal.ResultSetReturnImpl.executeUpdate(ResultSetReturnImpl.java:185) [hibernate-core-7.3.0.Final.jar:7.3.0.Final]
	at org.hibernate.engine.jdbc.mutation.internal.AbstractMutationExecutor.performNonBatchedMutation(AbstractMutationExecutor.java:145) [hibernate-core-7.3.0.Final.jar:7.3.0.Final]
	at org.hibernate.engine.jdbc.mutation.internal.MutationExecutorSingleNonBatched.performNonBatchedOperations(MutationExecutorSingleNonBatched.java:53) [hibernate-core-7.3.0.Final.jar:7.3.0.Final]
	at org.hibernate.engine.jdbc.mutation.internal.AbstractMutationExecutor.execute(AbstractMutationExecutor.java:65) [hibernate-core-7.3.0.Final.jar:7.3.0.Final]
	at org.hibernate.engine.jdbc.mutation.internal.AbstractMutationExecutor.execute(AbstractMutationExecutor.java:54) [hibernate-core-7.3.0.Final.jar:7.3.0.Final]
	at org.hibernate.persister.entity.mutation.InsertCoordinatorStandard.doStaticInserts(InsertCoordinatorStandard.java:180) [hibernate-core-7.3.0.Final.jar:7.3.0.Final]
	at org.hibernate.persister.entity.mutation.InsertCoordinatorStandard.coordinateInsert(InsertCoordinatorStandard.java:120) [hibernate-core-7.3.0.Final.jar:7.3.0.Final]
	at org.hibernate.persister.entity.mutation.InsertCoordinatorStandard.insert(InsertCoordinatorStandard.java:93) [hibernate-core-7.3.0.Final.jar:7.3.0.Final]
	at org.hibernate.action.internal.EntityInsertAction.execute(EntityInsertAction.java:108) [hibernate-core-7.3.0.Final.jar:7.3.0.Final]
	at org.hibernate.engine.spi.ActionQueue.executeActions(ActionQueue.java:634) [hibernate-core-7.3.0.Final.jar:7.3.0.Final]
	at org.hibernate.engine.spi.ActionQueue.executeActions(ActionQueue.java:505) [hibernate-core-7.3.0.Final.jar:7.3.0.Final]
	at org.hibernate.event.internal.AbstractFlushingEventListener.performExecutions(AbstractFlushingEventListener.java:381) [hibernate-core-7.3.0.Final.jar:7.3.0.Final]
	at org.hibernate.event.internal.DefaultFlushEventListener.onFlush(DefaultFlushEventListener.java:40) [hibernate-core-7.3.0.Final.jar:7.3.0.Final]
	at org.hibernate.event.service.internal.EventListenerGroupImpl.fireEventOnEachListener(EventListenerGroupImpl.java:138) [hibernate-core-7.3.0.Final.jar:7.3.0.Final]
	at org.hibernate.internal.SessionImpl.fireFlush(SessionImpl.java:1451) [hibernate-core-7.3.0.Final.jar:7.3.0.Final]
	at org.hibernate.internal.SessionImpl.managedFlush(SessionImpl.java:482) [hibernate-core-7.3.0.Final.jar:7.3.0.Final]
	at org.hibernate.internal.SessionImpl.flushBeforeTransactionCompletion(SessionImpl.java:2078) [hibernate-core-7.3.0.Final.jar:7.3.0.Final]
	at org.hibernate.internal.SessionImpl.beforeTransactionCompletion(SessionImpl.java:2000) [hibernate-core-7.3.0.Final.jar:7.3.0.Final]
	at org.hibernate.engine.jdbc.internal.JdbcCoordinatorImpl.beforeTransactionCompletion(JdbcCoordinatorImpl.java:426) [hibernate-core-7.3.0.Final.jar:7.3.0.Final]
	at org.hibernate.resource.transaction.backend.jdbc.internal.JdbcResourceLocalTransactionCoordinatorImpl.beforeCompletionCallback(JdbcResourceLocalTransactionCoordinatorImpl.java:166) [hibernate-core-7.3.0.Final.jar:7.3.0.Final]
	at org.hibernate.resource.transaction.backend.jdbc.internal.JdbcResourceLocalTransactionCoordinatorImpl$TransactionDriverControlImpl.commitNoRollbackOnly(JdbcResourceLocalTransactionCoordinatorImpl.java:251) [hibernate-core-7.3.0.Final.jar:7.3.0.Final]
	at org.hibernate.resource.transaction.backend.jdbc.internal.JdbcResourceLocalTransactionCoordinatorImpl$TransactionDriverControlImpl.commit(JdbcResourceLocalTransactionCoordinatorImpl.java:241) [hibernate-core-7.3.0.Final.jar:7.3.0.Final]
	at org.hibernate.engine.transaction.internal.TransactionImpl.commit(TransactionImpl.java:89) [hibernate-core-7.3.0.Final.jar:7.3.0.Final]
	at com.test.Demo.main(Demo.java:37) [classes/:?]
2026-03-25 15:56:40 DEBUG service:41 - HHH010455: Adding integrator: org.hibernate.boot.beanvalidation.BeanValidationIntegrator
2026-03-25 15:56:40 DEBUG service:41 - HHH010455: Adding integrator: org.hibernate.cache.internal.CollectionCacheInvalidator
2026-03-25 15:56:40 INFO  core:41 - HHH000001: Hibernate ORM core version 7.3.0.Final
2026-03-25 15:56:40 DEBUG core:155 - HHH000206: 'hibernate.properties' not found
2026-03-25 15:56:40 DEBUG boot:97 - HHH160204: cfg.xml document did not define namespaces; wrapping in custom event reader to introduce namespace information
2026-03-25 15:56:40 DEBUG cache:116 - HHH90001031: Cannot default RegionFactory since no RegionFactory strategies were registered
2026-03-25 15:56:40 DEBUG cache:46 - HHH90001029: Second-level cache disabled
2026-03-25 15:56:40 WARN  pooling:86 - HHH10001002: Using built-in connection pool (not intended for production use)
2026-03-25 15:56:41 DEBUG pooling:34 - HHH10001014: Initializing connection pool with 1 connections
2026-03-25 15:56:41 DEBUG jdbc:457 - HHH100017: Database:
	name: MySQL
	version: 8.0.42
	major: 8
	minor: 0
2026-03-25 15:56:41 DEBUG jdbc:463 - HHH100018: Driver:
	name: MySQL Connector/J
	version: mysql-connector-j-8.0.33 (Revision: 7d6b0800528b6b25c68b52dc10d6c1c8429c100c)
	major: 8
	minor: 0
	JDBC version: 4.2
2026-03-25 15:56:41 WARN  deprecation:152 - HHH90000025: MySQLDialect does not need to be specified explicitly using 'hibernate.dialect' (remove the property setting and it will be selected by default)
2026-03-25 15:56:41 DEBUG dialect:93 - HHH035001: Using dialect: org.hibernate.dialect.MySQLDialect, version: 8.0.42
2026-03-25 15:56:41 DEBUG IdentifierHelperBuilder:205 - IdentifierCaseStrategy for both quoted and unquoted identifiers was set to the same strategy [LOWER]; that will likely lead to problems in schema update and validation if using quoted identifiers
2026-03-25 15:56:41 DEBUG jdbc:379 - HHH100122: Using default JDBC fetch size: 0
2026-03-25 15:56:41 INFO  pooling:179 - HHH10001005: Database info:
	Database JDBC URL [jdbc:mysql://localhost:3306/mla]
	Database driver: MySQL Connector/J
	Database dialect: MySQLDialect
	Database version: 8.0.42
	Default catalog/schema: mla/undefined
	Autocommit mode: false
	Isolation level: REPEATABLE_READ
	JDBC fetch size: none
	Pool: DriverManagerConnectionProvider
	Minimum pool size: 1
	Maximum pool size: 20
2026-03-25 15:56:41 DEBUG factory:230 - HHH90020001: Instantiating factory [6b25e4e3-4235-4092-ab2e-c9f427999ae7] with settings: {hibernate.format_sql=true, java.specification.version=25, sun.cpu.isalist=amd64, sun.jnu.encoding=Cp1252, hibernate.dialect=org.hibernate.dialect.MySQLDialect, java.class.path=C:\Users\yashaswini.hs\Desktop\Spring-advance\HibernateInheritance2\target\classes;C:\Users\yashaswini.hs\.m2\repository\com\mysql\mysql-connector-j\8.0.33\mysql-connector-j-8.0.33.jar;C:\Users\yashaswini.hs\.m2\repository\com\google\protobuf\protobuf-java\3.21.9\protobuf-java-3.21.9.jar;C:\Users\yashaswini.hs\.m2\repository\org\hibernate\orm\hibernate-core\7.3.0.Final\hibernate-core-7.3.0.Final.jar;C:\Users\yashaswini.hs\.m2\repository\jakarta\persistence\jakarta.persistence-api\3.2.0\jakarta.persistence-api-3.2.0.jar;C:\Users\yashaswini.hs\.m2\repository\jakarta\transaction\jakarta.transaction-api\2.0.1\jakarta.transaction-api-2.0.1.jar;C:\Users\yashaswini.hs\.m2\repository\org\jboss\logging\jboss-logging\3.6.1.Final\jboss-logging-3.6.1.Final.jar;C:\Users\yashaswini.hs\.m2\repository\org\hibernate\models\hibernate-models\1.1.0\hibernate-models-1.1.0.jar;C:\Users\yashaswini.hs\.m2\repository\net\bytebuddy\byte-buddy\1.18.7\byte-buddy-1.18.7.jar;C:\Users\yashaswini.hs\.m2\repository\jakarta\xml\bind\jakarta.xml.bind-api\4.0.4\jakarta.xml.bind-api-4.0.4.jar;C:\Users\yashaswini.hs\.m2\repository\jakarta\activation\jakarta.activation-api\2.1.4\jakarta.activation-api-2.1.4.jar;C:\Users\yashaswini.hs\.m2\repository\org\glassfish\jaxb\jaxb-runtime\4.0.6\jaxb-runtime-4.0.6.jar;C:\Users\yashaswini.hs\.m2\repository\org\glassfish\jaxb\jaxb-core\4.0.6\jaxb-core-4.0.6.jar;C:\Users\yashaswini.hs\.m2\repository\org\eclipse\angus\angus-activation\2.0.3\angus-activation-2.0.3.jar;C:\Users\yashaswini.hs\.m2\repository\org\glassfish\jaxb\txw2\4.0.6\txw2-4.0.6.jar;C:\Users\yashaswini.hs\.m2\repository\com\sun\istack\istack-commons-runtime\4.1.2\istack-commons-runtime-4.1.2.jar;C:\Users\yashaswini.hs\.m2\repository\jakarta\inject\jakarta.inject-api\2.0.1\jakarta.inject-api-2.0.1.jar;C:\Users\yashaswini.hs\.m2\repository\org\antlr\antlr4-runtime\4.13.2\antlr4-runtime-4.13.2.jar;C:\Users\yashaswini.hs\.m2\repository\org\apache\logging\log4j\log4j-core\2.17.1\log4j-core-2.17.1.jar;C:\Users\yashaswini.hs\.m2\repository\org\apache\logging\log4j\log4j-api\2.17.1\log4j-api-2.17.1.jar;C:\Users\yashaswini.hs\.m2\repository\org\apache\logging\log4j\log4j-slf4j-impl\2.17.1\log4j-slf4j-impl-2.17.1.jar;C:\Users\yashaswini.hs\.m2\repository\org\slf4j\slf4j-api\1.7.25\slf4j-api-1.7.25.jar, java.vm.vendor=Eclipse Adoptium, sun.arch.data.model=64, hbm2ddl.auto=update, user.variant=, java.vendor.url=https://adoptium.net/, user.timezone=Asia/Calcutta, java.vm.specification.version=25, os.name=Windows 11, sun.java.launcher=SUN_STANDARD, user.country=US, sun.boot.library.path=C:\Users\yashaswini.hs\Downloads\sts-5.1.1.RELEASE\plugins\org.eclipse.justj.openjdk.hotspot.jre.full.win32.x86_64_25.0.2.v20260203-1141\jre\bin, sun.java.command=com.test.Demo, jdk.debug=release, sun.cpu.endian=little, user.home=C:\Users\yashaswini.hs, user.language=en, java.specification.vendor=Oracle Corporation, java.version.date=2026-01-20, java.home=C:\Users\yashaswini.hs\Downloads\sts-5.1.1.RELEASE\plugins\org.eclipse.justj.openjdk.hotspot.jre.full.win32.x86_64_25.0.2.v20260203-1141\jre, file.separator=\, java.vm.compressedOopsMode=Zero based, line.separator=
, java.vm.specification.vendor=Oracle Corporation, java.specification.name=Java Platform API Specification, hibernate.hbm2ddl.auto=update, user.script=, sun.management.compiler=HotSpot 64-Bit Tiered Compilers, java.runtime.version=25.0.2+10-LTS, user.name=yashaswini.hs, stdout.encoding=UTF-8, path.separator=;, hibernate.connection.username=****, os.version=10.0, java.runtime.name=OpenJDK Runtime Environment, hibernate.connection.url=jdbc:mysql://localhost:3306/mla, file.encoding=UTF-8, format_sql=true, java.vm.name=OpenJDK 64-Bit Server VM, hibernate.show_sql=true, java.vendor.version=Temurin-25.0.2+10, show_sql=true, hibernate.connection.driver_class=com.mysql.cj.jdbc.Driver, java.vendor.url.bug=https://github.com/adoptium/adoptium-support/issues, java.io.tmpdir=C:\Users\YASHAS~1.HS\AppData\Local\Temp\, java.version=25.0.2, user.dir=C:\Users\yashaswini.hs\Desktop\Spring-advance\HibernateInheritance2, os.arch=amd64, java.vm.specification.name=Java Virtual Machine Specification, hibernate.connection.password=****, sun.os.patch.level=, hibernate.boot.CfgXmlAccessService.key=org.hibernate.boot.cfgxml.spi.LoadedConfig@353f472a, native.encoding=Cp1252, java.library.path=C:\Users\yashaswini.hs\Downloads\sts-5.1.1.RELEASE\plugins\org.eclipse.justj.openjdk.hotspot.jre.full.win32.x86_64_25.0.2.v20260203-1141\jre\bin;C:\WINDOWS\Sun\Java\bin;C:\WINDOWS\system32;C:\WINDOWS;C:/Users/yashaswini.hs/Downloads/sts-5.1.1.RELEASE//plugins/org.eclipse.justj.openjdk.hotspot.jre.full.win32.x86_64_25.0.2.v20260203-1141/jre/bin/server;C:/Users/yashaswini.hs/Downloads/sts-5.1.1.RELEASE//plugins/org.eclipse.justj.openjdk.hotspot.jre.full.win32.x86_64_25.0.2.v20260203-1141/jre/bin;C:\Program Files\Microsoft\jdk-11.0.23.9-hotspot\bin;C:\Program Files\Microsoft\jdk-17.0.15.6-hotspot\bin;C:\Program Files\Python313\Scripts\;C:\Program Files\Python313\;%SystemRoot%\system32;%SystemRoot%;%SystemRoot%\System32\Wbem;%SYSTEMROOT%\System32\WindowsPowerShell\v1.0\;%SYSTEMROOT%\System32\OpenSSH\;C:\Program Files\Git\cmd;C:\Program Files\dotnet\;C:\Program Files\apache-maven-3.9.10\bin;C:\Program Files\nodejs\;C:\Program Files\Microsoft VS Code\bin;C:\Program Files\PuTTY\;C:\Program Files (x86)\Microsoft SQL Server\160\DTS\Binn\;C:\Program Files (x86)\Microsoft SQL Server\160\Tools\Binn\;C:\Program Files\Microsoft SQL Server\160\Tools\Binn\;C:\Program Files\Microsoft SQL Server\Client SDK\ODBC\170\Tools\Binn\;C:\Program Files\Microsoft SQL Server\160\DTS\Binn\;C:\Program Files\apache-maven-3.9.10\bin;C:\Program Files\apache-maven-3.9.10\bin;C:\Program Files\apache-maven-3.9.10\bin;C:\Users\yashaswini.hs\AppData\Local\Microsoft\WindowsApps;;C:\Users\yashaswini.hs\Downloads\sts-5.1.1.RELEASE;;., stderr.encoding=UTF-8, java.vendor=Eclipse Adoptium, java.vm.info=mixed mode, sharing, stdin.encoding=Cp1252, java.vm.version=25.0.2+10-LTS, sun.io.unicode.encoding=UnicodeLittle, java.class.version=69.0}
2026-03-25 15:56:41 DEBUG HQL_FUNCTIONS:155 - Available HQL Functions:
	abs(NUMERIC arg)
	Double acos(NUMERIC arg)
	adddate(DATE datetime, INTEGER days)
	addtime(TIME datetime, TIME time)
	Boolean any(BOOLEAN arg)
	Integer ascii(STRING arg)
	Double asin(NUMERIC arg)
	Double atan(NUMERIC arg)
	Double atan2(NUMERIC arg0, NUMERIC arg1)
	avg(arg)
	bit_and(arg)
	Integer bit_length(STRING_OR_CLOB arg)
	bit_or(arg)
	bitand(arg0, arg1)
	bitnot(arg)
	bitor(arg0, arg1)
	bitxor(arg0, arg1)
	cast(arg as Type)
	ceiling(NUMERIC arg)
	Character char(INTEGER arg)
	Integer character_length(STRING_OR_CLOB arg)
	Character chr(INTEGER arg)
	coalesce(arg0[, arg1[, ...]])
	String collate(STRING string as COLLATION collation)
	String concat(STRING string0[, STRING string1[, ...]])
	Double cos(NUMERIC arg)
	Double cosh(NUMERIC arg)
	Double cot(NUMERIC arg)
	Long count([distinct ]{arg|*})
	Integer crc32(arg)
	Double cume_dist([arg0[, ...]])
	Date curdate()
	Date current date
	Date current time
	Date current timestamp
	Date current_date
	Instant current_instant
	Date current_time
	Date current_timestamp
	Date curtime()
	Date date(arg)
	dateadd(TEMPORAL_UNIT field, INTEGER magnitude, TEMPORAL datetime)
	Integer datediff(DATE end, DATE start)
	Integer day(DATE arg)
	String dayname(DATE arg)
	Integer dayofmonth(DATE arg)
	Integer dayofweek(DATE arg)
	Integer dayofyear(DATE arg)
	Double degrees(NUMERIC arg)
	Long dense_rank([arg0[, ...]])
	Boolean every(BOOLEAN arg)
	Double exp(NUMERIC arg)
	extract(TEMPORAL_UNIT field from TEMPORAL arg)
	first_valueANY value
	floor(NUMERIC arg)
	String format(TEMPORAL datetime as STRING pattern)
	greatest(COMPARABLE arg0, COMPARABLE arg1[, arg2[, ...]])
	String hex(arg)
	Integer hour(TIME arg)
	ifnull(arg0, arg1)
	String insert(STRING string, INTEGER start, INTEGER length, STRING replacement)
	Instant instant
	Integer instr(STRING string, STRING pattern[, INTEGER start[, INTEGER occurrence]])
	String json_array([arg0[, ...]])
	String json_array_append(IMPLICIT_JSON arg0, STRING arg1, ANY arg2)
	String json_array_insert(IMPLICIT_JSON arg0, STRING arg1, ANY arg2)
	String json_arrayagg(arg0[, arg1])
	Boolean json_exists(IMPLICIT_JSON arg0, STRING arg1)
	String json_insert(IMPLICIT_JSON arg0, STRING arg1, ANY arg2)
	String json_mergepatch(IMPLICIT_JSON arg0, IMPLICIT_JSON arg1[, arg2[, ...]])
	String json_object( ... )
	String json_objectagg(arg0, arg1[, arg2, arg3])
	String json_query( ... )
	String json_remove(IMPLICIT_JSON arg0, STRING arg1)
	String json_replace(IMPLICIT_JSON arg0, STRING arg1, ANY arg2)
	String json_set(IMPLICIT_JSON arg0, STRING arg1, ANY arg2)
	json_value( ... )
	lagANY value[, INTEGER offset[, ANY default]]
	Date last_day(DATE arg)
	last_valueANY value
	leadANY value[, INTEGER offset[, ANY default]]
	least(COMPARABLE arg0, COMPARABLE arg1[, arg2[, ...]])
	String left(STRING string, INTEGER length)
	Integer length(STRING_OR_CLOB arg)
	String listagg(STRING arg0, STRING arg1)
	Double ln(NUMERIC arg)
	LocalDate local date
	LocalDateTime local datetime
	LocalTime local time
	LocalDate local_date
	LocalDateTime local_datetime
	LocalTime local_time
	Date localtime
	Date localtimestamp
	Integer locate(STRING pattern, STRING string[, INTEGER start])
	Double log(NUMERIC arg0[, NUMERIC arg1])
	Double log10(NUMERIC arg)
	Double log2(NUMERIC arg)
	String lower(STRING string)
	String lpad(string, length[, padding])
	String ltrim(STRING string[, STRING characters])
	Date makedate(INTEGER year, INTEGER dayofyear)
	Date maketime(INTEGER hour, INTEGER min, INTEGER sec)
	max(COMPARABLE arg)
	byte[] md5(arg)
	Integer microsecond(TIME arg)
	min(COMPARABLE arg)
	Integer minute(TIME arg)
	Integer mod(INTEGER arg0, INTEGER arg1)
	Integer month(DATE arg)
	String monthname(DATE arg)
	Date now()
	nth_valueANY value, INTEGER nth
	nullif(arg0, arg1)
	Integer octet_length(STRING_OR_CLOB arg)
	OffsetDateTime offset datetime
	OffsetDateTime offset_datetime
	Integer ordinal(ENUM arg)
	String overlay(STRING string placing STRING replacement from INTEGER start[ for INTEGER length])
	String pad(STRING string with INTEGER length {leading|trailing}[ STRING character])
	Double percent_rank([arg0[, ...]])
	Double pi
	Integer position(STRING pattern in STRING string)
	Double power(NUMERIC arg0, NUMERIC arg1)
	Integer quarter(DATE arg)
	Double radians(NUMERIC arg)
	Double rand([INTEGER seed])
	Long rank([arg0[, ...]])
	Boolean regexp_like(STRING arg0, STRING arg1[, STRING arg2])
	String repeat(STRING string, INTEGER times)
	String replace(STRING string, STRING pattern, STRING replacement)
	String reverse(STRING arg)
	String right(STRING string, INTEGER length)
	round(NUMERIC number[, INTEGER places])
	Long row_number()
	String rpad(string, length[, padding])
	String rtrim(STRING string[, STRING characters])
	Integer second(TIME arg)
	byte[] sha(arg)
	String sha1(arg)
	String sha2(arg0, arg1)
	Integer sign(NUMERIC arg)
	Double sin(NUMERIC arg)
	Double sinh(NUMERIC arg)
	String soundex(arg)
	String space(INTEGER arg)
	sql
	Double sqrt(NUMERIC arg)
	Double stddev(NUMERIC arg)
	Double stddev_pop(NUMERIC arg)
	Double stddev_samp(NUMERIC arg)
	String str(arg)
	String string(ENUM arg)
	subdate(DATE datetime, INTEGER days)
	String substr(STRING string, INTEGER start[, INTEGER length])
	String substring(STRING string{ from|,} INTEGER start[{ for|,} INTEGER length])
	subtime(TIME datetime, TIME time)
	sum(arg)
	Date sysdate()
	Double tan(NUMERIC arg)
	Double tanh(NUMERIC arg)
	String time(arg)
	Date timestamp(arg0[, arg1])
	timestampadd(TEMPORAL_UNIT field, INTEGER magnitude, TEMPORAL datetime)
	Long|Double timestampdiff(TEMPORAL_UNIT field, TEMPORAL start, TEMPORAL end)
	String trim([[{leading|trailing|both} ][STRING arg0 ]from] STRING arg1)
	trunc( ... )
	truncate( ... )
	String upper(STRING string)
	Date utc_date
	Date utc_time
	Date utc_timestamp
	Double var_pop(NUMERIC arg)
	Double var_samp(NUMERIC arg)
	Double variance(NUMERIC arg)
	Integer week(DATE arg)
	Integer year(DATE arg)

2026-03-25 15:56:42 DEBUG core:211 - HHH000513: Unable to create the ReflectionOptimizer for [com.test.Movie]: private accessor [m_location]
2026-03-25 15:56:42 DEBUG core:211 - HHH000513: Unable to create the ReflectionOptimizer for [com.test.ThreeD]: private accessor [m_location]
2026-03-25 15:56:42 DEBUG core:211 - HHH000513: Unable to create the ReflectionOptimizer for [com.test.TwoD]: private accessor [m_location]
2026-03-25 15:56:42 INFO  core:53 - HHH000489: No JTA platform available (set 'hibernate.transaction.jta.platform' to enable JTA platform integration)
2026-03-25 15:56:42 DEBUG service:102 - HHH010454: EventListenerRegistry access via ServiceRegistry is deprecated - use 'sessionFactory.getEventEngine().getListenerRegistry()' instead
2026-03-25 15:56:42 DEBUG SQL:126 - 
    create table movies (
        id integer not null,
        m_location varchar(255),
        m_name varchar(255),
        primary key (id)
    ) engine=InnoDB
2026-03-25 15:56:43 DEBUG Table:101 - No alter strings for table: movies_SEQ
2026-03-25 15:56:43 DEBUG Table:101 - No alter strings for table: toD
2026-03-25 15:56:43 DEBUG Table:101 - No alter strings for table: triD
2026-03-25 15:56:43 DEBUG factoryRegistry:86 - HHH020384: Registering SessionFactory [6b25e4e3-4235-4092-ab2e-c9f427999ae7] (<unnamed>)
2026-03-25 15:56:43 DEBUG core:151 - HHH006588: Opening session [tenant=null]
2026-03-25 15:56:43 DEBUG core:74 - HHH006583: Beginning transaction
2026-03-25 15:56:43 DEBUG SQL:126 - 
    select
        next_val as id_val 
    from
        movies_SEQ 
    for
        update
2026-03-25 15:56:43 DEBUG SQL:126 - 
    update
        movies_SEQ 
    set
        next_val= ? 
    where
        next_val=?
2026-03-25 15:56:43 DEBUG core:87 - HHH006584: Committing transaction
2026-03-25 15:56:43 DEBUG event:98 - HHH90060071: Flushed: 3 insertions, 0 updates, 0 deletions to 3 objects
2026-03-25 15:56:43 DEBUG event:104 - HHH90060072: Flushed: 0 (re)creations, 0 updates, 0 removals to 0 collections
2026-03-25 15:56:43 DEBUG core:102 - Listing entities:
2026-03-25 15:56:43 DEBUG core:111 - com.test.Movie{m_name=magadeera, id=302, m_location=India}
2026-03-25 15:56:43 DEBUG core:111 - com.test.TwoD{m_name=KGF, casting=yash, id=303, m_location=null}
2026-03-25 15:56:43 DEBUG core:111 - com.test.ThreeD{m_name=AI animation, director=Upendra, id=304, m_location=null}
2026-03-25 15:56:43 DEBUG SQL:126 - 
    insert 
    into
        movies
        (m_location, m_name, id) 
    values
        (?, ?, ?)
2026-03-25 15:56:43 DEBUG SQL:126 - 
    insert 
    into
        toD
        (m_location, m_name, casting, id) 
    values
        (?, ?, ?, ?)
2026-03-25 15:56:43 DEBUG SQL:126 - 
    insert 
    into
        triD
        (m_location, m_name, director, id) 
    values
        (?, ?, ?, ?)
2026-03-25 15:58:02 DEBUG service:41 - HHH010455: Adding integrator: org.hibernate.boot.beanvalidation.BeanValidationIntegrator
2026-03-25 15:58:02 DEBUG service:41 - HHH010455: Adding integrator: org.hibernate.cache.internal.CollectionCacheInvalidator
2026-03-25 15:58:02 INFO  core:41 - HHH000001: Hibernate ORM core version 7.3.0.Final
2026-03-25 15:58:02 DEBUG core:155 - HHH000206: 'hibernate.properties' not found
2026-03-25 15:58:02 DEBUG boot:97 - HHH160204: cfg.xml document did not define namespaces; wrapping in custom event reader to introduce namespace information
2026-03-25 15:58:02 DEBUG cache:116 - HHH90001031: Cannot default RegionFactory since no RegionFactory strategies were registered
2026-03-25 15:58:02 DEBUG cache:46 - HHH90001029: Second-level cache disabled
2026-03-25 15:58:02 WARN  pooling:86 - HHH10001002: Using built-in connection pool (not intended for production use)
2026-03-25 15:58:03 DEBUG pooling:34 - HHH10001014: Initializing connection pool with 1 connections
2026-03-25 15:58:03 DEBUG jdbc:457 - HHH100017: Database:
	name: MySQL
	version: 8.0.42
	major: 8
	minor: 0
2026-03-25 15:58:03 DEBUG jdbc:463 - HHH100018: Driver:
	name: MySQL Connector/J
	version: mysql-connector-j-8.0.33 (Revision: 7d6b0800528b6b25c68b52dc10d6c1c8429c100c)
	major: 8
	minor: 0
	JDBC version: 4.2
2026-03-25 15:58:03 WARN  deprecation:152 - HHH90000025: MySQLDialect does not need to be specified explicitly using 'hibernate.dialect' (remove the property setting and it will be selected by default)
2026-03-25 15:58:03 DEBUG dialect:93 - HHH035001: Using dialect: org.hibernate.dialect.MySQLDialect, version: 8.0.42
2026-03-25 15:58:03 DEBUG IdentifierHelperBuilder:205 - IdentifierCaseStrategy for both quoted and unquoted identifiers was set to the same strategy [LOWER]; that will likely lead to problems in schema update and validation if using quoted identifiers
2026-03-25 15:58:03 DEBUG jdbc:379 - HHH100122: Using default JDBC fetch size: 0
2026-03-25 15:58:03 INFO  pooling:179 - HHH10001005: Database info:
	Database JDBC URL [jdbc:mysql://localhost:3306/mla]
	Database driver: MySQL Connector/J
	Database dialect: MySQLDialect
	Database version: 8.0.42
	Default catalog/schema: mla/undefined
	Autocommit mode: false
	Isolation level: REPEATABLE_READ
	JDBC fetch size: none
	Pool: DriverManagerConnectionProvider
	Minimum pool size: 1
	Maximum pool size: 20
2026-03-25 15:58:03 DEBUG factory:230 - HHH90020001: Instantiating factory [5a6887a2-6bb0-4142-b28f-f1a7de6e19f2] with settings: {hibernate.format_sql=true, java.specification.version=25, sun.cpu.isalist=amd64, sun.jnu.encoding=Cp1252, hibernate.dialect=org.hibernate.dialect.MySQLDialect, java.class.path=C:\Users\yashaswini.hs\Desktop\Spring-advance\HibernateInheritance2\target\classes;C:\Users\yashaswini.hs\.m2\repository\com\mysql\mysql-connector-j\8.0.33\mysql-connector-j-8.0.33.jar;C:\Users\yashaswini.hs\.m2\repository\com\google\protobuf\protobuf-java\3.21.9\protobuf-java-3.21.9.jar;C:\Users\yashaswini.hs\.m2\repository\org\hibernate\orm\hibernate-core\7.3.0.Final\hibernate-core-7.3.0.Final.jar;C:\Users\yashaswini.hs\.m2\repository\jakarta\persistence\jakarta.persistence-api\3.2.0\jakarta.persistence-api-3.2.0.jar;C:\Users\yashaswini.hs\.m2\repository\jakarta\transaction\jakarta.transaction-api\2.0.1\jakarta.transaction-api-2.0.1.jar;C:\Users\yashaswini.hs\.m2\repository\org\jboss\logging\jboss-logging\3.6.1.Final\jboss-logging-3.6.1.Final.jar;C:\Users\yashaswini.hs\.m2\repository\org\hibernate\models\hibernate-models\1.1.0\hibernate-models-1.1.0.jar;C:\Users\yashaswini.hs\.m2\repository\net\bytebuddy\byte-buddy\1.18.7\byte-buddy-1.18.7.jar;C:\Users\yashaswini.hs\.m2\repository\jakarta\xml\bind\jakarta.xml.bind-api\4.0.4\jakarta.xml.bind-api-4.0.4.jar;C:\Users\yashaswini.hs\.m2\repository\jakarta\activation\jakarta.activation-api\2.1.4\jakarta.activation-api-2.1.4.jar;C:\Users\yashaswini.hs\.m2\repository\org\glassfish\jaxb\jaxb-runtime\4.0.6\jaxb-runtime-4.0.6.jar;C:\Users\yashaswini.hs\.m2\repository\org\glassfish\jaxb\jaxb-core\4.0.6\jaxb-core-4.0.6.jar;C:\Users\yashaswini.hs\.m2\repository\org\eclipse\angus\angus-activation\2.0.3\angus-activation-2.0.3.jar;C:\Users\yashaswini.hs\.m2\repository\org\glassfish\jaxb\txw2\4.0.6\txw2-4.0.6.jar;C:\Users\yashaswini.hs\.m2\repository\com\sun\istack\istack-commons-runtime\4.1.2\istack-commons-runtime-4.1.2.jar;C:\Users\yashaswini.hs\.m2\repository\jakarta\inject\jakarta.inject-api\2.0.1\jakarta.inject-api-2.0.1.jar;C:\Users\yashaswini.hs\.m2\repository\org\antlr\antlr4-runtime\4.13.2\antlr4-runtime-4.13.2.jar;C:\Users\yashaswini.hs\.m2\repository\org\apache\logging\log4j\log4j-core\2.17.1\log4j-core-2.17.1.jar;C:\Users\yashaswini.hs\.m2\repository\org\apache\logging\log4j\log4j-api\2.17.1\log4j-api-2.17.1.jar;C:\Users\yashaswini.hs\.m2\repository\org\apache\logging\log4j\log4j-slf4j-impl\2.17.1\log4j-slf4j-impl-2.17.1.jar;C:\Users\yashaswini.hs\.m2\repository\org\slf4j\slf4j-api\1.7.25\slf4j-api-1.7.25.jar, java.vm.vendor=Eclipse Adoptium, sun.arch.data.model=64, hbm2ddl.auto=update, user.variant=, java.vendor.url=https://adoptium.net/, user.timezone=Asia/Calcutta, java.vm.specification.version=25, os.name=Windows 11, sun.java.launcher=SUN_STANDARD, user.country=US, sun.boot.library.path=C:\Users\yashaswini.hs\Downloads\sts-5.1.1.RELEASE\plugins\org.eclipse.justj.openjdk.hotspot.jre.full.win32.x86_64_25.0.2.v20260203-1141\jre\bin, sun.java.command=com.test.Demo, jdk.debug=release, sun.cpu.endian=little, user.home=C:\Users\yashaswini.hs, user.language=en, java.specification.vendor=Oracle Corporation, java.version.date=2026-01-20, java.home=C:\Users\yashaswini.hs\Downloads\sts-5.1.1.RELEASE\plugins\org.eclipse.justj.openjdk.hotspot.jre.full.win32.x86_64_25.0.2.v20260203-1141\jre, file.separator=\, java.vm.compressedOopsMode=Zero based, line.separator=
, java.vm.specification.vendor=Oracle Corporation, java.specification.name=Java Platform API Specification, hibernate.hbm2ddl.auto=update, user.script=, sun.management.compiler=HotSpot 64-Bit Tiered Compilers, java.runtime.version=25.0.2+10-LTS, user.name=yashaswini.hs, stdout.encoding=UTF-8, path.separator=;, hibernate.connection.username=****, os.version=10.0, java.runtime.name=OpenJDK Runtime Environment, hibernate.connection.url=jdbc:mysql://localhost:3306/mla, file.encoding=UTF-8, format_sql=true, java.vm.name=OpenJDK 64-Bit Server VM, hibernate.show_sql=true, java.vendor.version=Temurin-25.0.2+10, show_sql=true, hibernate.connection.driver_class=com.mysql.cj.jdbc.Driver, java.vendor.url.bug=https://github.com/adoptium/adoptium-support/issues, java.io.tmpdir=C:\Users\YASHAS~1.HS\AppData\Local\Temp\, java.version=25.0.2, user.dir=C:\Users\yashaswini.hs\Desktop\Spring-advance\HibernateInheritance2, os.arch=amd64, java.vm.specification.name=Java Virtual Machine Specification, hibernate.connection.password=****, sun.os.patch.level=, hibernate.boot.CfgXmlAccessService.key=org.hibernate.boot.cfgxml.spi.LoadedConfig@353f472a, native.encoding=Cp1252, java.library.path=C:\Users\yashaswini.hs\Downloads\sts-5.1.1.RELEASE\plugins\org.eclipse.justj.openjdk.hotspot.jre.full.win32.x86_64_25.0.2.v20260203-1141\jre\bin;C:\WINDOWS\Sun\Java\bin;C:\WINDOWS\system32;C:\WINDOWS;C:/Users/yashaswini.hs/Downloads/sts-5.1.1.RELEASE//plugins/org.eclipse.justj.openjdk.hotspot.jre.full.win32.x86_64_25.0.2.v20260203-1141/jre/bin/server;C:/Users/yashaswini.hs/Downloads/sts-5.1.1.RELEASE//plugins/org.eclipse.justj.openjdk.hotspot.jre.full.win32.x86_64_25.0.2.v20260203-1141/jre/bin;C:\Program Files\Microsoft\jdk-11.0.23.9-hotspot\bin;C:\Program Files\Microsoft\jdk-17.0.15.6-hotspot\bin;C:\Program Files\Python313\Scripts\;C:\Program Files\Python313\;%SystemRoot%\system32;%SystemRoot%;%SystemRoot%\System32\Wbem;%SYSTEMROOT%\System32\WindowsPowerShell\v1.0\;%SYSTEMROOT%\System32\OpenSSH\;C:\Program Files\Git\cmd;C:\Program Files\dotnet\;C:\Program Files\apache-maven-3.9.10\bin;C:\Program Files\nodejs\;C:\Program Files\Microsoft VS Code\bin;C:\Program Files\PuTTY\;C:\Program Files (x86)\Microsoft SQL Server\160\DTS\Binn\;C:\Program Files (x86)\Microsoft SQL Server\160\Tools\Binn\;C:\Program Files\Microsoft SQL Server\160\Tools\Binn\;C:\Program Files\Microsoft SQL Server\Client SDK\ODBC\170\Tools\Binn\;C:\Program Files\Microsoft SQL Server\160\DTS\Binn\;C:\Program Files\apache-maven-3.9.10\bin;C:\Program Files\apache-maven-3.9.10\bin;C:\Program Files\apache-maven-3.9.10\bin;C:\Users\yashaswini.hs\AppData\Local\Microsoft\WindowsApps;;C:\Users\yashaswini.hs\Downloads\sts-5.1.1.RELEASE;;., stderr.encoding=UTF-8, java.vendor=Eclipse Adoptium, java.vm.info=mixed mode, sharing, stdin.encoding=Cp1252, java.vm.version=25.0.2+10-LTS, sun.io.unicode.encoding=UnicodeLittle, java.class.version=69.0}
2026-03-25 15:58:03 DEBUG HQL_FUNCTIONS:155 - Available HQL Functions:
	abs(NUMERIC arg)
	Double acos(NUMERIC arg)
	adddate(DATE datetime, INTEGER days)
	addtime(TIME datetime, TIME time)
	Boolean any(BOOLEAN arg)
	Integer ascii(STRING arg)
	Double asin(NUMERIC arg)
	Double atan(NUMERIC arg)
	Double atan2(NUMERIC arg0, NUMERIC arg1)
	avg(arg)
	bit_and(arg)
	Integer bit_length(STRING_OR_CLOB arg)
	bit_or(arg)
	bitand(arg0, arg1)
	bitnot(arg)
	bitor(arg0, arg1)
	bitxor(arg0, arg1)
	cast(arg as Type)
	ceiling(NUMERIC arg)
	Character char(INTEGER arg)
	Integer character_length(STRING_OR_CLOB arg)
	Character chr(INTEGER arg)
	coalesce(arg0[, arg1[, ...]])
	String collate(STRING string as COLLATION collation)
	String concat(STRING string0[, STRING string1[, ...]])
	Double cos(NUMERIC arg)
	Double cosh(NUMERIC arg)
	Double cot(NUMERIC arg)
	Long count([distinct ]{arg|*})
	Integer crc32(arg)
	Double cume_dist([arg0[, ...]])
	Date curdate()
	Date current date
	Date current time
	Date current timestamp
	Date current_date
	Instant current_instant
	Date current_time
	Date current_timestamp
	Date curtime()
	Date date(arg)
	dateadd(TEMPORAL_UNIT field, INTEGER magnitude, TEMPORAL datetime)
	Integer datediff(DATE end, DATE start)
	Integer day(DATE arg)
	String dayname(DATE arg)
	Integer dayofmonth(DATE arg)
	Integer dayofweek(DATE arg)
	Integer dayofyear(DATE arg)
	Double degrees(NUMERIC arg)
	Long dense_rank([arg0[, ...]])
	Boolean every(BOOLEAN arg)
	Double exp(NUMERIC arg)
	extract(TEMPORAL_UNIT field from TEMPORAL arg)
	first_valueANY value
	floor(NUMERIC arg)
	String format(TEMPORAL datetime as STRING pattern)
	greatest(COMPARABLE arg0, COMPARABLE arg1[, arg2[, ...]])
	String hex(arg)
	Integer hour(TIME arg)
	ifnull(arg0, arg1)
	String insert(STRING string, INTEGER start, INTEGER length, STRING replacement)
	Instant instant
	Integer instr(STRING string, STRING pattern[, INTEGER start[, INTEGER occurrence]])
	String json_array([arg0[, ...]])
	String json_array_append(IMPLICIT_JSON arg0, STRING arg1, ANY arg2)
	String json_array_insert(IMPLICIT_JSON arg0, STRING arg1, ANY arg2)
	String json_arrayagg(arg0[, arg1])
	Boolean json_exists(IMPLICIT_JSON arg0, STRING arg1)
	String json_insert(IMPLICIT_JSON arg0, STRING arg1, ANY arg2)
	String json_mergepatch(IMPLICIT_JSON arg0, IMPLICIT_JSON arg1[, arg2[, ...]])
	String json_object( ... )
	String json_objectagg(arg0, arg1[, arg2, arg3])
	String json_query( ... )
	String json_remove(IMPLICIT_JSON arg0, STRING arg1)
	String json_replace(IMPLICIT_JSON arg0, STRING arg1, ANY arg2)
	String json_set(IMPLICIT_JSON arg0, STRING arg1, ANY arg2)
	json_value( ... )
	lagANY value[, INTEGER offset[, ANY default]]
	Date last_day(DATE arg)
	last_valueANY value
	leadANY value[, INTEGER offset[, ANY default]]
	least(COMPARABLE arg0, COMPARABLE arg1[, arg2[, ...]])
	String left(STRING string, INTEGER length)
	Integer length(STRING_OR_CLOB arg)
	String listagg(STRING arg0, STRING arg1)
	Double ln(NUMERIC arg)
	LocalDate local date
	LocalDateTime local datetime
	LocalTime local time
	LocalDate local_date
	LocalDateTime local_datetime
	LocalTime local_time
	Date localtime
	Date localtimestamp
	Integer locate(STRING pattern, STRING string[, INTEGER start])
	Double log(NUMERIC arg0[, NUMERIC arg1])
	Double log10(NUMERIC arg)
	Double log2(NUMERIC arg)
	String lower(STRING string)
	String lpad(string, length[, padding])
	String ltrim(STRING string[, STRING characters])
	Date makedate(INTEGER year, INTEGER dayofyear)
	Date maketime(INTEGER hour, INTEGER min, INTEGER sec)
	max(COMPARABLE arg)
	byte[] md5(arg)
	Integer microsecond(TIME arg)
	min(COMPARABLE arg)
	Integer minute(TIME arg)
	Integer mod(INTEGER arg0, INTEGER arg1)
	Integer month(DATE arg)
	String monthname(DATE arg)
	Date now()
	nth_valueANY value, INTEGER nth
	nullif(arg0, arg1)
	Integer octet_length(STRING_OR_CLOB arg)
	OffsetDateTime offset datetime
	OffsetDateTime offset_datetime
	Integer ordinal(ENUM arg)
	String overlay(STRING string placing STRING replacement from INTEGER start[ for INTEGER length])
	String pad(STRING string with INTEGER length {leading|trailing}[ STRING character])
	Double percent_rank([arg0[, ...]])
	Double pi
	Integer position(STRING pattern in STRING string)
	Double power(NUMERIC arg0, NUMERIC arg1)
	Integer quarter(DATE arg)
	Double radians(NUMERIC arg)
	Double rand([INTEGER seed])
	Long rank([arg0[, ...]])
	Boolean regexp_like(STRING arg0, STRING arg1[, STRING arg2])
	String repeat(STRING string, INTEGER times)
	String replace(STRING string, STRING pattern, STRING replacement)
	String reverse(STRING arg)
	String right(STRING string, INTEGER length)
	round(NUMERIC number[, INTEGER places])
	Long row_number()
	String rpad(string, length[, padding])
	String rtrim(STRING string[, STRING characters])
	Integer second(TIME arg)
	byte[] sha(arg)
	String sha1(arg)
	String sha2(arg0, arg1)
	Integer sign(NUMERIC arg)
	Double sin(NUMERIC arg)
	Double sinh(NUMERIC arg)
	String soundex(arg)
	String space(INTEGER arg)
	sql
	Double sqrt(NUMERIC arg)
	Double stddev(NUMERIC arg)
	Double stddev_pop(NUMERIC arg)
	Double stddev_samp(NUMERIC arg)
	String str(arg)
	String string(ENUM arg)
	subdate(DATE datetime, INTEGER days)
	String substr(STRING string, INTEGER start[, INTEGER length])
	String substring(STRING string{ from|,} INTEGER start[{ for|,} INTEGER length])
	subtime(TIME datetime, TIME time)
	sum(arg)
	Date sysdate()
	Double tan(NUMERIC arg)
	Double tanh(NUMERIC arg)
	String time(arg)
	Date timestamp(arg0[, arg1])
	timestampadd(TEMPORAL_UNIT field, INTEGER magnitude, TEMPORAL datetime)
	Long|Double timestampdiff(TEMPORAL_UNIT field, TEMPORAL start, TEMPORAL end)
	String trim([[{leading|trailing|both} ][STRING arg0 ]from] STRING arg1)
	trunc( ... )
	truncate( ... )
	String upper(STRING string)
	Date utc_date
	Date utc_time
	Date utc_timestamp
	Double var_pop(NUMERIC arg)
	Double var_samp(NUMERIC arg)
	Double variance(NUMERIC arg)
	Integer week(DATE arg)
	Integer year(DATE arg)

2026-03-25 15:58:03 DEBUG core:211 - HHH000513: Unable to create the ReflectionOptimizer for [com.test.Movie]: private accessor [m_location]
2026-03-25 15:58:03 DEBUG core:211 - HHH000513: Unable to create the ReflectionOptimizer for [com.test.ThreeD]: private accessor [m_location]
2026-03-25 15:58:03 DEBUG core:211 - HHH000513: Unable to create the ReflectionOptimizer for [com.test.TwoD]: private accessor [m_location]
2026-03-25 15:58:04 INFO  core:53 - HHH000489: No JTA platform available (set 'hibernate.transaction.jta.platform' to enable JTA platform integration)
2026-03-25 15:58:04 DEBUG service:102 - HHH010454: EventListenerRegistry access via ServiceRegistry is deprecated - use 'sessionFactory.getEventEngine().getListenerRegistry()' instead
2026-03-25 15:58:04 DEBUG Table:101 - No alter strings for table: movies
2026-03-25 15:58:04 DEBUG Table:101 - No alter strings for table: movies_SEQ
2026-03-25 15:58:04 DEBUG Table:101 - No alter strings for table: toD
2026-03-25 15:58:04 DEBUG Table:101 - No alter strings for table: triD
2026-03-25 15:58:04 DEBUG factoryRegistry:86 - HHH020384: Registering SessionFactory [5a6887a2-6bb0-4142-b28f-f1a7de6e19f2] (<unnamed>)
2026-03-25 15:58:04 DEBUG core:151 - HHH006588: Opening session [tenant=null]
2026-03-25 15:58:04 DEBUG core:74 - HHH006583: Beginning transaction
2026-03-25 15:58:04 DEBUG SQL:126 - 
    select
        next_val as id_val 
    from
        movies_SEQ 
    for
        update
2026-03-25 15:58:04 DEBUG SQL:126 - 
    update
        movies_SEQ 
    set
        next_val= ? 
    where
        next_val=?
2026-03-25 15:58:04 DEBUG core:87 - HHH006584: Committing transaction
2026-03-25 15:58:04 DEBUG event:98 - HHH90060071: Flushed: 3 insertions, 0 updates, 0 deletions to 3 objects
2026-03-25 15:58:04 DEBUG event:104 - HHH90060072: Flushed: 0 (re)creations, 0 updates, 0 removals to 0 collections
2026-03-25 15:58:04 DEBUG core:102 - Listing entities:
2026-03-25 15:58:04 DEBUG core:111 - com.test.Movie{m_name=magadeera, id=352, m_location=India}
2026-03-25 15:58:04 DEBUG core:111 - com.test.TwoD{m_name=KGF, casting=yash, id=353, m_location=null}
2026-03-25 15:58:04 DEBUG core:111 - com.test.ThreeD{m_name=AI animation, director=Upendra, id=354, m_location=null}
2026-03-25 15:58:04 DEBUG SQL:126 - 
    insert 
    into
        movies
        (m_location, m_name, id) 
    values
        (?, ?, ?)
2026-03-25 15:58:04 DEBUG SQL:126 - 
    insert 
    into
        toD
        (m_location, m_name, casting, id) 
    values
        (?, ?, ?, ?)
2026-03-25 15:58:04 DEBUG SQL:126 - 
    insert 
    into
        triD
        (m_location, m_name, director, id) 
    values
        (?, ?, ?, ?)
2026-03-25 16:00:06 DEBUG service:41 - HHH010455: Adding integrator: org.hibernate.boot.beanvalidation.BeanValidationIntegrator
2026-03-25 16:00:06 DEBUG service:41 - HHH010455: Adding integrator: org.hibernate.cache.internal.CollectionCacheInvalidator
2026-03-25 16:00:06 INFO  core:41 - HHH000001: Hibernate ORM core version 7.3.0.Final
2026-03-25 16:00:06 DEBUG core:155 - HHH000206: 'hibernate.properties' not found
2026-03-25 16:00:06 DEBUG boot:97 - HHH160204: cfg.xml document did not define namespaces; wrapping in custom event reader to introduce namespace information
2026-03-25 16:00:06 DEBUG service:41 - HHH010455: Adding integrator: org.hibernate.boot.beanvalidation.BeanValidationIntegrator
2026-03-25 16:00:06 DEBUG service:41 - HHH010455: Adding integrator: org.hibernate.cache.internal.CollectionCacheInvalidator
2026-03-25 16:00:06 INFO  core:41 - HHH000001: Hibernate ORM core version 7.3.0.Final
2026-03-25 16:00:06 DEBUG core:155 - HHH000206: 'hibernate.properties' not found
2026-03-25 16:00:06 DEBUG boot:97 - HHH160204: cfg.xml document did not define namespaces; wrapping in custom event reader to introduce namespace information
2026-03-25 16:00:06 DEBUG cache:116 - HHH90001031: Cannot default RegionFactory since no RegionFactory strategies were registered
2026-03-25 16:00:06 DEBUG cache:46 - HHH90001029: Second-level cache disabled
2026-03-25 16:00:07 DEBUG cache:116 - HHH90001031: Cannot default RegionFactory since no RegionFactory strategies were registered
2026-03-25 16:00:07 DEBUG cache:46 - HHH90001029: Second-level cache disabled
2026-03-25 16:00:07 WARN  pooling:86 - HHH10001002: Using built-in connection pool (not intended for production use)
2026-03-25 16:00:07 WARN  pooling:86 - HHH10001002: Using built-in connection pool (not intended for production use)
2026-03-25 16:00:07 DEBUG pooling:34 - HHH10001014: Initializing connection pool with 1 connections
2026-03-25 16:00:07 DEBUG jdbc:457 - HHH100017: Database:
	name: MySQL
	version: 8.0.42
	major: 8
	minor: 0
2026-03-25 16:00:07 DEBUG jdbc:463 - HHH100018: Driver:
	name: MySQL Connector/J
	version: mysql-connector-j-8.0.33 (Revision: 7d6b0800528b6b25c68b52dc10d6c1c8429c100c)
	major: 8
	minor: 0
	JDBC version: 4.2
2026-03-25 16:00:07 WARN  deprecation:152 - HHH90000025: MySQLDialect does not need to be specified explicitly using 'hibernate.dialect' (remove the property setting and it will be selected by default)
2026-03-25 16:00:07 DEBUG dialect:93 - HHH035001: Using dialect: org.hibernate.dialect.MySQLDialect, version: 8.0.42
2026-03-25 16:00:07 DEBUG IdentifierHelperBuilder:205 - IdentifierCaseStrategy for both quoted and unquoted identifiers was set to the same strategy [LOWER]; that will likely lead to problems in schema update and validation if using quoted identifiers
2026-03-25 16:00:07 DEBUG jdbc:379 - HHH100122: Using default JDBC fetch size: 0
2026-03-25 16:00:07 INFO  pooling:179 - HHH10001005: Database info:
	Database JDBC URL [jdbc:mysql://localhost:3306/mla]
	Database driver: MySQL Connector/J
	Database dialect: MySQLDialect
	Database version: 8.0.42
	Default catalog/schema: mla/undefined
	Autocommit mode: false
	Isolation level: REPEATABLE_READ
	JDBC fetch size: none
	Pool: DriverManagerConnectionProvider
	Minimum pool size: 1
	Maximum pool size: 20
2026-03-25 16:00:07 DEBUG pooling:34 - HHH10001014: Initializing connection pool with 1 connections
2026-03-25 16:00:07 DEBUG jdbc:457 - HHH100017: Database:
	name: MySQL
	version: 8.0.42
	major: 8
	minor: 0
2026-03-25 16:00:07 DEBUG jdbc:463 - HHH100018: Driver:
	name: MySQL Connector/J
	version: mysql-connector-j-8.0.33 (Revision: 7d6b0800528b6b25c68b52dc10d6c1c8429c100c)
	major: 8
	minor: 0
	JDBC version: 4.2
2026-03-25 16:00:08 WARN  deprecation:152 - HHH90000025: MySQLDialect does not need to be specified explicitly using 'hibernate.dialect' (remove the property setting and it will be selected by default)
2026-03-25 16:00:08 DEBUG dialect:93 - HHH035001: Using dialect: org.hibernate.dialect.MySQLDialect, version: 8.0.42
2026-03-25 16:00:08 DEBUG IdentifierHelperBuilder:205 - IdentifierCaseStrategy for both quoted and unquoted identifiers was set to the same strategy [LOWER]; that will likely lead to problems in schema update and validation if using quoted identifiers
2026-03-25 16:00:08 DEBUG jdbc:379 - HHH100122: Using default JDBC fetch size: 0
2026-03-25 16:00:08 INFO  pooling:179 - HHH10001005: Database info:
	Database JDBC URL [jdbc:mysql://localhost:3306/mla]
	Database driver: MySQL Connector/J
	Database dialect: MySQLDialect
	Database version: 8.0.42
	Default catalog/schema: mla/undefined
	Autocommit mode: false
	Isolation level: REPEATABLE_READ
	JDBC fetch size: none
	Pool: DriverManagerConnectionProvider
	Minimum pool size: 1
	Maximum pool size: 20
2026-03-25 16:00:08 DEBUG factory:230 - HHH90020001: Instantiating factory [86addc12-aadf-4880-b954-9f8228ca9794] with settings: {hibernate.format_sql=true, java.specification.version=25, sun.cpu.isalist=amd64, sun.jnu.encoding=Cp1252, hibernate.dialect=org.hibernate.dialect.MySQLDialect, java.class.path=C:\Users\yashaswini.hs\Desktop\Spring-advance\HibernateInheritance2\target\classes;C:\Users\yashaswini.hs\.m2\repository\com\mysql\mysql-connector-j\8.0.33\mysql-connector-j-8.0.33.jar;C:\Users\yashaswini.hs\.m2\repository\com\google\protobuf\protobuf-java\3.21.9\protobuf-java-3.21.9.jar;C:\Users\yashaswini.hs\.m2\repository\org\hibernate\orm\hibernate-core\7.3.0.Final\hibernate-core-7.3.0.Final.jar;C:\Users\yashaswini.hs\.m2\repository\jakarta\persistence\jakarta.persistence-api\3.2.0\jakarta.persistence-api-3.2.0.jar;C:\Users\yashaswini.hs\.m2\repository\jakarta\transaction\jakarta.transaction-api\2.0.1\jakarta.transaction-api-2.0.1.jar;C:\Users\yashaswini.hs\.m2\repository\org\jboss\logging\jboss-logging\3.6.1.Final\jboss-logging-3.6.1.Final.jar;C:\Users\yashaswini.hs\.m2\repository\org\hibernate\models\hibernate-models\1.1.0\hibernate-models-1.1.0.jar;C:\Users\yashaswini.hs\.m2\repository\net\bytebuddy\byte-buddy\1.18.7\byte-buddy-1.18.7.jar;C:\Users\yashaswini.hs\.m2\repository\jakarta\xml\bind\jakarta.xml.bind-api\4.0.4\jakarta.xml.bind-api-4.0.4.jar;C:\Users\yashaswini.hs\.m2\repository\jakarta\activation\jakarta.activation-api\2.1.4\jakarta.activation-api-2.1.4.jar;C:\Users\yashaswini.hs\.m2\repository\org\glassfish\jaxb\jaxb-runtime\4.0.6\jaxb-runtime-4.0.6.jar;C:\Users\yashaswini.hs\.m2\repository\org\glassfish\jaxb\jaxb-core\4.0.6\jaxb-core-4.0.6.jar;C:\Users\yashaswini.hs\.m2\repository\org\eclipse\angus\angus-activation\2.0.3\angus-activation-2.0.3.jar;C:\Users\yashaswini.hs\.m2\repository\org\glassfish\jaxb\txw2\4.0.6\txw2-4.0.6.jar;C:\Users\yashaswini.hs\.m2\repository\com\sun\istack\istack-commons-runtime\4.1.2\istack-commons-runtime-4.1.2.jar;C:\Users\yashaswini.hs\.m2\repository\jakarta\inject\jakarta.inject-api\2.0.1\jakarta.inject-api-2.0.1.jar;C:\Users\yashaswini.hs\.m2\repository\org\antlr\antlr4-runtime\4.13.2\antlr4-runtime-4.13.2.jar;C:\Users\yashaswini.hs\.m2\repository\org\apache\logging\log4j\log4j-core\2.17.1\log4j-core-2.17.1.jar;C:\Users\yashaswini.hs\.m2\repository\org\apache\logging\log4j\log4j-api\2.17.1\log4j-api-2.17.1.jar;C:\Users\yashaswini.hs\.m2\repository\org\apache\logging\log4j\log4j-slf4j-impl\2.17.1\log4j-slf4j-impl-2.17.1.jar;C:\Users\yashaswini.hs\.m2\repository\org\slf4j\slf4j-api\1.7.25\slf4j-api-1.7.25.jar, java.vm.vendor=Eclipse Adoptium, sun.arch.data.model=64, hbm2ddl.auto=update, user.variant=, java.vendor.url=https://adoptium.net/, user.timezone=Asia/Calcutta, java.vm.specification.version=25, os.name=Windows 11, sun.java.launcher=SUN_STANDARD, user.country=US, sun.boot.library.path=C:\Users\yashaswini.hs\Downloads\sts-5.1.1.RELEASE\plugins\org.eclipse.justj.openjdk.hotspot.jre.full.win32.x86_64_25.0.2.v20260203-1141\jre\bin, sun.java.command=com.test.Demo, jdk.debug=release, sun.cpu.endian=little, user.home=C:\Users\yashaswini.hs, user.language=en, java.specification.vendor=Oracle Corporation, java.version.date=2026-01-20, java.home=C:\Users\yashaswini.hs\Downloads\sts-5.1.1.RELEASE\plugins\org.eclipse.justj.openjdk.hotspot.jre.full.win32.x86_64_25.0.2.v20260203-1141\jre, file.separator=\, java.vm.compressedOopsMode=Zero based, line.separator=
, java.vm.specification.vendor=Oracle Corporation, java.specification.name=Java Platform API Specification, hibernate.hbm2ddl.auto=update, user.script=, sun.management.compiler=HotSpot 64-Bit Tiered Compilers, java.runtime.version=25.0.2+10-LTS, user.name=yashaswini.hs, stdout.encoding=UTF-8, path.separator=;, hibernate.connection.username=****, os.version=10.0, java.runtime.name=OpenJDK Runtime Environment, hibernate.connection.url=jdbc:mysql://localhost:3306/mla, file.encoding=UTF-8, format_sql=true, java.vm.name=OpenJDK 64-Bit Server VM, hibernate.show_sql=true, java.vendor.version=Temurin-25.0.2+10, show_sql=true, hibernate.connection.driver_class=com.mysql.cj.jdbc.Driver, java.vendor.url.bug=https://github.com/adoptium/adoptium-support/issues, java.io.tmpdir=C:\Users\YASHAS~1.HS\AppData\Local\Temp\, java.version=25.0.2, user.dir=C:\Users\yashaswini.hs\Desktop\Spring-advance\HibernateInheritance2, os.arch=amd64, java.vm.specification.name=Java Virtual Machine Specification, hibernate.connection.password=****, sun.os.patch.level=, hibernate.boot.CfgXmlAccessService.key=org.hibernate.boot.cfgxml.spi.LoadedConfig@353f472a, native.encoding=Cp1252, java.library.path=C:\Users\yashaswini.hs\Downloads\sts-5.1.1.RELEASE\plugins\org.eclipse.justj.openjdk.hotspot.jre.full.win32.x86_64_25.0.2.v20260203-1141\jre\bin;C:\WINDOWS\Sun\Java\bin;C:\WINDOWS\system32;C:\WINDOWS;C:/Users/yashaswini.hs/Downloads/sts-5.1.1.RELEASE//plugins/org.eclipse.justj.openjdk.hotspot.jre.full.win32.x86_64_25.0.2.v20260203-1141/jre/bin/server;C:/Users/yashaswini.hs/Downloads/sts-5.1.1.RELEASE//plugins/org.eclipse.justj.openjdk.hotspot.jre.full.win32.x86_64_25.0.2.v20260203-1141/jre/bin;C:\Program Files\Microsoft\jdk-11.0.23.9-hotspot\bin;C:\Program Files\Microsoft\jdk-17.0.15.6-hotspot\bin;C:\Program Files\Python313\Scripts\;C:\Program Files\Python313\;%SystemRoot%\system32;%SystemRoot%;%SystemRoot%\System32\Wbem;%SYSTEMROOT%\System32\WindowsPowerShell\v1.0\;%SYSTEMROOT%\System32\OpenSSH\;C:\Program Files\Git\cmd;C:\Program Files\dotnet\;C:\Program Files\apache-maven-3.9.10\bin;C:\Program Files\nodejs\;C:\Program Files\Microsoft VS Code\bin;C:\Program Files\PuTTY\;C:\Program Files (x86)\Microsoft SQL Server\160\DTS\Binn\;C:\Program Files (x86)\Microsoft SQL Server\160\Tools\Binn\;C:\Program Files\Microsoft SQL Server\160\Tools\Binn\;C:\Program Files\Microsoft SQL Server\Client SDK\ODBC\170\Tools\Binn\;C:\Program Files\Microsoft SQL Server\160\DTS\Binn\;C:\Program Files\apache-maven-3.9.10\bin;C:\Program Files\apache-maven-3.9.10\bin;C:\Program Files\apache-maven-3.9.10\bin;C:\Users\yashaswini.hs\AppData\Local\Microsoft\WindowsApps;;C:\Users\yashaswini.hs\Downloads\sts-5.1.1.RELEASE;;., stderr.encoding=UTF-8, java.vendor=Eclipse Adoptium, java.vm.info=mixed mode, sharing, stdin.encoding=Cp1252, java.vm.version=25.0.2+10-LTS, sun.io.unicode.encoding=UnicodeLittle, java.class.version=69.0}
2026-03-25 16:00:08 DEBUG factory:230 - HHH90020001: Instantiating factory [4652fb37-4221-432e-86fb-3acd90896358] with settings: {hibernate.format_sql=true, java.specification.version=25, sun.cpu.isalist=amd64, sun.jnu.encoding=Cp1252, hibernate.dialect=org.hibernate.dialect.MySQLDialect, java.class.path=C:\Users\yashaswini.hs\Desktop\Spring-advance\HibernateInheritance2\target\classes;C:\Users\yashaswini.hs\.m2\repository\com\mysql\mysql-connector-j\8.0.33\mysql-connector-j-8.0.33.jar;C:\Users\yashaswini.hs\.m2\repository\com\google\protobuf\protobuf-java\3.21.9\protobuf-java-3.21.9.jar;C:\Users\yashaswini.hs\.m2\repository\org\hibernate\orm\hibernate-core\7.3.0.Final\hibernate-core-7.3.0.Final.jar;C:\Users\yashaswini.hs\.m2\repository\jakarta\persistence\jakarta.persistence-api\3.2.0\jakarta.persistence-api-3.2.0.jar;C:\Users\yashaswini.hs\.m2\repository\jakarta\transaction\jakarta.transaction-api\2.0.1\jakarta.transaction-api-2.0.1.jar;C:\Users\yashaswini.hs\.m2\repository\org\jboss\logging\jboss-logging\3.6.1.Final\jboss-logging-3.6.1.Final.jar;C:\Users\yashaswini.hs\.m2\repository\org\hibernate\models\hibernate-models\1.1.0\hibernate-models-1.1.0.jar;C:\Users\yashaswini.hs\.m2\repository\net\bytebuddy\byte-buddy\1.18.7\byte-buddy-1.18.7.jar;C:\Users\yashaswini.hs\.m2\repository\jakarta\xml\bind\jakarta.xml.bind-api\4.0.4\jakarta.xml.bind-api-4.0.4.jar;C:\Users\yashaswini.hs\.m2\repository\jakarta\activation\jakarta.activation-api\2.1.4\jakarta.activation-api-2.1.4.jar;C:\Users\yashaswini.hs\.m2\repository\org\glassfish\jaxb\jaxb-runtime\4.0.6\jaxb-runtime-4.0.6.jar;C:\Users\yashaswini.hs\.m2\repository\org\glassfish\jaxb\jaxb-core\4.0.6\jaxb-core-4.0.6.jar;C:\Users\yashaswini.hs\.m2\repository\org\eclipse\angus\angus-activation\2.0.3\angus-activation-2.0.3.jar;C:\Users\yashaswini.hs\.m2\repository\org\glassfish\jaxb\txw2\4.0.6\txw2-4.0.6.jar;C:\Users\yashaswini.hs\.m2\repository\com\sun\istack\istack-commons-runtime\4.1.2\istack-commons-runtime-4.1.2.jar;C:\Users\yashaswini.hs\.m2\repository\jakarta\inject\jakarta.inject-api\2.0.1\jakarta.inject-api-2.0.1.jar;C:\Users\yashaswini.hs\.m2\repository\org\antlr\antlr4-runtime\4.13.2\antlr4-runtime-4.13.2.jar;C:\Users\yashaswini.hs\.m2\repository\org\apache\logging\log4j\log4j-core\2.17.1\log4j-core-2.17.1.jar;C:\Users\yashaswini.hs\.m2\repository\org\apache\logging\log4j\log4j-api\2.17.1\log4j-api-2.17.1.jar;C:\Users\yashaswini.hs\.m2\repository\org\apache\logging\log4j\log4j-slf4j-impl\2.17.1\log4j-slf4j-impl-2.17.1.jar;C:\Users\yashaswini.hs\.m2\repository\org\slf4j\slf4j-api\1.7.25\slf4j-api-1.7.25.jar, java.vm.vendor=Eclipse Adoptium, sun.arch.data.model=64, hbm2ddl.auto=update, user.variant=, java.vendor.url=https://adoptium.net/, user.timezone=Asia/Calcutta, java.vm.specification.version=25, os.name=Windows 11, sun.java.launcher=SUN_STANDARD, user.country=US, sun.boot.library.path=C:\Users\yashaswini.hs\Downloads\sts-5.1.1.RELEASE\plugins\org.eclipse.justj.openjdk.hotspot.jre.full.win32.x86_64_25.0.2.v20260203-1141\jre\bin, sun.java.command=com.test.Demo, jdk.debug=release, sun.cpu.endian=little, user.home=C:\Users\yashaswini.hs, user.language=en, java.specification.vendor=Oracle Corporation, java.version.date=2026-01-20, java.home=C:\Users\yashaswini.hs\Downloads\sts-5.1.1.RELEASE\plugins\org.eclipse.justj.openjdk.hotspot.jre.full.win32.x86_64_25.0.2.v20260203-1141\jre, file.separator=\, java.vm.compressedOopsMode=Zero based, line.separator=
, java.vm.specification.vendor=Oracle Corporation, java.specification.name=Java Platform API Specification, hibernate.hbm2ddl.auto=update, user.script=, sun.management.compiler=HotSpot 64-Bit Tiered Compilers, java.runtime.version=25.0.2+10-LTS, user.name=yashaswini.hs, stdout.encoding=UTF-8, path.separator=;, hibernate.connection.username=****, os.version=10.0, java.runtime.name=OpenJDK Runtime Environment, hibernate.connection.url=jdbc:mysql://localhost:3306/mla, file.encoding=UTF-8, format_sql=true, java.vm.name=OpenJDK 64-Bit Server VM, hibernate.show_sql=true, java.vendor.version=Temurin-25.0.2+10, show_sql=true, hibernate.connection.driver_class=com.mysql.cj.jdbc.Driver, java.vendor.url.bug=https://github.com/adoptium/adoptium-support/issues, java.io.tmpdir=C:\Users\YASHAS~1.HS\AppData\Local\Temp\, java.version=25.0.2, user.dir=C:\Users\yashaswini.hs\Desktop\Spring-advance\HibernateInheritance2, os.arch=amd64, java.vm.specification.name=Java Virtual Machine Specification, hibernate.connection.password=****, sun.os.patch.level=, hibernate.boot.CfgXmlAccessService.key=org.hibernate.boot.cfgxml.spi.LoadedConfig@353f472a, native.encoding=Cp1252, java.library.path=C:\Users\yashaswini.hs\Downloads\sts-5.1.1.RELEASE\plugins\org.eclipse.justj.openjdk.hotspot.jre.full.win32.x86_64_25.0.2.v20260203-1141\jre\bin;C:\WINDOWS\Sun\Java\bin;C:\WINDOWS\system32;C:\WINDOWS;C:/Users/yashaswini.hs/Downloads/sts-5.1.1.RELEASE//plugins/org.eclipse.justj.openjdk.hotspot.jre.full.win32.x86_64_25.0.2.v20260203-1141/jre/bin/server;C:/Users/yashaswini.hs/Downloads/sts-5.1.1.RELEASE//plugins/org.eclipse.justj.openjdk.hotspot.jre.full.win32.x86_64_25.0.2.v20260203-1141/jre/bin;C:\Program Files\Microsoft\jdk-11.0.23.9-hotspot\bin;C:\Program Files\Microsoft\jdk-17.0.15.6-hotspot\bin;C:\Program Files\Python313\Scripts\;C:\Program Files\Python313\;%SystemRoot%\system32;%SystemRoot%;%SystemRoot%\System32\Wbem;%SYSTEMROOT%\System32\WindowsPowerShell\v1.0\;%SYSTEMROOT%\System32\OpenSSH\;C:\Program Files\Git\cmd;C:\Program Files\dotnet\;C:\Program Files\apache-maven-3.9.10\bin;C:\Program Files\nodejs\;C:\Program Files\Microsoft VS Code\bin;C:\Program Files\PuTTY\;C:\Program Files (x86)\Microsoft SQL Server\160\DTS\Binn\;C:\Program Files (x86)\Microsoft SQL Server\160\Tools\Binn\;C:\Program Files\Microsoft SQL Server\160\Tools\Binn\;C:\Program Files\Microsoft SQL Server\Client SDK\ODBC\170\Tools\Binn\;C:\Program Files\Microsoft SQL Server\160\DTS\Binn\;C:\Program Files\apache-maven-3.9.10\bin;C:\Program Files\apache-maven-3.9.10\bin;C:\Program Files\apache-maven-3.9.10\bin;C:\Users\yashaswini.hs\AppData\Local\Microsoft\WindowsApps;;C:\Users\yashaswini.hs\Downloads\sts-5.1.1.RELEASE;;., stderr.encoding=UTF-8, java.vendor=Eclipse Adoptium, java.vm.info=mixed mode, sharing, stdin.encoding=Cp1252, java.vm.version=25.0.2+10-LTS, sun.io.unicode.encoding=UnicodeLittle, java.class.version=69.0}
2026-03-25 16:00:08 DEBUG HQL_FUNCTIONS:155 - Available HQL Functions:
	abs(NUMERIC arg)
	Double acos(NUMERIC arg)
	adddate(DATE datetime, INTEGER days)
	addtime(TIME datetime, TIME time)
	Boolean any(BOOLEAN arg)
	Integer ascii(STRING arg)
	Double asin(NUMERIC arg)
	Double atan(NUMERIC arg)
	Double atan2(NUMERIC arg0, NUMERIC arg1)
	avg(arg)
	bit_and(arg)
	Integer bit_length(STRING_OR_CLOB arg)
	bit_or(arg)
	bitand(arg0, arg1)
	bitnot(arg)
	bitor(arg0, arg1)
	bitxor(arg0, arg1)
	cast(arg as Type)
	ceiling(NUMERIC arg)
	Character char(INTEGER arg)
	Integer character_length(STRING_OR_CLOB arg)
	Character chr(INTEGER arg)
	coalesce(arg0[, arg1[, ...]])
	String collate(STRING string as COLLATION collation)
	String concat(STRING string0[, STRING string1[, ...]])
	Double cos(NUMERIC arg)
	Double cosh(NUMERIC arg)
	Double cot(NUMERIC arg)
	Long count([distinct ]{arg|*})
	Integer crc32(arg)
	Double cume_dist([arg0[, ...]])
	Date curdate()
	Date current date
	Date current time
	Date current timestamp
	Date current_date
	Instant current_instant
	Date current_time
	Date current_timestamp
	Date curtime()
	Date date(arg)
	dateadd(TEMPORAL_UNIT field, INTEGER magnitude, TEMPORAL datetime)
	Integer datediff(DATE end, DATE start)
	Integer day(DATE arg)
	String dayname(DATE arg)
	Integer dayofmonth(DATE arg)
	Integer dayofweek(DATE arg)
	Integer dayofyear(DATE arg)
	Double degrees(NUMERIC arg)
	Long dense_rank([arg0[, ...]])
	Boolean every(BOOLEAN arg)
	Double exp(NUMERIC arg)
	extract(TEMPORAL_UNIT field from TEMPORAL arg)
	first_valueANY value
	floor(NUMERIC arg)
	String format(TEMPORAL datetime as STRING pattern)
	greatest(COMPARABLE arg0, COMPARABLE arg1[, arg2[, ...]])
	String hex(arg)
	Integer hour(TIME arg)
	ifnull(arg0, arg1)
	String insert(STRING string, INTEGER start, INTEGER length, STRING replacement)
	Instant instant
	Integer instr(STRING string, STRING pattern[, INTEGER start[, INTEGER occurrence]])
	String json_array([arg0[, ...]])
	String json_array_append(IMPLICIT_JSON arg0, STRING arg1, ANY arg2)
	String json_array_insert(IMPLICIT_JSON arg0, STRING arg1, ANY arg2)
	String json_arrayagg(arg0[, arg1])
	Boolean json_exists(IMPLICIT_JSON arg0, STRING arg1)
	String json_insert(IMPLICIT_JSON arg0, STRING arg1, ANY arg2)
	String json_mergepatch(IMPLICIT_JSON arg0, IMPLICIT_JSON arg1[, arg2[, ...]])
	String json_object( ... )
	String json_objectagg(arg0, arg1[, arg2, arg3])
	String json_query( ... )
	String json_remove(IMPLICIT_JSON arg0, STRING arg1)
	String json_replace(IMPLICIT_JSON arg0, STRING arg1, ANY arg2)
	String json_set(IMPLICIT_JSON arg0, STRING arg1, ANY arg2)
	json_value( ... )
	lagANY value[, INTEGER offset[, ANY default]]
	Date last_day(DATE arg)
	last_valueANY value
	leadANY value[, INTEGER offset[, ANY default]]
	least(COMPARABLE arg0, COMPARABLE arg1[, arg2[, ...]])
	String left(STRING string, INTEGER length)
	Integer length(STRING_OR_CLOB arg)
	String listagg(STRING arg0, STRING arg1)
	Double ln(NUMERIC arg)
	LocalDate local date
	LocalDateTime local datetime
	LocalTime local time
	LocalDate local_date
	LocalDateTime local_datetime
	LocalTime local_time
	Date localtime
	Date localtimestamp
	Integer locate(STRING pattern, STRING string[, INTEGER start])
	Double log(NUMERIC arg0[, NUMERIC arg1])
	Double log10(NUMERIC arg)
	Double log2(NUMERIC arg)
	String lower(STRING string)
	String lpad(string, length[, padding])
	String ltrim(STRING string[, STRING characters])
	Date makedate(INTEGER year, INTEGER dayofyear)
	Date maketime(INTEGER hour, INTEGER min, INTEGER sec)
	max(COMPARABLE arg)
	byte[] md5(arg)
	Integer microsecond(TIME arg)
	min(COMPARABLE arg)
	Integer minute(TIME arg)
	Integer mod(INTEGER arg0, INTEGER arg1)
	Integer month(DATE arg)
	String monthname(DATE arg)
	Date now()
	nth_valueANY value, INTEGER nth
	nullif(arg0, arg1)
	Integer octet_length(STRING_OR_CLOB arg)
	OffsetDateTime offset datetime
	OffsetDateTime offset_datetime
	Integer ordinal(ENUM arg)
	String overlay(STRING string placing STRING replacement from INTEGER start[ for INTEGER length])
	String pad(STRING string with INTEGER length {leading|trailing}[ STRING character])
	Double percent_rank([arg0[, ...]])
	Double pi
	Integer position(STRING pattern in STRING string)
	Double power(NUMERIC arg0, NUMERIC arg1)
	Integer quarter(DATE arg)
	Double radians(NUMERIC arg)
	Double rand([INTEGER seed])
	Long rank([arg0[, ...]])
	Boolean regexp_like(STRING arg0, STRING arg1[, STRING arg2])
	String repeat(STRING string, INTEGER times)
	String replace(STRING string, STRING pattern, STRING replacement)
	String reverse(STRING arg)
	String right(STRING string, INTEGER length)
	round(NUMERIC number[, INTEGER places])
	Long row_number()
	String rpad(string, length[, padding])
	String rtrim(STRING string[, STRING characters])
	Integer second(TIME arg)
	byte[] sha(arg)
	String sha1(arg)
	String sha2(arg0, arg1)
	Integer sign(NUMERIC arg)
	Double sin(NUMERIC arg)
	Double sinh(NUMERIC arg)
	String soundex(arg)
	String space(INTEGER arg)
	sql
	Double sqrt(NUMERIC arg)
	Double stddev(NUMERIC arg)
	Double stddev_pop(NUMERIC arg)
	Double stddev_samp(NUMERIC arg)
	String str(arg)
	String string(ENUM arg)
	subdate(DATE datetime, INTEGER days)
	String substr(STRING string, INTEGER start[, INTEGER length])
	String substring(STRING string{ from|,} INTEGER start[{ for|,} INTEGER length])
	subtime(TIME datetime, TIME time)
	sum(arg)
	Date sysdate()
	Double tan(NUMERIC arg)
	Double tanh(NUMERIC arg)
	String time(arg)
	Date timestamp(arg0[, arg1])
	timestampadd(TEMPORAL_UNIT field, INTEGER magnitude, TEMPORAL datetime)
	Long|Double timestampdiff(TEMPORAL_UNIT field, TEMPORAL start, TEMPORAL end)
	String trim([[{leading|trailing|both} ][STRING arg0 ]from] STRING arg1)
	trunc( ... )
	truncate( ... )
	String upper(STRING string)
	Date utc_date
	Date utc_time
	Date utc_timestamp
	Double var_pop(NUMERIC arg)
	Double var_samp(NUMERIC arg)
	Double variance(NUMERIC arg)
	Integer week(DATE arg)
	Integer year(DATE arg)

2026-03-25 16:00:08 DEBUG HQL_FUNCTIONS:155 - Available HQL Functions:
	abs(NUMERIC arg)
	Double acos(NUMERIC arg)
	adddate(DATE datetime, INTEGER days)
	addtime(TIME datetime, TIME time)
	Boolean any(BOOLEAN arg)
	Integer ascii(STRING arg)
	Double asin(NUMERIC arg)
	Double atan(NUMERIC arg)
	Double atan2(NUMERIC arg0, NUMERIC arg1)
	avg(arg)
	bit_and(arg)
	Integer bit_length(STRING_OR_CLOB arg)
	bit_or(arg)
	bitand(arg0, arg1)
	bitnot(arg)
	bitor(arg0, arg1)
	bitxor(arg0, arg1)
	cast(arg as Type)
	ceiling(NUMERIC arg)
	Character char(INTEGER arg)
	Integer character_length(STRING_OR_CLOB arg)
	Character chr(INTEGER arg)
	coalesce(arg0[, arg1[, ...]])
	String collate(STRING string as COLLATION collation)
	String concat(STRING string0[, STRING string1[, ...]])
	Double cos(NUMERIC arg)
	Double cosh(NUMERIC arg)
	Double cot(NUMERIC arg)
	Long count([distinct ]{arg|*})
	Integer crc32(arg)
	Double cume_dist([arg0[, ...]])
	Date curdate()
	Date current date
	Date current time
	Date current timestamp
	Date current_date
	Instant current_instant
	Date current_time
	Date current_timestamp
	Date curtime()
	Date date(arg)
	dateadd(TEMPORAL_UNIT field, INTEGER magnitude, TEMPORAL datetime)
	Integer datediff(DATE end, DATE start)
	Integer day(DATE arg)
	String dayname(DATE arg)
	Integer dayofmonth(DATE arg)
	Integer dayofweek(DATE arg)
	Integer dayofyear(DATE arg)
	Double degrees(NUMERIC arg)
	Long dense_rank([arg0[, ...]])
	Boolean every(BOOLEAN arg)
	Double exp(NUMERIC arg)
	extract(TEMPORAL_UNIT field from TEMPORAL arg)
	first_valueANY value
	floor(NUMERIC arg)
	String format(TEMPORAL datetime as STRING pattern)
	greatest(COMPARABLE arg0, COMPARABLE arg1[, arg2[, ...]])
	String hex(arg)
	Integer hour(TIME arg)
	ifnull(arg0, arg1)
	String insert(STRING string, INTEGER start, INTEGER length, STRING replacement)
	Instant instant
	Integer instr(STRING string, STRING pattern[, INTEGER start[, INTEGER occurrence]])
	String json_array([arg0[, ...]])
	String json_array_append(IMPLICIT_JSON arg0, STRING arg1, ANY arg2)
	String json_array_insert(IMPLICIT_JSON arg0, STRING arg1, ANY arg2)
	String json_arrayagg(arg0[, arg1])
	Boolean json_exists(IMPLICIT_JSON arg0, STRING arg1)
	String json_insert(IMPLICIT_JSON arg0, STRING arg1, ANY arg2)
	String json_mergepatch(IMPLICIT_JSON arg0, IMPLICIT_JSON arg1[, arg2[, ...]])
	String json_object( ... )
	String json_objectagg(arg0, arg1[, arg2, arg3])
	String json_query( ... )
	String json_remove(IMPLICIT_JSON arg0, STRING arg1)
	String json_replace(IMPLICIT_JSON arg0, STRING arg1, ANY arg2)
	String json_set(IMPLICIT_JSON arg0, STRING arg1, ANY arg2)
	json_value( ... )
	lagANY value[, INTEGER offset[, ANY default]]
	Date last_day(DATE arg)
	last_valueANY value
	leadANY value[, INTEGER offset[, ANY default]]
	least(COMPARABLE arg0, COMPARABLE arg1[, arg2[, ...]])
	String left(STRING string, INTEGER length)
	Integer length(STRING_OR_CLOB arg)
	String listagg(STRING arg0, STRING arg1)
	Double ln(NUMERIC arg)
	LocalDate local date
	LocalDateTime local datetime
	LocalTime local time
	LocalDate local_date
	LocalDateTime local_datetime
	LocalTime local_time
	Date localtime
	Date localtimestamp
	Integer locate(STRING pattern, STRING string[, INTEGER start])
	Double log(NUMERIC arg0[, NUMERIC arg1])
	Double log10(NUMERIC arg)
	Double log2(NUMERIC arg)
	String lower(STRING string)
	String lpad(string, length[, padding])
	String ltrim(STRING string[, STRING characters])
	Date makedate(INTEGER year, INTEGER dayofyear)
	Date maketime(INTEGER hour, INTEGER min, INTEGER sec)
	max(COMPARABLE arg)
	byte[] md5(arg)
	Integer microsecond(TIME arg)
	min(COMPARABLE arg)
	Integer minute(TIME arg)
	Integer mod(INTEGER arg0, INTEGER arg1)
	Integer month(DATE arg)
	String monthname(DATE arg)
	Date now()
	nth_valueANY value, INTEGER nth
	nullif(arg0, arg1)
	Integer octet_length(STRING_OR_CLOB arg)
	OffsetDateTime offset datetime
	OffsetDateTime offset_datetime
	Integer ordinal(ENUM arg)
	String overlay(STRING string placing STRING replacement from INTEGER start[ for INTEGER length])
	String pad(STRING string with INTEGER length {leading|trailing}[ STRING character])
	Double percent_rank([arg0[, ...]])
	Double pi
	Integer position(STRING pattern in STRING string)
	Double power(NUMERIC arg0, NUMERIC arg1)
	Integer quarter(DATE arg)
	Double radians(NUMERIC arg)
	Double rand([INTEGER seed])
	Long rank([arg0[, ...]])
	Boolean regexp_like(STRING arg0, STRING arg1[, STRING arg2])
	String repeat(STRING string, INTEGER times)
	String replace(STRING string, STRING pattern, STRING replacement)
	String reverse(STRING arg)
	String right(STRING string, INTEGER length)
	round(NUMERIC number[, INTEGER places])
	Long row_number()
	String rpad(string, length[, padding])
	String rtrim(STRING string[, STRING characters])
	Integer second(TIME arg)
	byte[] sha(arg)
	String sha1(arg)
	String sha2(arg0, arg1)
	Integer sign(NUMERIC arg)
	Double sin(NUMERIC arg)
	Double sinh(NUMERIC arg)
	String soundex(arg)
	String space(INTEGER arg)
	sql
	Double sqrt(NUMERIC arg)
	Double stddev(NUMERIC arg)
	Double stddev_pop(NUMERIC arg)
	Double stddev_samp(NUMERIC arg)
	String str(arg)
	String string(ENUM arg)
	subdate(DATE datetime, INTEGER days)
	String substr(STRING string, INTEGER start[, INTEGER length])
	String substring(STRING string{ from|,} INTEGER start[{ for|,} INTEGER length])
	subtime(TIME datetime, TIME time)
	sum(arg)
	Date sysdate()
	Double tan(NUMERIC arg)
	Double tanh(NUMERIC arg)
	String time(arg)
	Date timestamp(arg0[, arg1])
	timestampadd(TEMPORAL_UNIT field, INTEGER magnitude, TEMPORAL datetime)
	Long|Double timestampdiff(TEMPORAL_UNIT field, TEMPORAL start, TEMPORAL end)
	String trim([[{leading|trailing|both} ][STRING arg0 ]from] STRING arg1)
	trunc( ... )
	truncate( ... )
	String upper(STRING string)
	Date utc_date
	Date utc_time
	Date utc_timestamp
	Double var_pop(NUMERIC arg)
	Double var_samp(NUMERIC arg)
	Double variance(NUMERIC arg)
	Integer week(DATE arg)
	Integer year(DATE arg)

2026-03-25 16:00:08 DEBUG core:211 - HHH000513: Unable to create the ReflectionOptimizer for [com.test.Movie]: private accessor [m_location]
2026-03-25 16:00:08 DEBUG core:211 - HHH000513: Unable to create the ReflectionOptimizer for [com.test.ThreeD]: private accessor [m_location]
2026-03-25 16:00:08 DEBUG core:211 - HHH000513: Unable to create the ReflectionOptimizer for [com.test.TwoD]: private accessor [m_location]
2026-03-25 16:00:08 DEBUG core:211 - HHH000513: Unable to create the ReflectionOptimizer for [com.test.Movie]: private accessor [m_location]
2026-03-25 16:00:08 DEBUG core:211 - HHH000513: Unable to create the ReflectionOptimizer for [com.test.ThreeD]: private accessor [m_location]
2026-03-25 16:00:08 DEBUG core:211 - HHH000513: Unable to create the ReflectionOptimizer for [com.test.TwoD]: private accessor [m_location]
2026-03-25 16:00:09 INFO  core:53 - HHH000489: No JTA platform available (set 'hibernate.transaction.jta.platform' to enable JTA platform integration)
2026-03-25 16:00:09 DEBUG service:102 - HHH010454: EventListenerRegistry access via ServiceRegistry is deprecated - use 'sessionFactory.getEventEngine().getListenerRegistry()' instead
2026-03-25 16:00:09 INFO  core:53 - HHH000489: No JTA platform available (set 'hibernate.transaction.jta.platform' to enable JTA platform integration)
2026-03-25 16:00:09 DEBUG SQL:126 - 
    create table movies (
        id integer not null,
        m_location varchar(255),
        m_name varchar(255),
        primary key (id)
    ) engine=InnoDB
2026-03-25 16:00:09 DEBUG service:102 - HHH010454: EventListenerRegistry access via ServiceRegistry is deprecated - use 'sessionFactory.getEventEngine().getListenerRegistry()' instead
2026-03-25 16:00:09 DEBUG SQL:126 - 
    create table movies (
        id integer not null,
        m_location varchar(255),
        m_name varchar(255),
        primary key (id)
    ) engine=InnoDB
2026-03-25 16:00:09 DEBUG Table:101 - No alter strings for table: movies_SEQ
2026-03-25 16:00:09 DEBUG SQL:126 - 
    create table toD (
        id integer not null,
        m_location varchar(255),
        m_name varchar(255),
        casting varchar(255),
        primary key (id)
    ) engine=InnoDB
2026-03-25 16:00:09 WARN  ExceptionHandlerLoggedImpl:25 - GenerationTarget encountered exception accepting command : Error executing DDL "
    create table movies (
        id integer not null,
        m_location varchar(255),
        m_name varchar(255),
        primary key (id)
    ) engine=InnoDB" via JDBC [Table 'movies' already exists]
org.hibernate.tool.schema.spi.CommandAcceptanceException: Error executing DDL "
    create table movies (
        id integer not null,
        m_location varchar(255),
        m_name varchar(255),
        primary key (id)
    ) engine=InnoDB" via JDBC [Table 'movies' already exists]
	at org.hibernate.tool.schema.internal.exec.GenerationTargetToDatabase.accept(GenerationTargetToDatabase.java:81) ~[hibernate-core-7.3.0.Final.jar:7.3.0.Final]
	at org.hibernate.tool.schema.internal.AbstractSchemaMigrator.applySqlString(AbstractSchemaMigrator.java:566) [hibernate-core-7.3.0.Final.jar:7.3.0.Final]
	at org.hibernate.tool.schema.internal.AbstractSchemaMigrator.applySqlStrings(AbstractSchemaMigrator.java:506) [hibernate-core-7.3.0.Final.jar:7.3.0.Final]
	at org.hibernate.tool.schema.internal.AbstractSchemaMigrator.createTable(AbstractSchemaMigrator.java:305) [hibernate-core-7.3.0.Final.jar:7.3.0.Final]
	at org.hibernate.tool.schema.internal.GroupedSchemaMigratorImpl.performTablesMigration(GroupedSchemaMigratorImpl.java:80) [hibernate-core-7.3.0.Final.jar:7.3.0.Final]
	at org.hibernate.tool.schema.internal.AbstractSchemaMigrator.performMigration(AbstractSchemaMigrator.java:220) [hibernate-core-7.3.0.Final.jar:7.3.0.Final]
	at org.hibernate.tool.schema.internal.AbstractSchemaMigrator.doMigration(AbstractSchemaMigrator.java:96) [hibernate-core-7.3.0.Final.jar:7.3.0.Final]
	at org.hibernate.tool.schema.spi.SchemaManagementToolCoordinator.performDatabaseAction(SchemaManagementToolCoordinator.java:269) [hibernate-core-7.3.0.Final.jar:7.3.0.Final]
	at org.hibernate.tool.schema.spi.SchemaManagementToolCoordinator.lambda$process$1(SchemaManagementToolCoordinator.java:101) [hibernate-core-7.3.0.Final.jar:7.3.0.Final]
	at java.util.HashMap.forEach(HashMap.java:1430) [?:?]
	at org.hibernate.tool.schema.spi.SchemaManagementToolCoordinator.process(SchemaManagementToolCoordinator.java:100) [hibernate-core-7.3.0.Final.jar:7.3.0.Final]
	at org.hibernate.boot.internal.SessionFactoryObserverForSchemaExport.sessionFactoryCreated(SessionFactoryObserverForSchemaExport.java:35) [hibernate-core-7.3.0.Final.jar:7.3.0.Final]
	at org.hibernate.internal.SessionFactoryObserverChain.sessionFactoryCreated(SessionFactoryObserverChain.java:33) [hibernate-core-7.3.0.Final.jar:7.3.0.Final]
	at org.hibernate.internal.SessionFactoryImpl.<init>(SessionFactoryImpl.java:323) [hibernate-core-7.3.0.Final.jar:7.3.0.Final]
	at org.hibernate.internal.SessionFactoryRegistry.instantiateSessionFactory(SessionFactoryRegistry.java:64) [hibernate-core-7.3.0.Final.jar:7.3.0.Final]
	at org.hibernate.boot.internal.SessionFactoryBuilderImpl.build(SessionFactoryBuilderImpl.java:444) [hibernate-core-7.3.0.Final.jar:7.3.0.Final]
	at org.hibernate.cfg.Configuration.buildSessionFactory(Configuration.java:1112) [hibernate-core-7.3.0.Final.jar:7.3.0.Final]
	at org.hibernate.cfg.Configuration.buildSessionFactory(Configuration.java:1131) [hibernate-core-7.3.0.Final.jar:7.3.0.Final]
	at com.test.Demo.main(Demo.java:13) [classes/:?]
Caused by: java.sql.SQLSyntaxErrorException: Table 'movies' already exists
	at com.mysql.cj.jdbc.exceptions.SQLError.createSQLException(SQLError.java:121) ~[mysql-connector-j-8.0.33.jar:8.0.33]
	at com.mysql.cj.jdbc.exceptions.SQLExceptionsMapping.translateException(SQLExceptionsMapping.java:122) ~[mysql-connector-j-8.0.33.jar:8.0.33]
	at com.mysql.cj.jdbc.StatementImpl.executeInternal(StatementImpl.java:763) ~[mysql-connector-j-8.0.33.jar:8.0.33]
	at com.mysql.cj.jdbc.StatementImpl.execute(StatementImpl.java:648) ~[mysql-connector-j-8.0.33.jar:8.0.33]
	at org.hibernate.tool.schema.internal.exec.GenerationTargetToDatabase.accept(GenerationTargetToDatabase.java:76) ~[hibernate-core-7.3.0.Final.jar:7.3.0.Final]
	... 18 more
2026-03-25 16:00:09 DEBUG Table:101 - No alter strings for table: movies_SEQ
2026-03-25 16:00:09 DEBUG SQL:126 - 
    create table toD (
        id integer not null,
        m_location varchar(255),
        m_name varchar(255),
        casting varchar(255),
        primary key (id)
    ) engine=InnoDB
2026-03-25 16:00:10 DEBUG SQL:126 - 
    create table triD (
        id integer not null,
        m_location varchar(255),
        m_name varchar(255),
        director varchar(255),
        primary key (id)
    ) engine=InnoDB
2026-03-25 16:00:10 WARN  ExceptionHandlerLoggedImpl:25 - GenerationTarget encountered exception accepting command : Error executing DDL "
    create table toD (
        id integer not null,
        m_location varchar(255),
        m_name varchar(255),
        casting varchar(255),
        primary key (id)
    ) engine=InnoDB" via JDBC [Table 'tod' already exists]
org.hibernate.tool.schema.spi.CommandAcceptanceException: Error executing DDL "
    create table toD (
        id integer not null,
        m_location varchar(255),
        m_name varchar(255),
        casting varchar(255),
        primary key (id)
    ) engine=InnoDB" via JDBC [Table 'tod' already exists]
	at org.hibernate.tool.schema.internal.exec.GenerationTargetToDatabase.accept(GenerationTargetToDatabase.java:81) ~[hibernate-core-7.3.0.Final.jar:7.3.0.Final]
	at org.hibernate.tool.schema.internal.AbstractSchemaMigrator.applySqlString(AbstractSchemaMigrator.java:566) [hibernate-core-7.3.0.Final.jar:7.3.0.Final]
	at org.hibernate.tool.schema.internal.AbstractSchemaMigrator.applySqlStrings(AbstractSchemaMigrator.java:506) [hibernate-core-7.3.0.Final.jar:7.3.0.Final]
	at org.hibernate.tool.schema.internal.AbstractSchemaMigrator.createTable(AbstractSchemaMigrator.java:305) [hibernate-core-7.3.0.Final.jar:7.3.0.Final]
	at org.hibernate.tool.schema.internal.GroupedSchemaMigratorImpl.performTablesMigration(GroupedSchemaMigratorImpl.java:80) [hibernate-core-7.3.0.Final.jar:7.3.0.Final]
	at org.hibernate.tool.schema.internal.AbstractSchemaMigrator.performMigration(AbstractSchemaMigrator.java:220) [hibernate-core-7.3.0.Final.jar:7.3.0.Final]
	at org.hibernate.tool.schema.internal.AbstractSchemaMigrator.doMigration(AbstractSchemaMigrator.java:96) [hibernate-core-7.3.0.Final.jar:7.3.0.Final]
	at org.hibernate.tool.schema.spi.SchemaManagementToolCoordinator.performDatabaseAction(SchemaManagementToolCoordinator.java:269) [hibernate-core-7.3.0.Final.jar:7.3.0.Final]
	at org.hibernate.tool.schema.spi.SchemaManagementToolCoordinator.lambda$process$1(SchemaManagementToolCoordinator.java:101) [hibernate-core-7.3.0.Final.jar:7.3.0.Final]
	at java.util.HashMap.forEach(HashMap.java:1430) [?:?]
	at org.hibernate.tool.schema.spi.SchemaManagementToolCoordinator.process(SchemaManagementToolCoordinator.java:100) [hibernate-core-7.3.0.Final.jar:7.3.0.Final]
	at org.hibernate.boot.internal.SessionFactoryObserverForSchemaExport.sessionFactoryCreated(SessionFactoryObserverForSchemaExport.java:35) [hibernate-core-7.3.0.Final.jar:7.3.0.Final]
	at org.hibernate.internal.SessionFactoryObserverChain.sessionFactoryCreated(SessionFactoryObserverChain.java:33) [hibernate-core-7.3.0.Final.jar:7.3.0.Final]
	at org.hibernate.internal.SessionFactoryImpl.<init>(SessionFactoryImpl.java:323) [hibernate-core-7.3.0.Final.jar:7.3.0.Final]
	at org.hibernate.internal.SessionFactoryRegistry.instantiateSessionFactory(SessionFactoryRegistry.java:64) [hibernate-core-7.3.0.Final.jar:7.3.0.Final]
	at org.hibernate.boot.internal.SessionFactoryBuilderImpl.build(SessionFactoryBuilderImpl.java:444) [hibernate-core-7.3.0.Final.jar:7.3.0.Final]
	at org.hibernate.cfg.Configuration.buildSessionFactory(Configuration.java:1112) [hibernate-core-7.3.0.Final.jar:7.3.0.Final]
	at org.hibernate.cfg.Configuration.buildSessionFactory(Configuration.java:1131) [hibernate-core-7.3.0.Final.jar:7.3.0.Final]
	at com.test.Demo.main(Demo.java:13) [classes/:?]
Caused by: java.sql.SQLSyntaxErrorException: Table 'tod' already exists
	at com.mysql.cj.jdbc.exceptions.SQLError.createSQLException(SQLError.java:121) ~[mysql-connector-j-8.0.33.jar:8.0.33]
	at com.mysql.cj.jdbc.exceptions.SQLExceptionsMapping.translateException(SQLExceptionsMapping.java:122) ~[mysql-connector-j-8.0.33.jar:8.0.33]
	at com.mysql.cj.jdbc.StatementImpl.executeInternal(StatementImpl.java:763) ~[mysql-connector-j-8.0.33.jar:8.0.33]
	at com.mysql.cj.jdbc.StatementImpl.execute(StatementImpl.java:648) ~[mysql-connector-j-8.0.33.jar:8.0.33]
	at org.hibernate.tool.schema.internal.exec.GenerationTargetToDatabase.accept(GenerationTargetToDatabase.java:76) ~[hibernate-core-7.3.0.Final.jar:7.3.0.Final]
	... 18 more
2026-03-25 16:00:10 DEBUG SQL:126 - 
    create table triD (
        id integer not null,
        m_location varchar(255),
        m_name varchar(255),
        director varchar(255),
        primary key (id)
    ) engine=InnoDB
2026-03-25 16:00:10 WARN  ExceptionHandlerLoggedImpl:25 - GenerationTarget encountered exception accepting command : Error executing DDL "
    create table triD (
        id integer not null,
        m_location varchar(255),
        m_name varchar(255),
        director varchar(255),
        primary key (id)
    ) engine=InnoDB" via JDBC [Table 'trid' already exists]
org.hibernate.tool.schema.spi.CommandAcceptanceException: Error executing DDL "
    create table triD (
        id integer not null,
        m_location varchar(255),
        m_name varchar(255),
        director varchar(255),
        primary key (id)
    ) engine=InnoDB" via JDBC [Table 'trid' already exists]
	at org.hibernate.tool.schema.internal.exec.GenerationTargetToDatabase.accept(GenerationTargetToDatabase.java:81) ~[hibernate-core-7.3.0.Final.jar:7.3.0.Final]
	at org.hibernate.tool.schema.internal.AbstractSchemaMigrator.applySqlString(AbstractSchemaMigrator.java:566) [hibernate-core-7.3.0.Final.jar:7.3.0.Final]
	at org.hibernate.tool.schema.internal.AbstractSchemaMigrator.applySqlStrings(AbstractSchemaMigrator.java:506) [hibernate-core-7.3.0.Final.jar:7.3.0.Final]
	at org.hibernate.tool.schema.internal.AbstractSchemaMigrator.createTable(AbstractSchemaMigrator.java:305) [hibernate-core-7.3.0.Final.jar:7.3.0.Final]
	at org.hibernate.tool.schema.internal.GroupedSchemaMigratorImpl.performTablesMigration(GroupedSchemaMigratorImpl.java:80) [hibernate-core-7.3.0.Final.jar:7.3.0.Final]
	at org.hibernate.tool.schema.internal.AbstractSchemaMigrator.performMigration(AbstractSchemaMigrator.java:220) [hibernate-core-7.3.0.Final.jar:7.3.0.Final]
	at org.hibernate.tool.schema.internal.AbstractSchemaMigrator.doMigration(AbstractSchemaMigrator.java:96) [hibernate-core-7.3.0.Final.jar:7.3.0.Final]
	at org.hibernate.tool.schema.spi.SchemaManagementToolCoordinator.performDatabaseAction(SchemaManagementToolCoordinator.java:269) [hibernate-core-7.3.0.Final.jar:7.3.0.Final]
	at org.hibernate.tool.schema.spi.SchemaManagementToolCoordinator.lambda$process$1(SchemaManagementToolCoordinator.java:101) [hibernate-core-7.3.0.Final.jar:7.3.0.Final]
	at java.util.HashMap.forEach(HashMap.java:1430) [?:?]
	at org.hibernate.tool.schema.spi.SchemaManagementToolCoordinator.process(SchemaManagementToolCoordinator.java:100) [hibernate-core-7.3.0.Final.jar:7.3.0.Final]
	at org.hibernate.boot.internal.SessionFactoryObserverForSchemaExport.sessionFactoryCreated(SessionFactoryObserverForSchemaExport.java:35) [hibernate-core-7.3.0.Final.jar:7.3.0.Final]
	at org.hibernate.internal.SessionFactoryObserverChain.sessionFactoryCreated(SessionFactoryObserverChain.java:33) [hibernate-core-7.3.0.Final.jar:7.3.0.Final]
	at org.hibernate.internal.SessionFactoryImpl.<init>(SessionFactoryImpl.java:323) [hibernate-core-7.3.0.Final.jar:7.3.0.Final]
	at org.hibernate.internal.SessionFactoryRegistry.instantiateSessionFactory(SessionFactoryRegistry.java:64) [hibernate-core-7.3.0.Final.jar:7.3.0.Final]
	at org.hibernate.boot.internal.SessionFactoryBuilderImpl.build(SessionFactoryBuilderImpl.java:444) [hibernate-core-7.3.0.Final.jar:7.3.0.Final]
	at org.hibernate.cfg.Configuration.buildSessionFactory(Configuration.java:1112) [hibernate-core-7.3.0.Final.jar:7.3.0.Final]
	at org.hibernate.cfg.Configuration.buildSessionFactory(Configuration.java:1131) [hibernate-core-7.3.0.Final.jar:7.3.0.Final]
	at com.test.Demo.main(Demo.java:13) [classes/:?]
Caused by: java.sql.SQLSyntaxErrorException: Table 'trid' already exists
	at com.mysql.cj.jdbc.exceptions.SQLError.createSQLException(SQLError.java:121) ~[mysql-connector-j-8.0.33.jar:8.0.33]
	at com.mysql.cj.jdbc.exceptions.SQLExceptionsMapping.translateException(SQLExceptionsMapping.java:122) ~[mysql-connector-j-8.0.33.jar:8.0.33]
	at com.mysql.cj.jdbc.StatementImpl.executeInternal(StatementImpl.java:763) ~[mysql-connector-j-8.0.33.jar:8.0.33]
	at com.mysql.cj.jdbc.StatementImpl.execute(StatementImpl.java:648) ~[mysql-connector-j-8.0.33.jar:8.0.33]
	at org.hibernate.tool.schema.internal.exec.GenerationTargetToDatabase.accept(GenerationTargetToDatabase.java:76) ~[hibernate-core-7.3.0.Final.jar:7.3.0.Final]
	... 18 more
2026-03-25 16:00:10 DEBUG factoryRegistry:86 - HHH020384: Registering SessionFactory [4652fb37-4221-432e-86fb-3acd90896358] (<unnamed>)
2026-03-25 16:00:10 DEBUG factoryRegistry:86 - HHH020384: Registering SessionFactory [86addc12-aadf-4880-b954-9f8228ca9794] (<unnamed>)
2026-03-25 16:00:10 DEBUG core:151 - HHH006588: Opening session [tenant=null]
2026-03-25 16:00:10 DEBUG core:151 - HHH006588: Opening session [tenant=null]
2026-03-25 16:00:10 DEBUG core:74 - HHH006583: Beginning transaction
2026-03-25 16:00:10 DEBUG core:74 - HHH006583: Beginning transaction
2026-03-25 16:00:10 DEBUG SQL:126 - 
    select
        next_val as id_val 
    from
        movies_SEQ 
    for
        update
2026-03-25 16:00:10 DEBUG SQL:126 - 
    select
        next_val as id_val 
    from
        movies_SEQ 
    for
        update
2026-03-25 16:00:10 DEBUG SQL:126 - 
    update
        movies_SEQ 
    set
        next_val= ? 
    where
        next_val=?
2026-03-25 16:00:10 DEBUG SQL:126 - 
    update
        movies_SEQ 
    set
        next_val= ? 
    where
        next_val=?
2026-03-25 16:00:10 DEBUG core:87 - HHH006584: Committing transaction
2026-03-25 16:00:10 DEBUG event:98 - HHH90060071: Flushed: 3 insertions, 0 updates, 0 deletions to 3 objects
2026-03-25 16:00:10 DEBUG event:104 - HHH90060072: Flushed: 0 (re)creations, 0 updates, 0 removals to 0 collections
2026-03-25 16:00:10 DEBUG core:102 - Listing entities:
2026-03-25 16:00:10 DEBUG core:111 - com.test.Movie{m_name=magadeera, id=402, m_location=India}
2026-03-25 16:00:10 DEBUG core:111 - com.test.TwoD{m_name=KGF, casting=yash, id=403, m_location=null}
2026-03-25 16:00:10 DEBUG core:111 - com.test.ThreeD{m_name=AI animation, director=Upendra, id=404, m_location=null}
2026-03-25 16:00:10 DEBUG SQL:126 - 
    insert 
    into
        movies
        (m_location, m_name, id) 
    values
        (?, ?, ?)
2026-03-25 16:00:11 DEBUG SQL:126 - 
    insert 
    into
        toD
        (m_location, m_name, casting, id) 
    values
        (?, ?, ?, ?)
2026-03-25 16:00:11 DEBUG SQL:126 - 
    insert 
    into
        triD
        (m_location, m_name, director, id) 
    values
        (?, ?, ?, ?)
2026-03-25 16:00:11 DEBUG core:87 - HHH006584: Committing transaction
2026-03-25 16:00:11 DEBUG event:98 - HHH90060071: Flushed: 3 insertions, 0 updates, 0 deletions to 3 objects
2026-03-25 16:00:11 DEBUG event:104 - HHH90060072: Flushed: 0 (re)creations, 0 updates, 0 removals to 0 collections
2026-03-25 16:00:11 DEBUG core:102 - Listing entities:
2026-03-25 16:00:11 DEBUG core:111 - com.test.ThreeD{m_name=AI animation, director=Upendra, id=454, m_location=null}
2026-03-25 16:00:11 DEBUG core:111 - com.test.Movie{m_name=magadeera, id=452, m_location=India}
2026-03-25 16:00:11 DEBUG core:111 - com.test.TwoD{m_name=KGF, casting=yash, id=453, m_location=null}
2026-03-25 16:00:11 DEBUG SQL:126 - 
    insert 
    into
        movies
        (m_location, m_name, id) 
    values
        (?, ?, ?)
2026-03-25 16:00:11 DEBUG SQL:126 - 
    insert 
    into
        toD
        (m_location, m_name, casting, id) 
    values
        (?, ?, ?, ?)
2026-03-25 16:00:11 DEBUG SQL:126 - 
    insert 
    into
        triD
        (m_location, m_name, director, id) 
    values
        (?, ?, ?, ?)
2026-03-25 16:00:19 DEBUG service:41 - HHH010455: Adding integrator: org.hibernate.boot.beanvalidation.BeanValidationIntegrator
2026-03-25 16:00:19 DEBUG service:41 - HHH010455: Adding integrator: org.hibernate.cache.internal.CollectionCacheInvalidator
2026-03-25 16:00:19 INFO  core:41 - HHH000001: Hibernate ORM core version 7.3.0.Final
2026-03-25 16:00:19 DEBUG core:155 - HHH000206: 'hibernate.properties' not found
2026-03-25 16:00:19 DEBUG boot:97 - HHH160204: cfg.xml document did not define namespaces; wrapping in custom event reader to introduce namespace information
2026-03-25 16:00:19 DEBUG cache:116 - HHH90001031: Cannot default RegionFactory since no RegionFactory strategies were registered
2026-03-25 16:00:19 DEBUG cache:46 - HHH90001029: Second-level cache disabled
2026-03-25 16:00:19 WARN  pooling:86 - HHH10001002: Using built-in connection pool (not intended for production use)
2026-03-25 16:00:20 DEBUG pooling:34 - HHH10001014: Initializing connection pool with 1 connections
2026-03-25 16:00:20 DEBUG jdbc:457 - HHH100017: Database:
	name: MySQL
	version: 8.0.42
	major: 8
	minor: 0
2026-03-25 16:00:20 DEBUG jdbc:463 - HHH100018: Driver:
	name: MySQL Connector/J
	version: mysql-connector-j-8.0.33 (Revision: 7d6b0800528b6b25c68b52dc10d6c1c8429c100c)
	major: 8
	minor: 0
	JDBC version: 4.2
2026-03-25 16:00:20 WARN  deprecation:152 - HHH90000025: MySQLDialect does not need to be specified explicitly using 'hibernate.dialect' (remove the property setting and it will be selected by default)
2026-03-25 16:00:20 DEBUG dialect:93 - HHH035001: Using dialect: org.hibernate.dialect.MySQLDialect, version: 8.0.42
2026-03-25 16:00:20 DEBUG IdentifierHelperBuilder:205 - IdentifierCaseStrategy for both quoted and unquoted identifiers was set to the same strategy [LOWER]; that will likely lead to problems in schema update and validation if using quoted identifiers
2026-03-25 16:00:20 DEBUG jdbc:379 - HHH100122: Using default JDBC fetch size: 0
2026-03-25 16:00:20 INFO  pooling:179 - HHH10001005: Database info:
	Database JDBC URL [jdbc:mysql://localhost:3306/mla]
	Database driver: MySQL Connector/J
	Database dialect: MySQLDialect
	Database version: 8.0.42
	Default catalog/schema: mla/undefined
	Autocommit mode: false
	Isolation level: REPEATABLE_READ
	JDBC fetch size: none
	Pool: DriverManagerConnectionProvider
	Minimum pool size: 1
	Maximum pool size: 20
2026-03-25 16:00:20 DEBUG factory:230 - HHH90020001: Instantiating factory [87fc7998-1475-4113-bed5-08edd62f42c5] with settings: {hibernate.format_sql=true, java.specification.version=25, sun.cpu.isalist=amd64, sun.jnu.encoding=Cp1252, hibernate.dialect=org.hibernate.dialect.MySQLDialect, java.class.path=C:\Users\yashaswini.hs\Desktop\Spring-advance\HibernateInheritance2\target\classes;C:\Users\yashaswini.hs\.m2\repository\com\mysql\mysql-connector-j\8.0.33\mysql-connector-j-8.0.33.jar;C:\Users\yashaswini.hs\.m2\repository\com\google\protobuf\protobuf-java\3.21.9\protobuf-java-3.21.9.jar;C:\Users\yashaswini.hs\.m2\repository\org\hibernate\orm\hibernate-core\7.3.0.Final\hibernate-core-7.3.0.Final.jar;C:\Users\yashaswini.hs\.m2\repository\jakarta\persistence\jakarta.persistence-api\3.2.0\jakarta.persistence-api-3.2.0.jar;C:\Users\yashaswini.hs\.m2\repository\jakarta\transaction\jakarta.transaction-api\2.0.1\jakarta.transaction-api-2.0.1.jar;C:\Users\yashaswini.hs\.m2\repository\org\jboss\logging\jboss-logging\3.6.1.Final\jboss-logging-3.6.1.Final.jar;C:\Users\yashaswini.hs\.m2\repository\org\hibernate\models\hibernate-models\1.1.0\hibernate-models-1.1.0.jar;C:\Users\yashaswini.hs\.m2\repository\net\bytebuddy\byte-buddy\1.18.7\byte-buddy-1.18.7.jar;C:\Users\yashaswini.hs\.m2\repository\jakarta\xml\bind\jakarta.xml.bind-api\4.0.4\jakarta.xml.bind-api-4.0.4.jar;C:\Users\yashaswini.hs\.m2\repository\jakarta\activation\jakarta.activation-api\2.1.4\jakarta.activation-api-2.1.4.jar;C:\Users\yashaswini.hs\.m2\repository\org\glassfish\jaxb\jaxb-runtime\4.0.6\jaxb-runtime-4.0.6.jar;C:\Users\yashaswini.hs\.m2\repository\org\glassfish\jaxb\jaxb-core\4.0.6\jaxb-core-4.0.6.jar;C:\Users\yashaswini.hs\.m2\repository\org\eclipse\angus\angus-activation\2.0.3\angus-activation-2.0.3.jar;C:\Users\yashaswini.hs\.m2\repository\org\glassfish\jaxb\txw2\4.0.6\txw2-4.0.6.jar;C:\Users\yashaswini.hs\.m2\repository\com\sun\istack\istack-commons-runtime\4.1.2\istack-commons-runtime-4.1.2.jar;C:\Users\yashaswini.hs\.m2\repository\jakarta\inject\jakarta.inject-api\2.0.1\jakarta.inject-api-2.0.1.jar;C:\Users\yashaswini.hs\.m2\repository\org\antlr\antlr4-runtime\4.13.2\antlr4-runtime-4.13.2.jar;C:\Users\yashaswini.hs\.m2\repository\org\apache\logging\log4j\log4j-core\2.17.1\log4j-core-2.17.1.jar;C:\Users\yashaswini.hs\.m2\repository\org\apache\logging\log4j\log4j-api\2.17.1\log4j-api-2.17.1.jar;C:\Users\yashaswini.hs\.m2\repository\org\apache\logging\log4j\log4j-slf4j-impl\2.17.1\log4j-slf4j-impl-2.17.1.jar;C:\Users\yashaswini.hs\.m2\repository\org\slf4j\slf4j-api\1.7.25\slf4j-api-1.7.25.jar, java.vm.vendor=Eclipse Adoptium, sun.arch.data.model=64, hbm2ddl.auto=update, user.variant=, java.vendor.url=https://adoptium.net/, user.timezone=Asia/Calcutta, java.vm.specification.version=25, os.name=Windows 11, sun.java.launcher=SUN_STANDARD, user.country=US, sun.boot.library.path=C:\Users\yashaswini.hs\Downloads\sts-5.1.1.RELEASE\plugins\org.eclipse.justj.openjdk.hotspot.jre.full.win32.x86_64_25.0.2.v20260203-1141\jre\bin, sun.java.command=com.test.Demo, jdk.debug=release, sun.cpu.endian=little, user.home=C:\Users\yashaswini.hs, user.language=en, java.specification.vendor=Oracle Corporation, java.version.date=2026-01-20, java.home=C:\Users\yashaswini.hs\Downloads\sts-5.1.1.RELEASE\plugins\org.eclipse.justj.openjdk.hotspot.jre.full.win32.x86_64_25.0.2.v20260203-1141\jre, file.separator=\, java.vm.compressedOopsMode=Zero based, line.separator=
, java.vm.specification.vendor=Oracle Corporation, java.specification.name=Java Platform API Specification, hibernate.hbm2ddl.auto=update, user.script=, sun.management.compiler=HotSpot 64-Bit Tiered Compilers, java.runtime.version=25.0.2+10-LTS, user.name=yashaswini.hs, stdout.encoding=UTF-8, path.separator=;, hibernate.connection.username=****, os.version=10.0, java.runtime.name=OpenJDK Runtime Environment, hibernate.connection.url=jdbc:mysql://localhost:3306/mla, file.encoding=UTF-8, format_sql=true, java.vm.name=OpenJDK 64-Bit Server VM, hibernate.show_sql=true, java.vendor.version=Temurin-25.0.2+10, show_sql=true, hibernate.connection.driver_class=com.mysql.cj.jdbc.Driver, java.vendor.url.bug=https://github.com/adoptium/adoptium-support/issues, java.io.tmpdir=C:\Users\YASHAS~1.HS\AppData\Local\Temp\, java.version=25.0.2, user.dir=C:\Users\yashaswini.hs\Desktop\Spring-advance\HibernateInheritance2, os.arch=amd64, java.vm.specification.name=Java Virtual Machine Specification, hibernate.connection.password=****, sun.os.patch.level=, hibernate.boot.CfgXmlAccessService.key=org.hibernate.boot.cfgxml.spi.LoadedConfig@5bf9ea6b, native.encoding=Cp1252, java.library.path=C:\Users\yashaswini.hs\Downloads\sts-5.1.1.RELEASE\plugins\org.eclipse.justj.openjdk.hotspot.jre.full.win32.x86_64_25.0.2.v20260203-1141\jre\bin;C:\WINDOWS\Sun\Java\bin;C:\WINDOWS\system32;C:\WINDOWS;C:/Users/yashaswini.hs/Downloads/sts-5.1.1.RELEASE//plugins/org.eclipse.justj.openjdk.hotspot.jre.full.win32.x86_64_25.0.2.v20260203-1141/jre/bin/server;C:/Users/yashaswini.hs/Downloads/sts-5.1.1.RELEASE//plugins/org.eclipse.justj.openjdk.hotspot.jre.full.win32.x86_64_25.0.2.v20260203-1141/jre/bin;C:\Program Files\Microsoft\jdk-11.0.23.9-hotspot\bin;C:\Program Files\Microsoft\jdk-17.0.15.6-hotspot\bin;C:\Program Files\Python313\Scripts\;C:\Program Files\Python313\;%SystemRoot%\system32;%SystemRoot%;%SystemRoot%\System32\Wbem;%SYSTEMROOT%\System32\WindowsPowerShell\v1.0\;%SYSTEMROOT%\System32\OpenSSH\;C:\Program Files\Git\cmd;C:\Program Files\dotnet\;C:\Program Files\apache-maven-3.9.10\bin;C:\Program Files\nodejs\;C:\Program Files\Microsoft VS Code\bin;C:\Program Files\PuTTY\;C:\Program Files (x86)\Microsoft SQL Server\160\DTS\Binn\;C:\Program Files (x86)\Microsoft SQL Server\160\Tools\Binn\;C:\Program Files\Microsoft SQL Server\160\Tools\Binn\;C:\Program Files\Microsoft SQL Server\Client SDK\ODBC\170\Tools\Binn\;C:\Program Files\Microsoft SQL Server\160\DTS\Binn\;C:\Program Files\apache-maven-3.9.10\bin;C:\Program Files\apache-maven-3.9.10\bin;C:\Program Files\apache-maven-3.9.10\bin;C:\Users\yashaswini.hs\AppData\Local\Microsoft\WindowsApps;;C:\Users\yashaswini.hs\Downloads\sts-5.1.1.RELEASE;;., stderr.encoding=UTF-8, java.vendor=Eclipse Adoptium, java.vm.info=mixed mode, sharing, stdin.encoding=Cp1252, java.vm.version=25.0.2+10-LTS, sun.io.unicode.encoding=UnicodeLittle, java.class.version=69.0}
2026-03-25 16:00:20 DEBUG HQL_FUNCTIONS:155 - Available HQL Functions:
	abs(NUMERIC arg)
	Double acos(NUMERIC arg)
	adddate(DATE datetime, INTEGER days)
	addtime(TIME datetime, TIME time)
	Boolean any(BOOLEAN arg)
	Integer ascii(STRING arg)
	Double asin(NUMERIC arg)
	Double atan(NUMERIC arg)
	Double atan2(NUMERIC arg0, NUMERIC arg1)
	avg(arg)
	bit_and(arg)
	Integer bit_length(STRING_OR_CLOB arg)
	bit_or(arg)
	bitand(arg0, arg1)
	bitnot(arg)
	bitor(arg0, arg1)
	bitxor(arg0, arg1)
	cast(arg as Type)
	ceiling(NUMERIC arg)
	Character char(INTEGER arg)
	Integer character_length(STRING_OR_CLOB arg)
	Character chr(INTEGER arg)
	coalesce(arg0[, arg1[, ...]])
	String collate(STRING string as COLLATION collation)
	String concat(STRING string0[, STRING string1[, ...]])
	Double cos(NUMERIC arg)
	Double cosh(NUMERIC arg)
	Double cot(NUMERIC arg)
	Long count([distinct ]{arg|*})
	Integer crc32(arg)
	Double cume_dist([arg0[, ...]])
	Date curdate()
	Date current date
	Date current time
	Date current timestamp
	Date current_date
	Instant current_instant
	Date current_time
	Date current_timestamp
	Date curtime()
	Date date(arg)
	dateadd(TEMPORAL_UNIT field, INTEGER magnitude, TEMPORAL datetime)
	Integer datediff(DATE end, DATE start)
	Integer day(DATE arg)
	String dayname(DATE arg)
	Integer dayofmonth(DATE arg)
	Integer dayofweek(DATE arg)
	Integer dayofyear(DATE arg)
	Double degrees(NUMERIC arg)
	Long dense_rank([arg0[, ...]])
	Boolean every(BOOLEAN arg)
	Double exp(NUMERIC arg)
	extract(TEMPORAL_UNIT field from TEMPORAL arg)
	first_valueANY value
	floor(NUMERIC arg)
	String format(TEMPORAL datetime as STRING pattern)
	greatest(COMPARABLE arg0, COMPARABLE arg1[, arg2[, ...]])
	String hex(arg)
	Integer hour(TIME arg)
	ifnull(arg0, arg1)
	String insert(STRING string, INTEGER start, INTEGER length, STRING replacement)
	Instant instant
	Integer instr(STRING string, STRING pattern[, INTEGER start[, INTEGER occurrence]])
	String json_array([arg0[, ...]])
	String json_array_append(IMPLICIT_JSON arg0, STRING arg1, ANY arg2)
	String json_array_insert(IMPLICIT_JSON arg0, STRING arg1, ANY arg2)
	String json_arrayagg(arg0[, arg1])
	Boolean json_exists(IMPLICIT_JSON arg0, STRING arg1)
	String json_insert(IMPLICIT_JSON arg0, STRING arg1, ANY arg2)
	String json_mergepatch(IMPLICIT_JSON arg0, IMPLICIT_JSON arg1[, arg2[, ...]])
	String json_object( ... )
	String json_objectagg(arg0, arg1[, arg2, arg3])
	String json_query( ... )
	String json_remove(IMPLICIT_JSON arg0, STRING arg1)
	String json_replace(IMPLICIT_JSON arg0, STRING arg1, ANY arg2)
	String json_set(IMPLICIT_JSON arg0, STRING arg1, ANY arg2)
	json_value( ... )
	lagANY value[, INTEGER offset[, ANY default]]
	Date last_day(DATE arg)
	last_valueANY value
	leadANY value[, INTEGER offset[, ANY default]]
	least(COMPARABLE arg0, COMPARABLE arg1[, arg2[, ...]])
	String left(STRING string, INTEGER length)
	Integer length(STRING_OR_CLOB arg)
	String listagg(STRING arg0, STRING arg1)
	Double ln(NUMERIC arg)
	LocalDate local date
	LocalDateTime local datetime
	LocalTime local time
	LocalDate local_date
	LocalDateTime local_datetime
	LocalTime local_time
	Date localtime
	Date localtimestamp
	Integer locate(STRING pattern, STRING string[, INTEGER start])
	Double log(NUMERIC arg0[, NUMERIC arg1])
	Double log10(NUMERIC arg)
	Double log2(NUMERIC arg)
	String lower(STRING string)
	String lpad(string, length[, padding])
	String ltrim(STRING string[, STRING characters])
	Date makedate(INTEGER year, INTEGER dayofyear)
	Date maketime(INTEGER hour, INTEGER min, INTEGER sec)
	max(COMPARABLE arg)
	byte[] md5(arg)
	Integer microsecond(TIME arg)
	min(COMPARABLE arg)
	Integer minute(TIME arg)
	Integer mod(INTEGER arg0, INTEGER arg1)
	Integer month(DATE arg)
	String monthname(DATE arg)
	Date now()
	nth_valueANY value, INTEGER nth
	nullif(arg0, arg1)
	Integer octet_length(STRING_OR_CLOB arg)
	OffsetDateTime offset datetime
	OffsetDateTime offset_datetime
	Integer ordinal(ENUM arg)
	String overlay(STRING string placing STRING replacement from INTEGER start[ for INTEGER length])
	String pad(STRING string with INTEGER length {leading|trailing}[ STRING character])
	Double percent_rank([arg0[, ...]])
	Double pi
	Integer position(STRING pattern in STRING string)
	Double power(NUMERIC arg0, NUMERIC arg1)
	Integer quarter(DATE arg)
	Double radians(NUMERIC arg)
	Double rand([INTEGER seed])
	Long rank([arg0[, ...]])
	Boolean regexp_like(STRING arg0, STRING arg1[, STRING arg2])
	String repeat(STRING string, INTEGER times)
	String replace(STRING string, STRING pattern, STRING replacement)
	String reverse(STRING arg)
	String right(STRING string, INTEGER length)
	round(NUMERIC number[, INTEGER places])
	Long row_number()
	String rpad(string, length[, padding])
	String rtrim(STRING string[, STRING characters])
	Integer second(TIME arg)
	byte[] sha(arg)
	String sha1(arg)
	String sha2(arg0, arg1)
	Integer sign(NUMERIC arg)
	Double sin(NUMERIC arg)
	Double sinh(NUMERIC arg)
	String soundex(arg)
	String space(INTEGER arg)
	sql
	Double sqrt(NUMERIC arg)
	Double stddev(NUMERIC arg)
	Double stddev_pop(NUMERIC arg)
	Double stddev_samp(NUMERIC arg)
	String str(arg)
	String string(ENUM arg)
	subdate(DATE datetime, INTEGER days)
	String substr(STRING string, INTEGER start[, INTEGER length])
	String substring(STRING string{ from|,} INTEGER start[{ for|,} INTEGER length])
	subtime(TIME datetime, TIME time)
	sum(arg)
	Date sysdate()
	Double tan(NUMERIC arg)
	Double tanh(NUMERIC arg)
	String time(arg)
	Date timestamp(arg0[, arg1])
	timestampadd(TEMPORAL_UNIT field, INTEGER magnitude, TEMPORAL datetime)
	Long|Double timestampdiff(TEMPORAL_UNIT field, TEMPORAL start, TEMPORAL end)
	String trim([[{leading|trailing|both} ][STRING arg0 ]from] STRING arg1)
	trunc( ... )
	truncate( ... )
	String upper(STRING string)
	Date utc_date
	Date utc_time
	Date utc_timestamp
	Double var_pop(NUMERIC arg)
	Double var_samp(NUMERIC arg)
	Double variance(NUMERIC arg)
	Integer week(DATE arg)
	Integer year(DATE arg)

2026-03-25 16:00:20 DEBUG core:211 - HHH000513: Unable to create the ReflectionOptimizer for [com.test.Movie]: private accessor [m_location]
2026-03-25 16:00:21 DEBUG core:211 - HHH000513: Unable to create the ReflectionOptimizer for [com.test.ThreeD]: private accessor [m_location]
2026-03-25 16:00:21 DEBUG core:211 - HHH000513: Unable to create the ReflectionOptimizer for [com.test.TwoD]: private accessor [m_location]
2026-03-25 16:00:21 INFO  core:53 - HHH000489: No JTA platform available (set 'hibernate.transaction.jta.platform' to enable JTA platform integration)
2026-03-25 16:00:21 DEBUG service:102 - HHH010454: EventListenerRegistry access via ServiceRegistry is deprecated - use 'sessionFactory.getEventEngine().getListenerRegistry()' instead
2026-03-25 16:00:21 DEBUG Table:101 - No alter strings for table: movies
2026-03-25 16:00:21 DEBUG Table:101 - No alter strings for table: movies_SEQ
2026-03-25 16:00:21 DEBUG Table:101 - No alter strings for table: toD
2026-03-25 16:00:21 DEBUG Table:101 - No alter strings for table: triD
2026-03-25 16:00:21 DEBUG SQL:126 - 
    alter table toD 
       add constraint FKom17t73ybp9sh473reaswkeqc 
       foreign key (id) 
       references movies (id)
2026-03-25 16:00:21 WARN  ExceptionHandlerLoggedImpl:25 - GenerationTarget encountered exception accepting command : Error executing DDL "
    alter table toD 
       add constraint FKom17t73ybp9sh473reaswkeqc 
       foreign key (id) 
       references movies (id)" via JDBC [Cannot add or update a child row: a foreign key constraint fails (`mla`.`#sql-1b34_ad`, CONSTRAINT `FKom17t73ybp9sh473reaswkeqc` FOREIGN KEY (`id`) REFERENCES `movies` (`id`))]
org.hibernate.tool.schema.spi.CommandAcceptanceException: Error executing DDL "
    alter table toD 
       add constraint FKom17t73ybp9sh473reaswkeqc 
       foreign key (id) 
       references movies (id)" via JDBC [Cannot add or update a child row: a foreign key constraint fails (`mla`.`#sql-1b34_ad`, CONSTRAINT `FKom17t73ybp9sh473reaswkeqc` FOREIGN KEY (`id`) REFERENCES `movies` (`id`))]
	at org.hibernate.tool.schema.internal.exec.GenerationTargetToDatabase.accept(GenerationTargetToDatabase.java:81) ~[hibernate-core-7.3.0.Final.jar:7.3.0.Final]
	at org.hibernate.tool.schema.internal.AbstractSchemaMigrator.applySqlString(AbstractSchemaMigrator.java:566) [hibernate-core-7.3.0.Final.jar:7.3.0.Final]
	at org.hibernate.tool.schema.internal.AbstractSchemaMigrator.applySqlStrings(AbstractSchemaMigrator.java:506) [hibernate-core-7.3.0.Final.jar:7.3.0.Final]
	at org.hibernate.tool.schema.internal.AbstractSchemaMigrator.applyForeignKeys(AbstractSchemaMigrator.java:438) [hibernate-core-7.3.0.Final.jar:7.3.0.Final]
	at org.hibernate.tool.schema.internal.AbstractSchemaMigrator.performMigration(AbstractSchemaMigrator.java:256) [hibernate-core-7.3.0.Final.jar:7.3.0.Final]
	at org.hibernate.tool.schema.internal.AbstractSchemaMigrator.doMigration(AbstractSchemaMigrator.java:96) [hibernate-core-7.3.0.Final.jar:7.3.0.Final]
	at org.hibernate.tool.schema.spi.SchemaManagementToolCoordinator.performDatabaseAction(SchemaManagementToolCoordinator.java:269) [hibernate-core-7.3.0.Final.jar:7.3.0.Final]
	at org.hibernate.tool.schema.spi.SchemaManagementToolCoordinator.lambda$process$1(SchemaManagementToolCoordinator.java:101) [hibernate-core-7.3.0.Final.jar:7.3.0.Final]
	at java.util.HashMap.forEach(HashMap.java:1430) [?:?]
	at org.hibernate.tool.schema.spi.SchemaManagementToolCoordinator.process(SchemaManagementToolCoordinator.java:100) [hibernate-core-7.3.0.Final.jar:7.3.0.Final]
	at org.hibernate.boot.internal.SessionFactoryObserverForSchemaExport.sessionFactoryCreated(SessionFactoryObserverForSchemaExport.java:35) [hibernate-core-7.3.0.Final.jar:7.3.0.Final]
	at org.hibernate.internal.SessionFactoryObserverChain.sessionFactoryCreated(SessionFactoryObserverChain.java:33) [hibernate-core-7.3.0.Final.jar:7.3.0.Final]
	at org.hibernate.internal.SessionFactoryImpl.<init>(SessionFactoryImpl.java:323) [hibernate-core-7.3.0.Final.jar:7.3.0.Final]
	at org.hibernate.internal.SessionFactoryRegistry.instantiateSessionFactory(SessionFactoryRegistry.java:64) [hibernate-core-7.3.0.Final.jar:7.3.0.Final]
	at org.hibernate.boot.internal.SessionFactoryBuilderImpl.build(SessionFactoryBuilderImpl.java:444) [hibernate-core-7.3.0.Final.jar:7.3.0.Final]
	at org.hibernate.cfg.Configuration.buildSessionFactory(Configuration.java:1112) [hibernate-core-7.3.0.Final.jar:7.3.0.Final]
	at org.hibernate.cfg.Configuration.buildSessionFactory(Configuration.java:1131) [hibernate-core-7.3.0.Final.jar:7.3.0.Final]
	at com.test.Demo.main(Demo.java:13) [classes/:?]
Caused by: java.sql.SQLIntegrityConstraintViolationException: Cannot add or update a child row: a foreign key constraint fails (`mla`.`#sql-1b34_ad`, CONSTRAINT `FKom17t73ybp9sh473reaswkeqc` FOREIGN KEY (`id`) REFERENCES `movies` (`id`))
	at com.mysql.cj.jdbc.exceptions.SQLError.createSQLException(SQLError.java:118) ~[mysql-connector-j-8.0.33.jar:8.0.33]
	at com.mysql.cj.jdbc.exceptions.SQLExceptionsMapping.translateException(SQLExceptionsMapping.java:122) ~[mysql-connector-j-8.0.33.jar:8.0.33]
	at com.mysql.cj.jdbc.StatementImpl.executeInternal(StatementImpl.java:763) ~[mysql-connector-j-8.0.33.jar:8.0.33]
	at com.mysql.cj.jdbc.StatementImpl.execute(StatementImpl.java:648) ~[mysql-connector-j-8.0.33.jar:8.0.33]
	at org.hibernate.tool.schema.internal.exec.GenerationTargetToDatabase.accept(GenerationTargetToDatabase.java:76) ~[hibernate-core-7.3.0.Final.jar:7.3.0.Final]
	... 17 more
2026-03-25 16:00:21 DEBUG SQL:126 - 
    alter table triD 
       add constraint FKsi4dgcwn5iomqtyml6ao92djv 
       foreign key (id) 
       references movies (id)
2026-03-25 16:00:22 WARN  ExceptionHandlerLoggedImpl:25 - GenerationTarget encountered exception accepting command : Error executing DDL "
    alter table triD 
       add constraint FKsi4dgcwn5iomqtyml6ao92djv 
       foreign key (id) 
       references movies (id)" via JDBC [Cannot add or update a child row: a foreign key constraint fails (`mla`.`#sql-1b34_ad`, CONSTRAINT `FKsi4dgcwn5iomqtyml6ao92djv` FOREIGN KEY (`id`) REFERENCES `movies` (`id`))]
org.hibernate.tool.schema.spi.CommandAcceptanceException: Error executing DDL "
    alter table triD 
       add constraint FKsi4dgcwn5iomqtyml6ao92djv 
       foreign key (id) 
       references movies (id)" via JDBC [Cannot add or update a child row: a foreign key constraint fails (`mla`.`#sql-1b34_ad`, CONSTRAINT `FKsi4dgcwn5iomqtyml6ao92djv` FOREIGN KEY (`id`) REFERENCES `movies` (`id`))]
	at org.hibernate.tool.schema.internal.exec.GenerationTargetToDatabase.accept(GenerationTargetToDatabase.java:81) ~[hibernate-core-7.3.0.Final.jar:7.3.0.Final]
	at org.hibernate.tool.schema.internal.AbstractSchemaMigrator.applySqlString(AbstractSchemaMigrator.java:566) [hibernate-core-7.3.0.Final.jar:7.3.0.Final]
	at org.hibernate.tool.schema.internal.AbstractSchemaMigrator.applySqlStrings(AbstractSchemaMigrator.java:506) [hibernate-core-7.3.0.Final.jar:7.3.0.Final]
	at org.hibernate.tool.schema.internal.AbstractSchemaMigrator.applyForeignKeys(AbstractSchemaMigrator.java:438) [hibernate-core-7.3.0.Final.jar:7.3.0.Final]
	at org.hibernate.tool.schema.internal.AbstractSchemaMigrator.performMigration(AbstractSchemaMigrator.java:256) [hibernate-core-7.3.0.Final.jar:7.3.0.Final]
	at org.hibernate.tool.schema.internal.AbstractSchemaMigrator.doMigration(AbstractSchemaMigrator.java:96) [hibernate-core-7.3.0.Final.jar:7.3.0.Final]
	at org.hibernate.tool.schema.spi.SchemaManagementToolCoordinator.performDatabaseAction(SchemaManagementToolCoordinator.java:269) [hibernate-core-7.3.0.Final.jar:7.3.0.Final]
	at org.hibernate.tool.schema.spi.SchemaManagementToolCoordinator.lambda$process$1(SchemaManagementToolCoordinator.java:101) [hibernate-core-7.3.0.Final.jar:7.3.0.Final]
	at java.util.HashMap.forEach(HashMap.java:1430) [?:?]
	at org.hibernate.tool.schema.spi.SchemaManagementToolCoordinator.process(SchemaManagementToolCoordinator.java:100) [hibernate-core-7.3.0.Final.jar:7.3.0.Final]
	at org.hibernate.boot.internal.SessionFactoryObserverForSchemaExport.sessionFactoryCreated(SessionFactoryObserverForSchemaExport.java:35) [hibernate-core-7.3.0.Final.jar:7.3.0.Final]
	at org.hibernate.internal.SessionFactoryObserverChain.sessionFactoryCreated(SessionFactoryObserverChain.java:33) [hibernate-core-7.3.0.Final.jar:7.3.0.Final]
	at org.hibernate.internal.SessionFactoryImpl.<init>(SessionFactoryImpl.java:323) [hibernate-core-7.3.0.Final.jar:7.3.0.Final]
	at org.hibernate.internal.SessionFactoryRegistry.instantiateSessionFactory(SessionFactoryRegistry.java:64) [hibernate-core-7.3.0.Final.jar:7.3.0.Final]
	at org.hibernate.boot.internal.SessionFactoryBuilderImpl.build(SessionFactoryBuilderImpl.java:444) [hibernate-core-7.3.0.Final.jar:7.3.0.Final]
	at org.hibernate.cfg.Configuration.buildSessionFactory(Configuration.java:1112) [hibernate-core-7.3.0.Final.jar:7.3.0.Final]
	at org.hibernate.cfg.Configuration.buildSessionFactory(Configuration.java:1131) [hibernate-core-7.3.0.Final.jar:7.3.0.Final]
	at com.test.Demo.main(Demo.java:13) [classes/:?]
Caused by: java.sql.SQLIntegrityConstraintViolationException: Cannot add or update a child row: a foreign key constraint fails (`mla`.`#sql-1b34_ad`, CONSTRAINT `FKsi4dgcwn5iomqtyml6ao92djv` FOREIGN KEY (`id`) REFERENCES `movies` (`id`))
	at com.mysql.cj.jdbc.exceptions.SQLError.createSQLException(SQLError.java:118) ~[mysql-connector-j-8.0.33.jar:8.0.33]
	at com.mysql.cj.jdbc.exceptions.SQLExceptionsMapping.translateException(SQLExceptionsMapping.java:122) ~[mysql-connector-j-8.0.33.jar:8.0.33]
	at com.mysql.cj.jdbc.StatementImpl.executeInternal(StatementImpl.java:763) ~[mysql-connector-j-8.0.33.jar:8.0.33]
	at com.mysql.cj.jdbc.StatementImpl.execute(StatementImpl.java:648) ~[mysql-connector-j-8.0.33.jar:8.0.33]
	at org.hibernate.tool.schema.internal.exec.GenerationTargetToDatabase.accept(GenerationTargetToDatabase.java:76) ~[hibernate-core-7.3.0.Final.jar:7.3.0.Final]
	... 17 more
2026-03-25 16:00:22 DEBUG factoryRegistry:86 - HHH020384: Registering SessionFactory [87fc7998-1475-4113-bed5-08edd62f42c5] (<unnamed>)
2026-03-25 16:00:22 DEBUG core:151 - HHH006588: Opening session [tenant=null]
2026-03-25 16:00:22 DEBUG core:74 - HHH006583: Beginning transaction
2026-03-25 16:00:22 DEBUG SQL:126 - 
    select
        next_val as id_val 
    from
        movies_SEQ 
    for
        update
2026-03-25 16:00:22 DEBUG SQL:126 - 
    update
        movies_SEQ 
    set
        next_val= ? 
    where
        next_val=?
2026-03-25 16:00:22 DEBUG core:87 - HHH006584: Committing transaction
2026-03-25 16:00:22 DEBUG event:98 - HHH90060071: Flushed: 3 insertions, 0 updates, 0 deletions to 3 objects
2026-03-25 16:00:22 DEBUG event:104 - HHH90060072: Flushed: 0 (re)creations, 0 updates, 0 removals to 0 collections
2026-03-25 16:00:22 DEBUG core:102 - Listing entities:
2026-03-25 16:00:22 DEBUG core:111 - com.test.Movie{m_name=magadeera, id=502, m_location=India}
2026-03-25 16:00:22 DEBUG core:111 - com.test.TwoD{m_name=KGF, casting=yash, id=503, m_location=null}
2026-03-25 16:00:22 DEBUG core:111 - com.test.ThreeD{m_name=AI animation, director=Upendra, id=504, m_location=null}
2026-03-25 16:00:22 DEBUG SQL:126 - 
    insert 
    into
        movies
        (m_location, m_name, id) 
    values
        (?, ?, ?)
2026-03-25 16:00:22 DEBUG SQL:126 - 
    insert 
    into
        movies
        (m_location, m_name, id) 
    values
        (?, ?, ?)
2026-03-25 16:00:22 DEBUG SQL:126 - 
    insert 
    into
        toD
        (casting, id) 
    values
        (?, ?)
2026-03-25 16:00:22 DEBUG SQL:126 - 
    insert 
    into
        movies
        (m_location, m_name, id) 
    values
        (?, ?, ?)
2026-03-25 16:00:22 DEBUG SQL:126 - 
    insert 
    into
        triD
        (director, id) 
    values
        (?, ?)
