2026-03-25 14:43:24 DEBUG service:41 - HHH010455: Adding integrator: org.hibernate.boot.beanvalidation.BeanValidationIntegrator
2026-03-25 14:43:24 DEBUG service:41 - HHH010455: Adding integrator: org.hibernate.cache.internal.CollectionCacheInvalidator
2026-03-25 14:43:24 INFO  core:41 - HHH000001: Hibernate ORM core version 7.3.0.Final
2026-03-25 14:43:24 DEBUG core:155 - HHH000206: 'hibernate.properties' not found
2026-03-25 14:43:24 DEBUG boot:97 - HHH160204: cfg.xml document did not define namespaces; wrapping in custom event reader to introduce namespace information
2026-03-25 14:43:25 DEBUG cache:116 - HHH90001031: Cannot default RegionFactory since no RegionFactory strategies were registered
2026-03-25 14:43:25 DEBUG cache:46 - HHH90001029: Second-level cache disabled
2026-03-25 14:43:25 WARN  pooling:86 - HHH10001002: Using built-in connection pool (not intended for production use)
2026-03-25 14:43:25 DEBUG pooling:34 - HHH10001014: Initializing connection pool with 1 connections
2026-03-25 14:43:25 DEBUG jdbc:457 - HHH100017: Database:
	name: MySQL
	version: 8.0.42
	major: 8
	minor: 0
2026-03-25 14:43:25 DEBUG jdbc:463 - HHH100018: Driver:
	name: MySQL Connector/J
	version: mysql-connector-j-8.0.33 (Revision: 7d6b0800528b6b25c68b52dc10d6c1c8429c100c)
	major: 8
	minor: 0
	JDBC version: 4.2
2026-03-25 14:43:25 WARN  deprecation:152 - HHH90000025: MySQLDialect does not need to be specified explicitly using 'hibernate.dialect' (remove the property setting and it will be selected by default)
2026-03-25 14:43:25 DEBUG dialect:93 - HHH035001: Using dialect: org.hibernate.dialect.MySQLDialect, version: 8.0.42
2026-03-25 14:43:25 DEBUG IdentifierHelperBuilder:205 - IdentifierCaseStrategy for both quoted and unquoted identifiers was set to the same strategy [LOWER]; that will likely lead to problems in schema update and validation if using quoted identifiers
2026-03-25 14:43:25 DEBUG jdbc:379 - HHH100122: Using default JDBC fetch size: 0
2026-03-25 14:43:25 INFO  pooling:179 - HHH10001005: Database info:
	Database JDBC URL [jdbc:mysql://localhost:3306/mla]
	Database driver: MySQL Connector/J
	Database dialect: MySQLDialect
	Database version: 8.0.42
	Default catalog/schema: mla/undefined
	Autocommit mode: false
	Isolation level: REPEATABLE_READ
	JDBC fetch size: none
	Pool: DriverManagerConnectionProvider
	Minimum pool size: 1
	Maximum pool size: 20
2026-03-25 14:43:26 DEBUG pooling:79 - HHH10001008: Cleaning up connection pool [jdbc:mysql://localhost:3306/mla]
2026-03-25 14:45:14 DEBUG service:41 - HHH010455: Adding integrator: org.hibernate.boot.beanvalidation.BeanValidationIntegrator
2026-03-25 14:45:14 DEBUG service:41 - HHH010455: Adding integrator: org.hibernate.cache.internal.CollectionCacheInvalidator
2026-03-25 14:45:14 INFO  core:41 - HHH000001: Hibernate ORM core version 7.3.0.Final
2026-03-25 14:45:14 DEBUG core:155 - HHH000206: 'hibernate.properties' not found
2026-03-25 14:45:14 DEBUG boot:97 - HHH160204: cfg.xml document did not define namespaces; wrapping in custom event reader to introduce namespace information
2026-03-25 14:45:15 DEBUG cache:116 - HHH90001031: Cannot default RegionFactory since no RegionFactory strategies were registered
2026-03-25 14:45:15 DEBUG cache:46 - HHH90001029: Second-level cache disabled
2026-03-25 14:45:15 WARN  pooling:86 - HHH10001002: Using built-in connection pool (not intended for production use)
2026-03-25 14:45:15 DEBUG pooling:34 - HHH10001014: Initializing connection pool with 1 connections
2026-03-25 14:45:15 DEBUG jdbc:457 - HHH100017: Database:
	name: MySQL
	version: 8.0.42
	major: 8
	minor: 0
2026-03-25 14:45:15 DEBUG jdbc:463 - HHH100018: Driver:
	name: MySQL Connector/J
	version: mysql-connector-j-8.0.33 (Revision: 7d6b0800528b6b25c68b52dc10d6c1c8429c100c)
	major: 8
	minor: 0
	JDBC version: 4.2
2026-03-25 14:45:15 WARN  deprecation:152 - HHH90000025: MySQLDialect does not need to be specified explicitly using 'hibernate.dialect' (remove the property setting and it will be selected by default)
2026-03-25 14:45:15 DEBUG dialect:93 - HHH035001: Using dialect: org.hibernate.dialect.MySQLDialect, version: 8.0.42
2026-03-25 14:45:15 DEBUG IdentifierHelperBuilder:205 - IdentifierCaseStrategy for both quoted and unquoted identifiers was set to the same strategy [LOWER]; that will likely lead to problems in schema update and validation if using quoted identifiers
2026-03-25 14:45:15 DEBUG jdbc:379 - HHH100122: Using default JDBC fetch size: 0
2026-03-25 14:45:15 INFO  pooling:179 - HHH10001005: Database info:
	Database JDBC URL [jdbc:mysql://localhost:3306/mla]
	Database driver: MySQL Connector/J
	Database dialect: MySQLDialect
	Database version: 8.0.42
	Default catalog/schema: mla/undefined
	Autocommit mode: false
	Isolation level: REPEATABLE_READ
	JDBC fetch size: none
	Pool: DriverManagerConnectionProvider
	Minimum pool size: 1
	Maximum pool size: 20
2026-03-25 14:45:15 DEBUG pooling:79 - HHH10001008: Cleaning up connection pool [jdbc:mysql://localhost:3306/mla]
2026-03-25 14:46:20 DEBUG service:41 - HHH010455: Adding integrator: org.hibernate.boot.beanvalidation.BeanValidationIntegrator
2026-03-25 14:46:20 DEBUG service:41 - HHH010455: Adding integrator: org.hibernate.cache.internal.CollectionCacheInvalidator
2026-03-25 14:46:20 INFO  core:41 - HHH000001: Hibernate ORM core version 7.3.0.Final
2026-03-25 14:46:20 DEBUG core:155 - HHH000206: 'hibernate.properties' not found
2026-03-25 14:46:20 DEBUG boot:97 - HHH160204: cfg.xml document did not define namespaces; wrapping in custom event reader to introduce namespace information
2026-03-25 14:46:20 DEBUG cache:116 - HHH90001031: Cannot default RegionFactory since no RegionFactory strategies were registered
2026-03-25 14:46:20 DEBUG cache:46 - HHH90001029: Second-level cache disabled
2026-03-25 14:46:20 WARN  pooling:86 - HHH10001002: Using built-in connection pool (not intended for production use)
2026-03-25 14:46:21 DEBUG pooling:34 - HHH10001014: Initializing connection pool with 1 connections
2026-03-25 14:46:21 DEBUG jdbc:457 - HHH100017: Database:
	name: MySQL
	version: 8.0.42
	major: 8
	minor: 0
2026-03-25 14:46:21 DEBUG jdbc:463 - HHH100018: Driver:
	name: MySQL Connector/J
	version: mysql-connector-j-8.0.33 (Revision: 7d6b0800528b6b25c68b52dc10d6c1c8429c100c)
	major: 8
	minor: 0
	JDBC version: 4.2
2026-03-25 14:46:21 WARN  deprecation:152 - HHH90000025: MySQLDialect does not need to be specified explicitly using 'hibernate.dialect' (remove the property setting and it will be selected by default)
2026-03-25 14:46:21 DEBUG dialect:93 - HHH035001: Using dialect: org.hibernate.dialect.MySQLDialect, version: 8.0.42
2026-03-25 14:46:21 DEBUG IdentifierHelperBuilder:205 - IdentifierCaseStrategy for both quoted and unquoted identifiers was set to the same strategy [LOWER]; that will likely lead to problems in schema update and validation if using quoted identifiers
2026-03-25 14:46:21 DEBUG jdbc:379 - HHH100122: Using default JDBC fetch size: 0
2026-03-25 14:46:21 INFO  pooling:179 - HHH10001005: Database info:
	Database JDBC URL [jdbc:mysql://localhost:3306/mla]
	Database driver: MySQL Connector/J
	Database dialect: MySQLDialect
	Database version: 8.0.42
	Default catalog/schema: mla/undefined
	Autocommit mode: false
	Isolation level: REPEATABLE_READ
	JDBC fetch size: none
	Pool: DriverManagerConnectionProvider
	Minimum pool size: 1
	Maximum pool size: 20
2026-03-25 14:46:21 DEBUG factory:230 - HHH90020001: Instantiating factory [5e6bb1de-1962-465b-a6c2-19e58f80445b] with settings: {hibernate.format_sql=true, java.specification.version=25, sun.cpu.isalist=amd64, sun.jnu.encoding=Cp1252, hibernate.dialect=org.hibernate.dialect.MySQLDialect, java.class.path=C:\Users\yashaswini.hs\Desktop\Spring-advance\HibernateInheritance\target\classes;C:\Users\yashaswini.hs\.m2\repository\com\mysql\mysql-connector-j\8.0.33\mysql-connector-j-8.0.33.jar;C:\Users\yashaswini.hs\.m2\repository\com\google\protobuf\protobuf-java\3.21.9\protobuf-java-3.21.9.jar;C:\Users\yashaswini.hs\.m2\repository\org\hibernate\orm\hibernate-core\7.3.0.Final\hibernate-core-7.3.0.Final.jar;C:\Users\yashaswini.hs\.m2\repository\jakarta\persistence\jakarta.persistence-api\3.2.0\jakarta.persistence-api-3.2.0.jar;C:\Users\yashaswini.hs\.m2\repository\jakarta\transaction\jakarta.transaction-api\2.0.1\jakarta.transaction-api-2.0.1.jar;C:\Users\yashaswini.hs\.m2\repository\org\jboss\logging\jboss-logging\3.6.1.Final\jboss-logging-3.6.1.Final.jar;C:\Users\yashaswini.hs\.m2\repository\org\hibernate\models\hibernate-models\1.1.0\hibernate-models-1.1.0.jar;C:\Users\yashaswini.hs\.m2\repository\net\bytebuddy\byte-buddy\1.18.7\byte-buddy-1.18.7.jar;C:\Users\yashaswini.hs\.m2\repository\jakarta\xml\bind\jakarta.xml.bind-api\4.0.4\jakarta.xml.bind-api-4.0.4.jar;C:\Users\yashaswini.hs\.m2\repository\jakarta\activation\jakarta.activation-api\2.1.4\jakarta.activation-api-2.1.4.jar;C:\Users\yashaswini.hs\.m2\repository\org\glassfish\jaxb\jaxb-runtime\4.0.6\jaxb-runtime-4.0.6.jar;C:\Users\yashaswini.hs\.m2\repository\org\glassfish\jaxb\jaxb-core\4.0.6\jaxb-core-4.0.6.jar;C:\Users\yashaswini.hs\.m2\repository\org\eclipse\angus\angus-activation\2.0.3\angus-activation-2.0.3.jar;C:\Users\yashaswini.hs\.m2\repository\org\glassfish\jaxb\txw2\4.0.6\txw2-4.0.6.jar;C:\Users\yashaswini.hs\.m2\repository\com\sun\istack\istack-commons-runtime\4.1.2\istack-commons-runtime-4.1.2.jar;C:\Users\yashaswini.hs\.m2\repository\jakarta\inject\jakarta.inject-api\2.0.1\jakarta.inject-api-2.0.1.jar;C:\Users\yashaswini.hs\.m2\repository\org\antlr\antlr4-runtime\4.13.2\antlr4-runtime-4.13.2.jar;C:\Users\yashaswini.hs\.m2\repository\org\apache\logging\log4j\log4j-core\2.17.1\log4j-core-2.17.1.jar;C:\Users\yashaswini.hs\.m2\repository\org\apache\logging\log4j\log4j-api\2.17.1\log4j-api-2.17.1.jar;C:\Users\yashaswini.hs\.m2\repository\org\apache\logging\log4j\log4j-slf4j-impl\2.17.1\log4j-slf4j-impl-2.17.1.jar;C:\Users\yashaswini.hs\.m2\repository\org\slf4j\slf4j-api\1.7.25\slf4j-api-1.7.25.jar, java.vm.vendor=Eclipse Adoptium, sun.arch.data.model=64, hbm2ddl.auto=update, user.variant=, java.vendor.url=https://adoptium.net/, user.timezone=Asia/Calcutta, java.vm.specification.version=25, os.name=Windows 11, sun.java.launcher=SUN_STANDARD, user.country=US, sun.boot.library.path=C:\Users\yashaswini.hs\Downloads\sts-5.1.1.RELEASE\plugins\org.eclipse.justj.openjdk.hotspot.jre.full.win32.x86_64_25.0.2.v20260203-1141\jre\bin, sun.java.command=com.test.InheritanceDemo, jdk.debug=release, sun.cpu.endian=little, user.home=C:\Users\yashaswini.hs, user.language=en, java.specification.vendor=Oracle Corporation, java.version.date=2026-01-20, java.home=C:\Users\yashaswini.hs\Downloads\sts-5.1.1.RELEASE\plugins\org.eclipse.justj.openjdk.hotspot.jre.full.win32.x86_64_25.0.2.v20260203-1141\jre, file.separator=\, java.vm.compressedOopsMode=Zero based, line.separator=
, java.vm.specification.vendor=Oracle Corporation, java.specification.name=Java Platform API Specification, hibernate.hbm2ddl.auto=update, user.script=, sun.management.compiler=HotSpot 64-Bit Tiered Compilers, java.runtime.version=25.0.2+10-LTS, user.name=yashaswini.hs, stdout.encoding=UTF-8, path.separator=;, hibernate.connection.username=****, os.version=10.0, java.runtime.name=OpenJDK Runtime Environment, hibernate.connection.url=jdbc:mysql://localhost:3306/mla, file.encoding=UTF-8, format_sql=true, java.vm.name=OpenJDK 64-Bit Server VM, hibernate.show_sql=true, java.vendor.version=Temurin-25.0.2+10, show_sql=true, hibernate.connection.driver_class=com.mysql.cj.jdbc.Driver, java.vendor.url.bug=https://github.com/adoptium/adoptium-support/issues, java.io.tmpdir=C:\Users\YASHAS~1.HS\AppData\Local\Temp\, java.version=25.0.2, user.dir=C:\Users\yashaswini.hs\Desktop\Spring-advance\HibernateInheritance, os.arch=amd64, java.vm.specification.name=Java Virtual Machine Specification, hibernate.connection.password=****, sun.os.patch.level=, hibernate.boot.CfgXmlAccessService.key=org.hibernate.boot.cfgxml.spi.LoadedConfig@353f472a, native.encoding=Cp1252, java.library.path=C:\Users\yashaswini.hs\Downloads\sts-5.1.1.RELEASE\plugins\org.eclipse.justj.openjdk.hotspot.jre.full.win32.x86_64_25.0.2.v20260203-1141\jre\bin;C:\WINDOWS\Sun\Java\bin;C:\WINDOWS\system32;C:\WINDOWS;C:/Users/yashaswini.hs/Downloads/sts-5.1.1.RELEASE//plugins/org.eclipse.justj.openjdk.hotspot.jre.full.win32.x86_64_25.0.2.v20260203-1141/jre/bin/server;C:/Users/yashaswini.hs/Downloads/sts-5.1.1.RELEASE//plugins/org.eclipse.justj.openjdk.hotspot.jre.full.win32.x86_64_25.0.2.v20260203-1141/jre/bin;C:\Program Files\Microsoft\jdk-11.0.23.9-hotspot\bin;C:\Program Files\Microsoft\jdk-17.0.15.6-hotspot\bin;C:\Program Files\Python313\Scripts\;C:\Program Files\Python313\;%SystemRoot%\system32;%SystemRoot%;%SystemRoot%\System32\Wbem;%SYSTEMROOT%\System32\WindowsPowerShell\v1.0\;%SYSTEMROOT%\System32\OpenSSH\;C:\Program Files\Git\cmd;C:\Program Files\dotnet\;C:\Program Files\apache-maven-3.9.10\bin;C:\Program Files\nodejs\;C:\Program Files\Microsoft VS Code\bin;C:\Program Files\PuTTY\;C:\Program Files (x86)\Microsoft SQL Server\160\DTS\Binn\;C:\Program Files (x86)\Microsoft SQL Server\160\Tools\Binn\;C:\Program Files\Microsoft SQL Server\160\Tools\Binn\;C:\Program Files\Microsoft SQL Server\Client SDK\ODBC\170\Tools\Binn\;C:\Program Files\Microsoft SQL Server\160\DTS\Binn\;C:\Program Files\apache-maven-3.9.10\bin;C:\Program Files\apache-maven-3.9.10\bin;C:\Program Files\apache-maven-3.9.10\bin;C:\Users\yashaswini.hs\AppData\Local\Microsoft\WindowsApps;;C:\Users\yashaswini.hs\Downloads\sts-5.1.1.RELEASE;;., stderr.encoding=UTF-8, java.vendor=Eclipse Adoptium, java.vm.info=mixed mode, sharing, stdin.encoding=Cp1252, java.vm.version=25.0.2+10-LTS, sun.io.unicode.encoding=UnicodeLittle, java.class.version=69.0}
2026-03-25 14:46:21 DEBUG HQL_FUNCTIONS:155 - Available HQL Functions:
	abs(NUMERIC arg)
	Double acos(NUMERIC arg)
	adddate(DATE datetime, INTEGER days)
	addtime(TIME datetime, TIME time)
	Boolean any(BOOLEAN arg)
	Integer ascii(STRING arg)
	Double asin(NUMERIC arg)
	Double atan(NUMERIC arg)
	Double atan2(NUMERIC arg0, NUMERIC arg1)
	avg(arg)
	bit_and(arg)
	Integer bit_length(STRING_OR_CLOB arg)
	bit_or(arg)
	bitand(arg0, arg1)
	bitnot(arg)
	bitor(arg0, arg1)
	bitxor(arg0, arg1)
	cast(arg as Type)
	ceiling(NUMERIC arg)
	Character char(INTEGER arg)
	Integer character_length(STRING_OR_CLOB arg)
	Character chr(INTEGER arg)
	coalesce(arg0[, arg1[, ...]])
	String collate(STRING string as COLLATION collation)
	String concat(STRING string0[, STRING string1[, ...]])
	Double cos(NUMERIC arg)
	Double cosh(NUMERIC arg)
	Double cot(NUMERIC arg)
	Long count([distinct ]{arg|*})
	Integer crc32(arg)
	Double cume_dist([arg0[, ...]])
	Date curdate()
	Date current date
	Date current time
	Date current timestamp
	Date current_date
	Instant current_instant
	Date current_time
	Date current_timestamp
	Date curtime()
	Date date(arg)
	dateadd(TEMPORAL_UNIT field, INTEGER magnitude, TEMPORAL datetime)
	Integer datediff(DATE end, DATE start)
	Integer day(DATE arg)
	String dayname(DATE arg)
	Integer dayofmonth(DATE arg)
	Integer dayofweek(DATE arg)
	Integer dayofyear(DATE arg)
	Double degrees(NUMERIC arg)
	Long dense_rank([arg0[, ...]])
	Boolean every(BOOLEAN arg)
	Double exp(NUMERIC arg)
	extract(TEMPORAL_UNIT field from TEMPORAL arg)
	first_valueANY value
	floor(NUMERIC arg)
	String format(TEMPORAL datetime as STRING pattern)
	greatest(COMPARABLE arg0, COMPARABLE arg1[, arg2[, ...]])
	String hex(arg)
	Integer hour(TIME arg)
	ifnull(arg0, arg1)
	String insert(STRING string, INTEGER start, INTEGER length, STRING replacement)
	Instant instant
	Integer instr(STRING string, STRING pattern[, INTEGER start[, INTEGER occurrence]])
	String json_array([arg0[, ...]])
	String json_array_append(IMPLICIT_JSON arg0, STRING arg1, ANY arg2)
	String json_array_insert(IMPLICIT_JSON arg0, STRING arg1, ANY arg2)
	String json_arrayagg(arg0[, arg1])
	Boolean json_exists(IMPLICIT_JSON arg0, STRING arg1)
	String json_insert(IMPLICIT_JSON arg0, STRING arg1, ANY arg2)
	String json_mergepatch(IMPLICIT_JSON arg0, IMPLICIT_JSON arg1[, arg2[, ...]])
	String json_object( ... )
	String json_objectagg(arg0, arg1[, arg2, arg3])
	String json_query( ... )
	String json_remove(IMPLICIT_JSON arg0, STRING arg1)
	String json_replace(IMPLICIT_JSON arg0, STRING arg1, ANY arg2)
	String json_set(IMPLICIT_JSON arg0, STRING arg1, ANY arg2)
	json_value( ... )
	lagANY value[, INTEGER offset[, ANY default]]
	Date last_day(DATE arg)
	last_valueANY value
	leadANY value[, INTEGER offset[, ANY default]]
	least(COMPARABLE arg0, COMPARABLE arg1[, arg2[, ...]])
	String left(STRING string, INTEGER length)
	Integer length(STRING_OR_CLOB arg)
	String listagg(STRING arg0, STRING arg1)
	Double ln(NUMERIC arg)
	LocalDate local date
	LocalDateTime local datetime
	LocalTime local time
	LocalDate local_date
	LocalDateTime local_datetime
	LocalTime local_time
	Date localtime
	Date localtimestamp
	Integer locate(STRING pattern, STRING string[, INTEGER start])
	Double log(NUMERIC arg0[, NUMERIC arg1])
	Double log10(NUMERIC arg)
	Double log2(NUMERIC arg)
	String lower(STRING string)
	String lpad(string, length[, padding])
	String ltrim(STRING string[, STRING characters])
	Date makedate(INTEGER year, INTEGER dayofyear)
	Date maketime(INTEGER hour, INTEGER min, INTEGER sec)
	max(COMPARABLE arg)
	byte[] md5(arg)
	Integer microsecond(TIME arg)
	min(COMPARABLE arg)
	Integer minute(TIME arg)
	Integer mod(INTEGER arg0, INTEGER arg1)
	Integer month(DATE arg)
	String monthname(DATE arg)
	Date now()
	nth_valueANY value, INTEGER nth
	nullif(arg0, arg1)
	Integer octet_length(STRING_OR_CLOB arg)
	OffsetDateTime offset datetime
	OffsetDateTime offset_datetime
	Integer ordinal(ENUM arg)
	String overlay(STRING string placing STRING replacement from INTEGER start[ for INTEGER length])
	String pad(STRING string with INTEGER length {leading|trailing}[ STRING character])
	Double percent_rank([arg0[, ...]])
	Double pi
	Integer position(STRING pattern in STRING string)
	Double power(NUMERIC arg0, NUMERIC arg1)
	Integer quarter(DATE arg)
	Double radians(NUMERIC arg)
	Double rand([INTEGER seed])
	Long rank([arg0[, ...]])
	Boolean regexp_like(STRING arg0, STRING arg1[, STRING arg2])
	String repeat(STRING string, INTEGER times)
	String replace(STRING string, STRING pattern, STRING replacement)
	String reverse(STRING arg)
	String right(STRING string, INTEGER length)
	round(NUMERIC number[, INTEGER places])
	Long row_number()
	String rpad(string, length[, padding])
	String rtrim(STRING string[, STRING characters])
	Integer second(TIME arg)
	byte[] sha(arg)
	String sha1(arg)
	String sha2(arg0, arg1)
	Integer sign(NUMERIC arg)
	Double sin(NUMERIC arg)
	Double sinh(NUMERIC arg)
	String soundex(arg)
	String space(INTEGER arg)
	sql
	Double sqrt(NUMERIC arg)
	Double stddev(NUMERIC arg)
	Double stddev_pop(NUMERIC arg)
	Double stddev_samp(NUMERIC arg)
	String str(arg)
	String string(ENUM arg)
	subdate(DATE datetime, INTEGER days)
	String substr(STRING string, INTEGER start[, INTEGER length])
	String substring(STRING string{ from|,} INTEGER start[{ for|,} INTEGER length])
	subtime(TIME datetime, TIME time)
	sum(arg)
	Date sysdate()
	Double tan(NUMERIC arg)
	Double tanh(NUMERIC arg)
	String time(arg)
	Date timestamp(arg0[, arg1])
	timestampadd(TEMPORAL_UNIT field, INTEGER magnitude, TEMPORAL datetime)
	Long|Double timestampdiff(TEMPORAL_UNIT field, TEMPORAL start, TEMPORAL end)
	String trim([[{leading|trailing|both} ][STRING arg0 ]from] STRING arg1)
	trunc( ... )
	truncate( ... )
	String upper(STRING string)
	Date utc_date
	Date utc_time
	Date utc_timestamp
	Double var_pop(NUMERIC arg)
	Double var_samp(NUMERIC arg)
	Double variance(NUMERIC arg)
	Integer week(DATE arg)
	Integer year(DATE arg)

2026-03-25 14:46:22 DEBUG core:211 - HHH000513: Unable to create the ReflectionOptimizer for [com.test.FourWheeler]: private accessor [lcn_no]
2026-03-25 14:46:22 DEBUG core:211 - HHH000513: Unable to create the ReflectionOptimizer for [com.test.TwoWheeler]: private accessor [lcn_no]
2026-03-25 14:46:22 DEBUG core:211 - HHH000513: Unable to create the ReflectionOptimizer for [com.test.Vehicle]: private accessor [lcn_no]
2026-03-25 14:46:22 INFO  core:53 - HHH000489: No JTA platform available (set 'hibernate.transaction.jta.platform' to enable JTA platform integration)
2026-03-25 14:46:22 DEBUG service:102 - HHH010454: EventListenerRegistry access via ServiceRegistry is deprecated - use 'sessionFactory.getEventEngine().getListenerRegistry()' instead
2026-03-25 14:46:22 DEBUG SQL:126 - 
    create table four_wheeler (
        id integer not null,
        lcn_no integer not null,
        v_name varchar(255),
        steeringWheel varchar(255),
        primary key (id)
    ) engine=InnoDB
2026-03-25 14:46:22 DEBUG SQL:126 - 
    create table two_wheeler (
        id integer not null,
        lcn_no integer not null,
        v_name varchar(255),
        steeringHandle varchar(255),
        primary key (id)
    ) engine=InnoDB
2026-03-25 14:46:23 DEBUG SQL:126 - 
    create table vehicle (
        id integer not null,
        lcn_no integer not null,
        v_name varchar(255),
        primary key (id)
    ) engine=InnoDB
2026-03-25 14:46:23 DEBUG SQL:126 - 
    create table vehicle_SEQ (
        next_val bigint
    ) engine=InnoDB
2026-03-25 14:46:23 DEBUG SQL:126 - 
    insert into vehicle_SEQ ( next_val ) values ( 1 )
2026-03-25 14:46:23 DEBUG factoryRegistry:86 - HHH020384: Registering SessionFactory [5e6bb1de-1962-465b-a6c2-19e58f80445b] (<unnamed>)
2026-03-25 14:46:23 DEBUG core:151 - HHH006588: Opening session [tenant=null]
2026-03-25 14:46:23 DEBUG core:74 - HHH006583: Beginning transaction
2026-03-25 14:46:24 DEBUG SQL:126 - 
    select
        next_val as id_val 
    from
        vehicle_SEQ 
    for
        update
2026-03-25 14:46:24 DEBUG SQL:126 - 
    update
        vehicle_SEQ 
    set
        next_val= ? 
    where
        next_val=?
2026-03-25 14:46:24 DEBUG SQL:126 - 
    select
        next_val as id_val 
    from
        vehicle_SEQ 
    for
        update
2026-03-25 14:46:24 DEBUG SQL:126 - 
    update
        vehicle_SEQ 
    set
        next_val= ? 
    where
        next_val=?
2026-03-25 14:46:24 DEBUG core:87 - HHH006584: Committing transaction
2026-03-25 14:46:24 DEBUG event:98 - HHH90060071: Flushed: 3 insertions, 0 updates, 0 deletions to 3 objects
2026-03-25 14:46:24 DEBUG event:104 - HHH90060072: Flushed: 0 (re)creations, 0 updates, 0 removals to 0 collections
2026-03-25 14:46:24 DEBUG core:102 - Listing entities:
2026-03-25 14:46:24 DEBUG core:111 - com.test.TwoWheeler{lcn_no=132465, steeringHandle=Bike Steering handle, id=2, v_name=Bike}
2026-03-25 14:46:24 DEBUG core:111 - com.test.FourWheeler{steeringWheel=Ai Steering wheel, lcn_no=0, id=3, v_name=truck}
2026-03-25 14:46:24 DEBUG core:111 - com.test.Vehicle{lcn_no=1234543, id=1, v_name=car}
2026-03-25 14:46:24 DEBUG SQL:126 - 
    insert 
    into
        vehicle
        (lcn_no, v_name, id) 
    values
        (?, ?, ?)
2026-03-25 14:46:24 DEBUG SQL:126 - 
    insert 
    into
        two_wheeler
        (lcn_no, v_name, steeringHandle, id) 
    values
        (?, ?, ?, ?)
2026-03-25 14:46:24 DEBUG SQL:126 - 
    insert 
    into
        four_wheeler
        (lcn_no, v_name, steeringWheel, id) 
    values
        (?, ?, ?, ?)
2026-03-25 14:51:03 DEBUG service:41 - HHH010455: Adding integrator: org.hibernate.boot.beanvalidation.BeanValidationIntegrator
2026-03-25 14:51:03 DEBUG service:41 - HHH010455: Adding integrator: org.hibernate.cache.internal.CollectionCacheInvalidator
2026-03-25 14:51:03 INFO  core:41 - HHH000001: Hibernate ORM core version 7.3.0.Final
2026-03-25 14:51:03 DEBUG core:155 - HHH000206: 'hibernate.properties' not found
2026-03-25 14:51:03 DEBUG boot:97 - HHH160204: cfg.xml document did not define namespaces; wrapping in custom event reader to introduce namespace information
2026-03-25 14:51:03 DEBUG cache:116 - HHH90001031: Cannot default RegionFactory since no RegionFactory strategies were registered
2026-03-25 14:51:03 DEBUG cache:46 - HHH90001029: Second-level cache disabled
2026-03-25 14:51:03 WARN  pooling:86 - HHH10001002: Using built-in connection pool (not intended for production use)
2026-03-25 14:51:04 DEBUG pooling:34 - HHH10001014: Initializing connection pool with 1 connections
2026-03-25 14:51:04 DEBUG jdbc:457 - HHH100017: Database:
	name: MySQL
	version: 8.0.42
	major: 8
	minor: 0
2026-03-25 14:51:04 DEBUG jdbc:463 - HHH100018: Driver:
	name: MySQL Connector/J
	version: mysql-connector-j-8.0.33 (Revision: 7d6b0800528b6b25c68b52dc10d6c1c8429c100c)
	major: 8
	minor: 0
	JDBC version: 4.2
2026-03-25 14:51:04 WARN  deprecation:152 - HHH90000025: MySQLDialect does not need to be specified explicitly using 'hibernate.dialect' (remove the property setting and it will be selected by default)
2026-03-25 14:51:04 DEBUG dialect:93 - HHH035001: Using dialect: org.hibernate.dialect.MySQLDialect, version: 8.0.42
2026-03-25 14:51:04 DEBUG IdentifierHelperBuilder:205 - IdentifierCaseStrategy for both quoted and unquoted identifiers was set to the same strategy [LOWER]; that will likely lead to problems in schema update and validation if using quoted identifiers
2026-03-25 14:51:04 DEBUG jdbc:379 - HHH100122: Using default JDBC fetch size: 0
2026-03-25 14:51:04 INFO  pooling:179 - HHH10001005: Database info:
	Database JDBC URL [jdbc:mysql://localhost:3306/mla]
	Database driver: MySQL Connector/J
	Database dialect: MySQLDialect
	Database version: 8.0.42
	Default catalog/schema: mla/undefined
	Autocommit mode: false
	Isolation level: REPEATABLE_READ
	JDBC fetch size: none
	Pool: DriverManagerConnectionProvider
	Minimum pool size: 1
	Maximum pool size: 20
2026-03-25 14:51:04 DEBUG factory:230 - HHH90020001: Instantiating factory [17717224-20d0-498a-a815-a90b2de7e7e9] with settings: {hibernate.format_sql=true, java.specification.version=25, sun.cpu.isalist=amd64, sun.jnu.encoding=Cp1252, hibernate.dialect=org.hibernate.dialect.MySQLDialect, java.class.path=C:\Users\yashaswini.hs\Desktop\Spring-advance\HibernateInheritance\target\classes;C:\Users\yashaswini.hs\.m2\repository\com\mysql\mysql-connector-j\8.0.33\mysql-connector-j-8.0.33.jar;C:\Users\yashaswini.hs\.m2\repository\com\google\protobuf\protobuf-java\3.21.9\protobuf-java-3.21.9.jar;C:\Users\yashaswini.hs\.m2\repository\org\hibernate\orm\hibernate-core\7.3.0.Final\hibernate-core-7.3.0.Final.jar;C:\Users\yashaswini.hs\.m2\repository\jakarta\persistence\jakarta.persistence-api\3.2.0\jakarta.persistence-api-3.2.0.jar;C:\Users\yashaswini.hs\.m2\repository\jakarta\transaction\jakarta.transaction-api\2.0.1\jakarta.transaction-api-2.0.1.jar;C:\Users\yashaswini.hs\.m2\repository\org\jboss\logging\jboss-logging\3.6.1.Final\jboss-logging-3.6.1.Final.jar;C:\Users\yashaswini.hs\.m2\repository\org\hibernate\models\hibernate-models\1.1.0\hibernate-models-1.1.0.jar;C:\Users\yashaswini.hs\.m2\repository\net\bytebuddy\byte-buddy\1.18.7\byte-buddy-1.18.7.jar;C:\Users\yashaswini.hs\.m2\repository\jakarta\xml\bind\jakarta.xml.bind-api\4.0.4\jakarta.xml.bind-api-4.0.4.jar;C:\Users\yashaswini.hs\.m2\repository\jakarta\activation\jakarta.activation-api\2.1.4\jakarta.activation-api-2.1.4.jar;C:\Users\yashaswini.hs\.m2\repository\org\glassfish\jaxb\jaxb-runtime\4.0.6\jaxb-runtime-4.0.6.jar;C:\Users\yashaswini.hs\.m2\repository\org\glassfish\jaxb\jaxb-core\4.0.6\jaxb-core-4.0.6.jar;C:\Users\yashaswini.hs\.m2\repository\org\eclipse\angus\angus-activation\2.0.3\angus-activation-2.0.3.jar;C:\Users\yashaswini.hs\.m2\repository\org\glassfish\jaxb\txw2\4.0.6\txw2-4.0.6.jar;C:\Users\yashaswini.hs\.m2\repository\com\sun\istack\istack-commons-runtime\4.1.2\istack-commons-runtime-4.1.2.jar;C:\Users\yashaswini.hs\.m2\repository\jakarta\inject\jakarta.inject-api\2.0.1\jakarta.inject-api-2.0.1.jar;C:\Users\yashaswini.hs\.m2\repository\org\antlr\antlr4-runtime\4.13.2\antlr4-runtime-4.13.2.jar;C:\Users\yashaswini.hs\.m2\repository\org\apache\logging\log4j\log4j-core\2.17.1\log4j-core-2.17.1.jar;C:\Users\yashaswini.hs\.m2\repository\org\apache\logging\log4j\log4j-api\2.17.1\log4j-api-2.17.1.jar;C:\Users\yashaswini.hs\.m2\repository\org\apache\logging\log4j\log4j-slf4j-impl\2.17.1\log4j-slf4j-impl-2.17.1.jar;C:\Users\yashaswini.hs\.m2\repository\org\slf4j\slf4j-api\1.7.25\slf4j-api-1.7.25.jar, java.vm.vendor=Eclipse Adoptium, sun.arch.data.model=64, hbm2ddl.auto=update, user.variant=, java.vendor.url=https://adoptium.net/, user.timezone=Asia/Calcutta, java.vm.specification.version=25, os.name=Windows 11, sun.java.launcher=SUN_STANDARD, user.country=US, sun.boot.library.path=C:\Users\yashaswini.hs\Downloads\sts-5.1.1.RELEASE\plugins\org.eclipse.justj.openjdk.hotspot.jre.full.win32.x86_64_25.0.2.v20260203-1141\jre\bin, sun.java.command=com.test.InheritanceDemo, jdk.debug=release, sun.cpu.endian=little, user.home=C:\Users\yashaswini.hs, user.language=en, java.specification.vendor=Oracle Corporation, java.version.date=2026-01-20, java.home=C:\Users\yashaswini.hs\Downloads\sts-5.1.1.RELEASE\plugins\org.eclipse.justj.openjdk.hotspot.jre.full.win32.x86_64_25.0.2.v20260203-1141\jre, file.separator=\, java.vm.compressedOopsMode=Zero based, line.separator=
, java.vm.specification.vendor=Oracle Corporation, java.specification.name=Java Platform API Specification, hibernate.hbm2ddl.auto=update, user.script=, sun.management.compiler=HotSpot 64-Bit Tiered Compilers, java.runtime.version=25.0.2+10-LTS, user.name=yashaswini.hs, stdout.encoding=UTF-8, path.separator=;, hibernate.connection.username=****, os.version=10.0, java.runtime.name=OpenJDK Runtime Environment, hibernate.connection.url=jdbc:mysql://localhost:3306/mla, file.encoding=UTF-8, format_sql=true, java.vm.name=OpenJDK 64-Bit Server VM, hibernate.show_sql=true, java.vendor.version=Temurin-25.0.2+10, show_sql=true, hibernate.connection.driver_class=com.mysql.cj.jdbc.Driver, java.vendor.url.bug=https://github.com/adoptium/adoptium-support/issues, java.io.tmpdir=C:\Users\YASHAS~1.HS\AppData\Local\Temp\, java.version=25.0.2, user.dir=C:\Users\yashaswini.hs\Desktop\Spring-advance\HibernateInheritance, os.arch=amd64, java.vm.specification.name=Java Virtual Machine Specification, hibernate.connection.password=****, sun.os.patch.level=, hibernate.boot.CfgXmlAccessService.key=org.hibernate.boot.cfgxml.spi.LoadedConfig@ce12fbb, native.encoding=Cp1252, java.library.path=C:\Users\yashaswini.hs\Downloads\sts-5.1.1.RELEASE\plugins\org.eclipse.justj.openjdk.hotspot.jre.full.win32.x86_64_25.0.2.v20260203-1141\jre\bin;C:\WINDOWS\Sun\Java\bin;C:\WINDOWS\system32;C:\WINDOWS;C:/Users/yashaswini.hs/Downloads/sts-5.1.1.RELEASE//plugins/org.eclipse.justj.openjdk.hotspot.jre.full.win32.x86_64_25.0.2.v20260203-1141/jre/bin/server;C:/Users/yashaswini.hs/Downloads/sts-5.1.1.RELEASE//plugins/org.eclipse.justj.openjdk.hotspot.jre.full.win32.x86_64_25.0.2.v20260203-1141/jre/bin;C:\Program Files\Microsoft\jdk-11.0.23.9-hotspot\bin;C:\Program Files\Microsoft\jdk-17.0.15.6-hotspot\bin;C:\Program Files\Python313\Scripts\;C:\Program Files\Python313\;%SystemRoot%\system32;%SystemRoot%;%SystemRoot%\System32\Wbem;%SYSTEMROOT%\System32\WindowsPowerShell\v1.0\;%SYSTEMROOT%\System32\OpenSSH\;C:\Program Files\Git\cmd;C:\Program Files\dotnet\;C:\Program Files\apache-maven-3.9.10\bin;C:\Program Files\nodejs\;C:\Program Files\Microsoft VS Code\bin;C:\Program Files\PuTTY\;C:\Program Files (x86)\Microsoft SQL Server\160\DTS\Binn\;C:\Program Files (x86)\Microsoft SQL Server\160\Tools\Binn\;C:\Program Files\Microsoft SQL Server\160\Tools\Binn\;C:\Program Files\Microsoft SQL Server\Client SDK\ODBC\170\Tools\Binn\;C:\Program Files\Microsoft SQL Server\160\DTS\Binn\;C:\Program Files\apache-maven-3.9.10\bin;C:\Program Files\apache-maven-3.9.10\bin;C:\Program Files\apache-maven-3.9.10\bin;C:\Users\yashaswini.hs\AppData\Local\Microsoft\WindowsApps;;C:\Users\yashaswini.hs\Downloads\sts-5.1.1.RELEASE;;., stderr.encoding=UTF-8, java.vendor=Eclipse Adoptium, java.vm.info=mixed mode, sharing, stdin.encoding=Cp1252, java.vm.version=25.0.2+10-LTS, sun.io.unicode.encoding=UnicodeLittle, java.class.version=69.0}
2026-03-25 14:51:04 DEBUG HQL_FUNCTIONS:155 - Available HQL Functions:
	abs(NUMERIC arg)
	Double acos(NUMERIC arg)
	adddate(DATE datetime, INTEGER days)
	addtime(TIME datetime, TIME time)
	Boolean any(BOOLEAN arg)
	Integer ascii(STRING arg)
	Double asin(NUMERIC arg)
	Double atan(NUMERIC arg)
	Double atan2(NUMERIC arg0, NUMERIC arg1)
	avg(arg)
	bit_and(arg)
	Integer bit_length(STRING_OR_CLOB arg)
	bit_or(arg)
	bitand(arg0, arg1)
	bitnot(arg)
	bitor(arg0, arg1)
	bitxor(arg0, arg1)
	cast(arg as Type)
	ceiling(NUMERIC arg)
	Character char(INTEGER arg)
	Integer character_length(STRING_OR_CLOB arg)
	Character chr(INTEGER arg)
	coalesce(arg0[, arg1[, ...]])
	String collate(STRING string as COLLATION collation)
	String concat(STRING string0[, STRING string1[, ...]])
	Double cos(NUMERIC arg)
	Double cosh(NUMERIC arg)
	Double cot(NUMERIC arg)
	Long count([distinct ]{arg|*})
	Integer crc32(arg)
	Double cume_dist([arg0[, ...]])
	Date curdate()
	Date current date
	Date current time
	Date current timestamp
	Date current_date
	Instant current_instant
	Date current_time
	Date current_timestamp
	Date curtime()
	Date date(arg)
	dateadd(TEMPORAL_UNIT field, INTEGER magnitude, TEMPORAL datetime)
	Integer datediff(DATE end, DATE start)
	Integer day(DATE arg)
	String dayname(DATE arg)
	Integer dayofmonth(DATE arg)
	Integer dayofweek(DATE arg)
	Integer dayofyear(DATE arg)
	Double degrees(NUMERIC arg)
	Long dense_rank([arg0[, ...]])
	Boolean every(BOOLEAN arg)
	Double exp(NUMERIC arg)
	extract(TEMPORAL_UNIT field from TEMPORAL arg)
	first_valueANY value
	floor(NUMERIC arg)
	String format(TEMPORAL datetime as STRING pattern)
	greatest(COMPARABLE arg0, COMPARABLE arg1[, arg2[, ...]])
	String hex(arg)
	Integer hour(TIME arg)
	ifnull(arg0, arg1)
	String insert(STRING string, INTEGER start, INTEGER length, STRING replacement)
	Instant instant
	Integer instr(STRING string, STRING pattern[, INTEGER start[, INTEGER occurrence]])
	String json_array([arg0[, ...]])
	String json_array_append(IMPLICIT_JSON arg0, STRING arg1, ANY arg2)
	String json_array_insert(IMPLICIT_JSON arg0, STRING arg1, ANY arg2)
	String json_arrayagg(arg0[, arg1])
	Boolean json_exists(IMPLICIT_JSON arg0, STRING arg1)
	String json_insert(IMPLICIT_JSON arg0, STRING arg1, ANY arg2)
	String json_mergepatch(IMPLICIT_JSON arg0, IMPLICIT_JSON arg1[, arg2[, ...]])
	String json_object( ... )
	String json_objectagg(arg0, arg1[, arg2, arg3])
	String json_query( ... )
	String json_remove(IMPLICIT_JSON arg0, STRING arg1)
	String json_replace(IMPLICIT_JSON arg0, STRING arg1, ANY arg2)
	String json_set(IMPLICIT_JSON arg0, STRING arg1, ANY arg2)
	json_value( ... )
	lagANY value[, INTEGER offset[, ANY default]]
	Date last_day(DATE arg)
	last_valueANY value
	leadANY value[, INTEGER offset[, ANY default]]
	least(COMPARABLE arg0, COMPARABLE arg1[, arg2[, ...]])
	String left(STRING string, INTEGER length)
	Integer length(STRING_OR_CLOB arg)
	String listagg(STRING arg0, STRING arg1)
	Double ln(NUMERIC arg)
	LocalDate local date
	LocalDateTime local datetime
	LocalTime local time
	LocalDate local_date
	LocalDateTime local_datetime
	LocalTime local_time
	Date localtime
	Date localtimestamp
	Integer locate(STRING pattern, STRING string[, INTEGER start])
	Double log(NUMERIC arg0[, NUMERIC arg1])
	Double log10(NUMERIC arg)
	Double log2(NUMERIC arg)
	String lower(STRING string)
	String lpad(string, length[, padding])
	String ltrim(STRING string[, STRING characters])
	Date makedate(INTEGER year, INTEGER dayofyear)
	Date maketime(INTEGER hour, INTEGER min, INTEGER sec)
	max(COMPARABLE arg)
	byte[] md5(arg)
	Integer microsecond(TIME arg)
	min(COMPARABLE arg)
	Integer minute(TIME arg)
	Integer mod(INTEGER arg0, INTEGER arg1)
	Integer month(DATE arg)
	String monthname(DATE arg)
	Date now()
	nth_valueANY value, INTEGER nth
	nullif(arg0, arg1)
	Integer octet_length(STRING_OR_CLOB arg)
	OffsetDateTime offset datetime
	OffsetDateTime offset_datetime
	Integer ordinal(ENUM arg)
	String overlay(STRING string placing STRING replacement from INTEGER start[ for INTEGER length])
	String pad(STRING string with INTEGER length {leading|trailing}[ STRING character])
	Double percent_rank([arg0[, ...]])
	Double pi
	Integer position(STRING pattern in STRING string)
	Double power(NUMERIC arg0, NUMERIC arg1)
	Integer quarter(DATE arg)
	Double radians(NUMERIC arg)
	Double rand([INTEGER seed])
	Long rank([arg0[, ...]])
	Boolean regexp_like(STRING arg0, STRING arg1[, STRING arg2])
	String repeat(STRING string, INTEGER times)
	String replace(STRING string, STRING pattern, STRING replacement)
	String reverse(STRING arg)
	String right(STRING string, INTEGER length)
	round(NUMERIC number[, INTEGER places])
	Long row_number()
	String rpad(string, length[, padding])
	String rtrim(STRING string[, STRING characters])
	Integer second(TIME arg)
	byte[] sha(arg)
	String sha1(arg)
	String sha2(arg0, arg1)
	Integer sign(NUMERIC arg)
	Double sin(NUMERIC arg)
	Double sinh(NUMERIC arg)
	String soundex(arg)
	String space(INTEGER arg)
	sql
	Double sqrt(NUMERIC arg)
	Double stddev(NUMERIC arg)
	Double stddev_pop(NUMERIC arg)
	Double stddev_samp(NUMERIC arg)
	String str(arg)
	String string(ENUM arg)
	subdate(DATE datetime, INTEGER days)
	String substr(STRING string, INTEGER start[, INTEGER length])
	String substring(STRING string{ from|,} INTEGER start[{ for|,} INTEGER length])
	subtime(TIME datetime, TIME time)
	sum(arg)
	Date sysdate()
	Double tan(NUMERIC arg)
	Double tanh(NUMERIC arg)
	String time(arg)
	Date timestamp(arg0[, arg1])
	timestampadd(TEMPORAL_UNIT field, INTEGER magnitude, TEMPORAL datetime)
	Long|Double timestampdiff(TEMPORAL_UNIT field, TEMPORAL start, TEMPORAL end)
	String trim([[{leading|trailing|both} ][STRING arg0 ]from] STRING arg1)
	trunc( ... )
	truncate( ... )
	String upper(STRING string)
	Date utc_date
	Date utc_time
	Date utc_timestamp
	Double var_pop(NUMERIC arg)
	Double var_samp(NUMERIC arg)
	Double variance(NUMERIC arg)
	Integer week(DATE arg)
	Integer year(DATE arg)

2026-03-25 14:51:04 DEBUG core:211 - HHH000513: Unable to create the ReflectionOptimizer for [com.test.FourWheeler]: private accessor [lcn_no]
2026-03-25 14:51:04 DEBUG core:211 - HHH000513: Unable to create the ReflectionOptimizer for [com.test.TwoWheeler]: private accessor [lcn_no]
2026-03-25 14:51:04 DEBUG core:211 - HHH000513: Unable to create the ReflectionOptimizer for [com.test.Vehicle]: private accessor [lcn_no]
2026-03-25 14:51:05 INFO  core:53 - HHH000489: No JTA platform available (set 'hibernate.transaction.jta.platform' to enable JTA platform integration)
2026-03-25 14:51:05 DEBUG service:102 - HHH010454: EventListenerRegistry access via ServiceRegistry is deprecated - use 'sessionFactory.getEventEngine().getListenerRegistry()' instead
2026-03-25 14:51:05 DEBUG SQL:126 - 
    create table vehicle (
        DTYPE varchar(31) not null check ((DTYPE in ('Vehicle','TwoWheeler','FourWheeler'))),
        id integer not null,
        lcn_no integer not null,
        v_name varchar(255),
        steeringHandle varchar(255),
        steeringWheel varchar(255),
        primary key (id)
    ) engine=InnoDB
2026-03-25 14:51:05 DEBUG Table:101 - No alter strings for table: vehicle_SEQ
2026-03-25 14:51:05 DEBUG factoryRegistry:86 - HHH020384: Registering SessionFactory [17717224-20d0-498a-a815-a90b2de7e7e9] (<unnamed>)
2026-03-25 14:51:05 DEBUG core:151 - HHH006588: Opening session [tenant=null]
2026-03-25 14:51:05 DEBUG core:74 - HHH006583: Beginning transaction
2026-03-25 14:51:05 DEBUG SQL:126 - 
    select
        next_val as id_val 
    from
        vehicle_SEQ 
    for
        update
2026-03-25 14:51:05 DEBUG SQL:126 - 
    update
        vehicle_SEQ 
    set
        next_val= ? 
    where
        next_val=?
2026-03-25 14:51:05 DEBUG core:87 - HHH006584: Committing transaction
2026-03-25 14:51:05 DEBUG event:98 - HHH90060071: Flushed: 3 insertions, 0 updates, 0 deletions to 3 objects
2026-03-25 14:51:05 DEBUG event:104 - HHH90060072: Flushed: 0 (re)creations, 0 updates, 0 removals to 0 collections
2026-03-25 14:51:05 DEBUG core:102 - Listing entities:
2026-03-25 14:51:05 DEBUG core:111 - com.test.Vehicle{lcn_no=1234543, id=52, v_name=car}
2026-03-25 14:51:05 DEBUG core:111 - com.test.TwoWheeler{lcn_no=132465, steeringHandle=Bike Steering handle, id=53, v_name=Bike}
2026-03-25 14:51:05 DEBUG core:111 - com.test.FourWheeler{steeringWheel=Ai Steering wheel, lcn_no=0, id=54, v_name=truck}
2026-03-25 14:51:05 DEBUG SQL:126 - 
    insert 
    into
        vehicle
        (lcn_no, v_name, DTYPE, id) 
    values
        (?, ?, 'Vehicle', ?)
2026-03-25 14:51:05 DEBUG SQL:126 - 
    insert 
    into
        vehicle
        (lcn_no, v_name, steeringHandle, DTYPE, id) 
    values
        (?, ?, ?, 'TwoWheeler', ?)
2026-03-25 14:51:05 DEBUG SQL:126 - 
    insert 
    into
        vehicle
        (lcn_no, v_name, steeringWheel, DTYPE, id) 
    values
        (?, ?, ?, 'FourWheeler', ?)
2026-03-25 14:52:42 DEBUG service:41 - HHH010455: Adding integrator: org.hibernate.boot.beanvalidation.BeanValidationIntegrator
2026-03-25 14:52:42 DEBUG service:41 - HHH010455: Adding integrator: org.hibernate.cache.internal.CollectionCacheInvalidator
2026-03-25 14:52:42 INFO  core:41 - HHH000001: Hibernate ORM core version 7.3.0.Final
2026-03-25 14:52:42 DEBUG core:155 - HHH000206: 'hibernate.properties' not found
2026-03-25 14:52:42 DEBUG boot:97 - HHH160204: cfg.xml document did not define namespaces; wrapping in custom event reader to introduce namespace information
2026-03-25 14:52:42 DEBUG cache:116 - HHH90001031: Cannot default RegionFactory since no RegionFactory strategies were registered
2026-03-25 14:52:42 DEBUG cache:46 - HHH90001029: Second-level cache disabled
2026-03-25 14:52:42 WARN  pooling:86 - HHH10001002: Using built-in connection pool (not intended for production use)
2026-03-25 14:52:42 DEBUG pooling:34 - HHH10001014: Initializing connection pool with 1 connections
2026-03-25 14:52:42 DEBUG jdbc:457 - HHH100017: Database:
	name: MySQL
	version: 8.0.42
	major: 8
	minor: 0
2026-03-25 14:52:42 DEBUG jdbc:463 - HHH100018: Driver:
	name: MySQL Connector/J
	version: mysql-connector-j-8.0.33 (Revision: 7d6b0800528b6b25c68b52dc10d6c1c8429c100c)
	major: 8
	minor: 0
	JDBC version: 4.2
2026-03-25 14:52:43 WARN  deprecation:152 - HHH90000025: MySQLDialect does not need to be specified explicitly using 'hibernate.dialect' (remove the property setting and it will be selected by default)
2026-03-25 14:52:43 DEBUG dialect:93 - HHH035001: Using dialect: org.hibernate.dialect.MySQLDialect, version: 8.0.42
2026-03-25 14:52:43 DEBUG IdentifierHelperBuilder:205 - IdentifierCaseStrategy for both quoted and unquoted identifiers was set to the same strategy [LOWER]; that will likely lead to problems in schema update and validation if using quoted identifiers
2026-03-25 14:52:43 DEBUG jdbc:379 - HHH100122: Using default JDBC fetch size: 0
2026-03-25 14:52:43 INFO  pooling:179 - HHH10001005: Database info:
	Database JDBC URL [jdbc:mysql://localhost:3306/mla]
	Database driver: MySQL Connector/J
	Database dialect: MySQLDialect
	Database version: 8.0.42
	Default catalog/schema: mla/undefined
	Autocommit mode: false
	Isolation level: REPEATABLE_READ
	JDBC fetch size: none
	Pool: DriverManagerConnectionProvider
	Minimum pool size: 1
	Maximum pool size: 20
2026-03-25 14:52:43 DEBUG factory:230 - HHH90020001: Instantiating factory [d32f590e-ea81-44d2-8b7d-c708734e9095] with settings: {hibernate.format_sql=true, java.specification.version=25, sun.cpu.isalist=amd64, sun.jnu.encoding=Cp1252, hibernate.dialect=org.hibernate.dialect.MySQLDialect, java.class.path=C:\Users\yashaswini.hs\Desktop\Spring-advance\HibernateInheritance\target\classes;C:\Users\yashaswini.hs\.m2\repository\com\mysql\mysql-connector-j\8.0.33\mysql-connector-j-8.0.33.jar;C:\Users\yashaswini.hs\.m2\repository\com\google\protobuf\protobuf-java\3.21.9\protobuf-java-3.21.9.jar;C:\Users\yashaswini.hs\.m2\repository\org\hibernate\orm\hibernate-core\7.3.0.Final\hibernate-core-7.3.0.Final.jar;C:\Users\yashaswini.hs\.m2\repository\jakarta\persistence\jakarta.persistence-api\3.2.0\jakarta.persistence-api-3.2.0.jar;C:\Users\yashaswini.hs\.m2\repository\jakarta\transaction\jakarta.transaction-api\2.0.1\jakarta.transaction-api-2.0.1.jar;C:\Users\yashaswini.hs\.m2\repository\org\jboss\logging\jboss-logging\3.6.1.Final\jboss-logging-3.6.1.Final.jar;C:\Users\yashaswini.hs\.m2\repository\org\hibernate\models\hibernate-models\1.1.0\hibernate-models-1.1.0.jar;C:\Users\yashaswini.hs\.m2\repository\net\bytebuddy\byte-buddy\1.18.7\byte-buddy-1.18.7.jar;C:\Users\yashaswini.hs\.m2\repository\jakarta\xml\bind\jakarta.xml.bind-api\4.0.4\jakarta.xml.bind-api-4.0.4.jar;C:\Users\yashaswini.hs\.m2\repository\jakarta\activation\jakarta.activation-api\2.1.4\jakarta.activation-api-2.1.4.jar;C:\Users\yashaswini.hs\.m2\repository\org\glassfish\jaxb\jaxb-runtime\4.0.6\jaxb-runtime-4.0.6.jar;C:\Users\yashaswini.hs\.m2\repository\org\glassfish\jaxb\jaxb-core\4.0.6\jaxb-core-4.0.6.jar;C:\Users\yashaswini.hs\.m2\repository\org\eclipse\angus\angus-activation\2.0.3\angus-activation-2.0.3.jar;C:\Users\yashaswini.hs\.m2\repository\org\glassfish\jaxb\txw2\4.0.6\txw2-4.0.6.jar;C:\Users\yashaswini.hs\.m2\repository\com\sun\istack\istack-commons-runtime\4.1.2\istack-commons-runtime-4.1.2.jar;C:\Users\yashaswini.hs\.m2\repository\jakarta\inject\jakarta.inject-api\2.0.1\jakarta.inject-api-2.0.1.jar;C:\Users\yashaswini.hs\.m2\repository\org\antlr\antlr4-runtime\4.13.2\antlr4-runtime-4.13.2.jar;C:\Users\yashaswini.hs\.m2\repository\org\apache\logging\log4j\log4j-core\2.17.1\log4j-core-2.17.1.jar;C:\Users\yashaswini.hs\.m2\repository\org\apache\logging\log4j\log4j-api\2.17.1\log4j-api-2.17.1.jar;C:\Users\yashaswini.hs\.m2\repository\org\apache\logging\log4j\log4j-slf4j-impl\2.17.1\log4j-slf4j-impl-2.17.1.jar;C:\Users\yashaswini.hs\.m2\repository\org\slf4j\slf4j-api\1.7.25\slf4j-api-1.7.25.jar, java.vm.vendor=Eclipse Adoptium, sun.arch.data.model=64, hbm2ddl.auto=update, user.variant=, java.vendor.url=https://adoptium.net/, user.timezone=Asia/Calcutta, java.vm.specification.version=25, os.name=Windows 11, sun.java.launcher=SUN_STANDARD, user.country=US, sun.boot.library.path=C:\Users\yashaswini.hs\Downloads\sts-5.1.1.RELEASE\plugins\org.eclipse.justj.openjdk.hotspot.jre.full.win32.x86_64_25.0.2.v20260203-1141\jre\bin, sun.java.command=com.test.InheritanceDemo, jdk.debug=release, sun.cpu.endian=little, user.home=C:\Users\yashaswini.hs, user.language=en, java.specification.vendor=Oracle Corporation, java.version.date=2026-01-20, java.home=C:\Users\yashaswini.hs\Downloads\sts-5.1.1.RELEASE\plugins\org.eclipse.justj.openjdk.hotspot.jre.full.win32.x86_64_25.0.2.v20260203-1141\jre, file.separator=\, java.vm.compressedOopsMode=Zero based, line.separator=
, java.vm.specification.vendor=Oracle Corporation, java.specification.name=Java Platform API Specification, hibernate.hbm2ddl.auto=update, user.script=, sun.management.compiler=HotSpot 64-Bit Tiered Compilers, java.runtime.version=25.0.2+10-LTS, user.name=yashaswini.hs, stdout.encoding=UTF-8, path.separator=;, hibernate.connection.username=****, os.version=10.0, java.runtime.name=OpenJDK Runtime Environment, hibernate.connection.url=jdbc:mysql://localhost:3306/mla, file.encoding=UTF-8, format_sql=true, java.vm.name=OpenJDK 64-Bit Server VM, hibernate.show_sql=true, java.vendor.version=Temurin-25.0.2+10, show_sql=true, hibernate.connection.driver_class=com.mysql.cj.jdbc.Driver, java.vendor.url.bug=https://github.com/adoptium/adoptium-support/issues, java.io.tmpdir=C:\Users\YASHAS~1.HS\AppData\Local\Temp\, java.version=25.0.2, user.dir=C:\Users\yashaswini.hs\Desktop\Spring-advance\HibernateInheritance, os.arch=amd64, java.vm.specification.name=Java Virtual Machine Specification, hibernate.connection.password=****, sun.os.patch.level=, hibernate.boot.CfgXmlAccessService.key=org.hibernate.boot.cfgxml.spi.LoadedConfig@ce12fbb, native.encoding=Cp1252, java.library.path=C:\Users\yashaswini.hs\Downloads\sts-5.1.1.RELEASE\plugins\org.eclipse.justj.openjdk.hotspot.jre.full.win32.x86_64_25.0.2.v20260203-1141\jre\bin;C:\WINDOWS\Sun\Java\bin;C:\WINDOWS\system32;C:\WINDOWS;C:/Users/yashaswini.hs/Downloads/sts-5.1.1.RELEASE//plugins/org.eclipse.justj.openjdk.hotspot.jre.full.win32.x86_64_25.0.2.v20260203-1141/jre/bin/server;C:/Users/yashaswini.hs/Downloads/sts-5.1.1.RELEASE//plugins/org.eclipse.justj.openjdk.hotspot.jre.full.win32.x86_64_25.0.2.v20260203-1141/jre/bin;C:\Program Files\Microsoft\jdk-11.0.23.9-hotspot\bin;C:\Program Files\Microsoft\jdk-17.0.15.6-hotspot\bin;C:\Program Files\Python313\Scripts\;C:\Program Files\Python313\;%SystemRoot%\system32;%SystemRoot%;%SystemRoot%\System32\Wbem;%SYSTEMROOT%\System32\WindowsPowerShell\v1.0\;%SYSTEMROOT%\System32\OpenSSH\;C:\Program Files\Git\cmd;C:\Program Files\dotnet\;C:\Program Files\apache-maven-3.9.10\bin;C:\Program Files\nodejs\;C:\Program Files\Microsoft VS Code\bin;C:\Program Files\PuTTY\;C:\Program Files (x86)\Microsoft SQL Server\160\DTS\Binn\;C:\Program Files (x86)\Microsoft SQL Server\160\Tools\Binn\;C:\Program Files\Microsoft SQL Server\160\Tools\Binn\;C:\Program Files\Microsoft SQL Server\Client SDK\ODBC\170\Tools\Binn\;C:\Program Files\Microsoft SQL Server\160\DTS\Binn\;C:\Program Files\apache-maven-3.9.10\bin;C:\Program Files\apache-maven-3.9.10\bin;C:\Program Files\apache-maven-3.9.10\bin;C:\Users\yashaswini.hs\AppData\Local\Microsoft\WindowsApps;;C:\Users\yashaswini.hs\Downloads\sts-5.1.1.RELEASE;;., stderr.encoding=UTF-8, java.vendor=Eclipse Adoptium, java.vm.info=mixed mode, sharing, stdin.encoding=Cp1252, java.vm.version=25.0.2+10-LTS, sun.io.unicode.encoding=UnicodeLittle, java.class.version=69.0}
2026-03-25 14:52:43 DEBUG HQL_FUNCTIONS:155 - Available HQL Functions:
	abs(NUMERIC arg)
	Double acos(NUMERIC arg)
	adddate(DATE datetime, INTEGER days)
	addtime(TIME datetime, TIME time)
	Boolean any(BOOLEAN arg)
	Integer ascii(STRING arg)
	Double asin(NUMERIC arg)
	Double atan(NUMERIC arg)
	Double atan2(NUMERIC arg0, NUMERIC arg1)
	avg(arg)
	bit_and(arg)
	Integer bit_length(STRING_OR_CLOB arg)
	bit_or(arg)
	bitand(arg0, arg1)
	bitnot(arg)
	bitor(arg0, arg1)
	bitxor(arg0, arg1)
	cast(arg as Type)
	ceiling(NUMERIC arg)
	Character char(INTEGER arg)
	Integer character_length(STRING_OR_CLOB arg)
	Character chr(INTEGER arg)
	coalesce(arg0[, arg1[, ...]])
	String collate(STRING string as COLLATION collation)
	String concat(STRING string0[, STRING string1[, ...]])
	Double cos(NUMERIC arg)
	Double cosh(NUMERIC arg)
	Double cot(NUMERIC arg)
	Long count([distinct ]{arg|*})
	Integer crc32(arg)
	Double cume_dist([arg0[, ...]])
	Date curdate()
	Date current date
	Date current time
	Date current timestamp
	Date current_date
	Instant current_instant
	Date current_time
	Date current_timestamp
	Date curtime()
	Date date(arg)
	dateadd(TEMPORAL_UNIT field, INTEGER magnitude, TEMPORAL datetime)
	Integer datediff(DATE end, DATE start)
	Integer day(DATE arg)
	String dayname(DATE arg)
	Integer dayofmonth(DATE arg)
	Integer dayofweek(DATE arg)
	Integer dayofyear(DATE arg)
	Double degrees(NUMERIC arg)
	Long dense_rank([arg0[, ...]])
	Boolean every(BOOLEAN arg)
	Double exp(NUMERIC arg)
	extract(TEMPORAL_UNIT field from TEMPORAL arg)
	first_valueANY value
	floor(NUMERIC arg)
	String format(TEMPORAL datetime as STRING pattern)
	greatest(COMPARABLE arg0, COMPARABLE arg1[, arg2[, ...]])
	String hex(arg)
	Integer hour(TIME arg)
	ifnull(arg0, arg1)
	String insert(STRING string, INTEGER start, INTEGER length, STRING replacement)
	Instant instant
	Integer instr(STRING string, STRING pattern[, INTEGER start[, INTEGER occurrence]])
	String json_array([arg0[, ...]])
	String json_array_append(IMPLICIT_JSON arg0, STRING arg1, ANY arg2)
	String json_array_insert(IMPLICIT_JSON arg0, STRING arg1, ANY arg2)
	String json_arrayagg(arg0[, arg1])
	Boolean json_exists(IMPLICIT_JSON arg0, STRING arg1)
	String json_insert(IMPLICIT_JSON arg0, STRING arg1, ANY arg2)
	String json_mergepatch(IMPLICIT_JSON arg0, IMPLICIT_JSON arg1[, arg2[, ...]])
	String json_object( ... )
	String json_objectagg(arg0, arg1[, arg2, arg3])
	String json_query( ... )
	String json_remove(IMPLICIT_JSON arg0, STRING arg1)
	String json_replace(IMPLICIT_JSON arg0, STRING arg1, ANY arg2)
	String json_set(IMPLICIT_JSON arg0, STRING arg1, ANY arg2)
	json_value( ... )
	lagANY value[, INTEGER offset[, ANY default]]
	Date last_day(DATE arg)
	last_valueANY value
	leadANY value[, INTEGER offset[, ANY default]]
	least(COMPARABLE arg0, COMPARABLE arg1[, arg2[, ...]])
	String left(STRING string, INTEGER length)
	Integer length(STRING_OR_CLOB arg)
	String listagg(STRING arg0, STRING arg1)
	Double ln(NUMERIC arg)
	LocalDate local date
	LocalDateTime local datetime
	LocalTime local time
	LocalDate local_date
	LocalDateTime local_datetime
	LocalTime local_time
	Date localtime
	Date localtimestamp
	Integer locate(STRING pattern, STRING string[, INTEGER start])
	Double log(NUMERIC arg0[, NUMERIC arg1])
	Double log10(NUMERIC arg)
	Double log2(NUMERIC arg)
	String lower(STRING string)
	String lpad(string, length[, padding])
	String ltrim(STRING string[, STRING characters])
	Date makedate(INTEGER year, INTEGER dayofyear)
	Date maketime(INTEGER hour, INTEGER min, INTEGER sec)
	max(COMPARABLE arg)
	byte[] md5(arg)
	Integer microsecond(TIME arg)
	min(COMPARABLE arg)
	Integer minute(TIME arg)
	Integer mod(INTEGER arg0, INTEGER arg1)
	Integer month(DATE arg)
	String monthname(DATE arg)
	Date now()
	nth_valueANY value, INTEGER nth
	nullif(arg0, arg1)
	Integer octet_length(STRING_OR_CLOB arg)
	OffsetDateTime offset datetime
	OffsetDateTime offset_datetime
	Integer ordinal(ENUM arg)
	String overlay(STRING string placing STRING replacement from INTEGER start[ for INTEGER length])
	String pad(STRING string with INTEGER length {leading|trailing}[ STRING character])
	Double percent_rank([arg0[, ...]])
	Double pi
	Integer position(STRING pattern in STRING string)
	Double power(NUMERIC arg0, NUMERIC arg1)
	Integer quarter(DATE arg)
	Double radians(NUMERIC arg)
	Double rand([INTEGER seed])
	Long rank([arg0[, ...]])
	Boolean regexp_like(STRING arg0, STRING arg1[, STRING arg2])
	String repeat(STRING string, INTEGER times)
	String replace(STRING string, STRING pattern, STRING replacement)
	String reverse(STRING arg)
	String right(STRING string, INTEGER length)
	round(NUMERIC number[, INTEGER places])
	Long row_number()
	String rpad(string, length[, padding])
	String rtrim(STRING string[, STRING characters])
	Integer second(TIME arg)
	byte[] sha(arg)
	String sha1(arg)
	String sha2(arg0, arg1)
	Integer sign(NUMERIC arg)
	Double sin(NUMERIC arg)
	Double sinh(NUMERIC arg)
	String soundex(arg)
	String space(INTEGER arg)
	sql
	Double sqrt(NUMERIC arg)
	Double stddev(NUMERIC arg)
	Double stddev_pop(NUMERIC arg)
	Double stddev_samp(NUMERIC arg)
	String str(arg)
	String string(ENUM arg)
	subdate(DATE datetime, INTEGER days)
	String substr(STRING string, INTEGER start[, INTEGER length])
	String substring(STRING string{ from|,} INTEGER start[{ for|,} INTEGER length])
	subtime(TIME datetime, TIME time)
	sum(arg)
	Date sysdate()
	Double tan(NUMERIC arg)
	Double tanh(NUMERIC arg)
	String time(arg)
	Date timestamp(arg0[, arg1])
	timestampadd(TEMPORAL_UNIT field, INTEGER magnitude, TEMPORAL datetime)
	Long|Double timestampdiff(TEMPORAL_UNIT field, TEMPORAL start, TEMPORAL end)
	String trim([[{leading|trailing|both} ][STRING arg0 ]from] STRING arg1)
	trunc( ... )
	truncate( ... )
	String upper(STRING string)
	Date utc_date
	Date utc_time
	Date utc_timestamp
	Double var_pop(NUMERIC arg)
	Double var_samp(NUMERIC arg)
	Double variance(NUMERIC arg)
	Integer week(DATE arg)
	Integer year(DATE arg)

2026-03-25 14:52:43 DEBUG core:211 - HHH000513: Unable to create the ReflectionOptimizer for [com.test.FourWheeler]: private accessor [lcn_no]
2026-03-25 14:52:43 DEBUG core:211 - HHH000513: Unable to create the ReflectionOptimizer for [com.test.TwoWheeler]: private accessor [lcn_no]
2026-03-25 14:52:43 DEBUG core:211 - HHH000513: Unable to create the ReflectionOptimizer for [com.test.Vehicle]: private accessor [lcn_no]
2026-03-25 14:52:44 INFO  core:53 - HHH000489: No JTA platform available (set 'hibernate.transaction.jta.platform' to enable JTA platform integration)
2026-03-25 14:52:44 DEBUG service:102 - HHH010454: EventListenerRegistry access via ServiceRegistry is deprecated - use 'sessionFactory.getEventEngine().getListenerRegistry()' instead
2026-03-25 14:52:44 DEBUG Table:101 - No alter strings for table: vehicle
2026-03-25 14:52:44 DEBUG Table:101 - No alter strings for table: vehicle_SEQ
2026-03-25 14:52:44 DEBUG factoryRegistry:86 - HHH020384: Registering SessionFactory [d32f590e-ea81-44d2-8b7d-c708734e9095] (<unnamed>)
2026-03-25 14:52:44 DEBUG core:151 - HHH006588: Opening session [tenant=null]
2026-03-25 14:52:44 DEBUG core:74 - HHH006583: Beginning transaction
2026-03-25 14:52:44 DEBUG SQL:126 - 
    select
        next_val as id_val 
    from
        vehicle_SEQ 
    for
        update
2026-03-25 14:52:44 DEBUG SQL:126 - 
    update
        vehicle_SEQ 
    set
        next_val= ? 
    where
        next_val=?
2026-03-25 14:52:44 DEBUG core:87 - HHH006584: Committing transaction
2026-03-25 14:52:44 DEBUG event:98 - HHH90060071: Flushed: 3 insertions, 0 updates, 0 deletions to 3 objects
2026-03-25 14:52:44 DEBUG event:104 - HHH90060072: Flushed: 0 (re)creations, 0 updates, 0 removals to 0 collections
2026-03-25 14:52:44 DEBUG core:102 - Listing entities:
2026-03-25 14:52:44 DEBUG core:111 - com.test.FourWheeler{steeringWheel=Ai Steering wheel, lcn_no=0, id=104, v_name=truck}
2026-03-25 14:52:44 DEBUG core:111 - com.test.Vehicle{lcn_no=1234543, id=102, v_name=car}
2026-03-25 14:52:44 DEBUG core:111 - com.test.TwoWheeler{lcn_no=132465, steeringHandle=Bike Steering handle, id=103, v_name=Bike}
2026-03-25 14:52:44 DEBUG SQL:126 - 
    insert 
    into
        vehicle
        (lcn_no, v_name, DTYPE, id) 
    values
        (?, ?, 'Vehicle', ?)
2026-03-25 14:52:44 DEBUG SQL:126 - 
    insert 
    into
        vehicle
        (lcn_no, v_name, steeringHandle, DTYPE, id) 
    values
        (?, ?, ?, 'TwoWheeler', ?)
2026-03-25 14:52:44 DEBUG SQL:126 - 
    insert 
    into
        vehicle
        (lcn_no, v_name, steeringWheel, DTYPE, id) 
    values
        (?, ?, ?, 'FourWheeler', ?)
2026-03-25 14:58:05 DEBUG service:41 - HHH010455: Adding integrator: org.hibernate.boot.beanvalidation.BeanValidationIntegrator
2026-03-25 14:58:05 DEBUG service:41 - HHH010455: Adding integrator: org.hibernate.cache.internal.CollectionCacheInvalidator
2026-03-25 14:58:05 INFO  core:41 - HHH000001: Hibernate ORM core version 7.3.0.Final
2026-03-25 14:58:05 DEBUG core:155 - HHH000206: 'hibernate.properties' not found
2026-03-25 14:58:05 DEBUG boot:97 - HHH160204: cfg.xml document did not define namespaces; wrapping in custom event reader to introduce namespace information
2026-03-25 14:58:05 DEBUG cache:116 - HHH90001031: Cannot default RegionFactory since no RegionFactory strategies were registered
2026-03-25 14:58:05 DEBUG cache:46 - HHH90001029: Second-level cache disabled
2026-03-25 14:58:06 WARN  pooling:86 - HHH10001002: Using built-in connection pool (not intended for production use)
2026-03-25 14:58:06 DEBUG pooling:34 - HHH10001014: Initializing connection pool with 1 connections
2026-03-25 14:58:06 DEBUG jdbc:457 - HHH100017: Database:
	name: MySQL
	version: 8.0.42
	major: 8
	minor: 0
2026-03-25 14:58:06 DEBUG jdbc:463 - HHH100018: Driver:
	name: MySQL Connector/J
	version: mysql-connector-j-8.0.33 (Revision: 7d6b0800528b6b25c68b52dc10d6c1c8429c100c)
	major: 8
	minor: 0
	JDBC version: 4.2
2026-03-25 14:58:06 WARN  deprecation:152 - HHH90000025: MySQLDialect does not need to be specified explicitly using 'hibernate.dialect' (remove the property setting and it will be selected by default)
2026-03-25 14:58:06 DEBUG dialect:93 - HHH035001: Using dialect: org.hibernate.dialect.MySQLDialect, version: 8.0.42
2026-03-25 14:58:06 DEBUG IdentifierHelperBuilder:205 - IdentifierCaseStrategy for both quoted and unquoted identifiers was set to the same strategy [LOWER]; that will likely lead to problems in schema update and validation if using quoted identifiers
2026-03-25 14:58:06 DEBUG jdbc:379 - HHH100122: Using default JDBC fetch size: 0
2026-03-25 14:58:06 INFO  pooling:179 - HHH10001005: Database info:
	Database JDBC URL [jdbc:mysql://localhost:3306/mla]
	Database driver: MySQL Connector/J
	Database dialect: MySQLDialect
	Database version: 8.0.42
	Default catalog/schema: mla/undefined
	Autocommit mode: false
	Isolation level: REPEATABLE_READ
	JDBC fetch size: none
	Pool: DriverManagerConnectionProvider
	Minimum pool size: 1
	Maximum pool size: 20
2026-03-25 14:58:07 DEBUG factory:230 - HHH90020001: Instantiating factory [11a67252-f1a8-43cd-a794-e995c3f9cb16] with settings: {hibernate.format_sql=true, java.specification.version=25, sun.cpu.isalist=amd64, sun.jnu.encoding=Cp1252, hibernate.dialect=org.hibernate.dialect.MySQLDialect, java.class.path=C:\Users\yashaswini.hs\Desktop\Spring-advance\HibernateInheritance\target\classes;C:\Users\yashaswini.hs\.m2\repository\com\mysql\mysql-connector-j\8.0.33\mysql-connector-j-8.0.33.jar;C:\Users\yashaswini.hs\.m2\repository\com\google\protobuf\protobuf-java\3.21.9\protobuf-java-3.21.9.jar;C:\Users\yashaswini.hs\.m2\repository\org\hibernate\orm\hibernate-core\7.3.0.Final\hibernate-core-7.3.0.Final.jar;C:\Users\yashaswini.hs\.m2\repository\jakarta\persistence\jakarta.persistence-api\3.2.0\jakarta.persistence-api-3.2.0.jar;C:\Users\yashaswini.hs\.m2\repository\jakarta\transaction\jakarta.transaction-api\2.0.1\jakarta.transaction-api-2.0.1.jar;C:\Users\yashaswini.hs\.m2\repository\org\jboss\logging\jboss-logging\3.6.1.Final\jboss-logging-3.6.1.Final.jar;C:\Users\yashaswini.hs\.m2\repository\org\hibernate\models\hibernate-models\1.1.0\hibernate-models-1.1.0.jar;C:\Users\yashaswini.hs\.m2\repository\net\bytebuddy\byte-buddy\1.18.7\byte-buddy-1.18.7.jar;C:\Users\yashaswini.hs\.m2\repository\jakarta\xml\bind\jakarta.xml.bind-api\4.0.4\jakarta.xml.bind-api-4.0.4.jar;C:\Users\yashaswini.hs\.m2\repository\jakarta\activation\jakarta.activation-api\2.1.4\jakarta.activation-api-2.1.4.jar;C:\Users\yashaswini.hs\.m2\repository\org\glassfish\jaxb\jaxb-runtime\4.0.6\jaxb-runtime-4.0.6.jar;C:\Users\yashaswini.hs\.m2\repository\org\glassfish\jaxb\jaxb-core\4.0.6\jaxb-core-4.0.6.jar;C:\Users\yashaswini.hs\.m2\repository\org\eclipse\angus\angus-activation\2.0.3\angus-activation-2.0.3.jar;C:\Users\yashaswini.hs\.m2\repository\org\glassfish\jaxb\txw2\4.0.6\txw2-4.0.6.jar;C:\Users\yashaswini.hs\.m2\repository\com\sun\istack\istack-commons-runtime\4.1.2\istack-commons-runtime-4.1.2.jar;C:\Users\yashaswini.hs\.m2\repository\jakarta\inject\jakarta.inject-api\2.0.1\jakarta.inject-api-2.0.1.jar;C:\Users\yashaswini.hs\.m2\repository\org\antlr\antlr4-runtime\4.13.2\antlr4-runtime-4.13.2.jar;C:\Users\yashaswini.hs\.m2\repository\org\apache\logging\log4j\log4j-core\2.17.1\log4j-core-2.17.1.jar;C:\Users\yashaswini.hs\.m2\repository\org\apache\logging\log4j\log4j-api\2.17.1\log4j-api-2.17.1.jar;C:\Users\yashaswini.hs\.m2\repository\org\apache\logging\log4j\log4j-slf4j-impl\2.17.1\log4j-slf4j-impl-2.17.1.jar;C:\Users\yashaswini.hs\.m2\repository\org\slf4j\slf4j-api\1.7.25\slf4j-api-1.7.25.jar, java.vm.vendor=Eclipse Adoptium, sun.arch.data.model=64, hbm2ddl.auto=update, user.variant=, java.vendor.url=https://adoptium.net/, user.timezone=Asia/Calcutta, java.vm.specification.version=25, os.name=Windows 11, sun.java.launcher=SUN_STANDARD, user.country=US, sun.boot.library.path=C:\Users\yashaswini.hs\Downloads\sts-5.1.1.RELEASE\plugins\org.eclipse.justj.openjdk.hotspot.jre.full.win32.x86_64_25.0.2.v20260203-1141\jre\bin, sun.java.command=com.test.InheritanceDemo, jdk.debug=release, sun.cpu.endian=little, user.home=C:\Users\yashaswini.hs, user.language=en, java.specification.vendor=Oracle Corporation, java.version.date=2026-01-20, java.home=C:\Users\yashaswini.hs\Downloads\sts-5.1.1.RELEASE\plugins\org.eclipse.justj.openjdk.hotspot.jre.full.win32.x86_64_25.0.2.v20260203-1141\jre, file.separator=\, java.vm.compressedOopsMode=Zero based, line.separator=
, java.vm.specification.vendor=Oracle Corporation, java.specification.name=Java Platform API Specification, hibernate.hbm2ddl.auto=update, user.script=, sun.management.compiler=HotSpot 64-Bit Tiered Compilers, java.runtime.version=25.0.2+10-LTS, user.name=yashaswini.hs, stdout.encoding=UTF-8, path.separator=;, hibernate.connection.username=****, os.version=10.0, java.runtime.name=OpenJDK Runtime Environment, hibernate.connection.url=jdbc:mysql://localhost:3306/mla, file.encoding=UTF-8, format_sql=true, java.vm.name=OpenJDK 64-Bit Server VM, hibernate.show_sql=true, java.vendor.version=Temurin-25.0.2+10, show_sql=true, hibernate.connection.driver_class=com.mysql.cj.jdbc.Driver, java.vendor.url.bug=https://github.com/adoptium/adoptium-support/issues, java.io.tmpdir=C:\Users\YASHAS~1.HS\AppData\Local\Temp\, java.version=25.0.2, user.dir=C:\Users\yashaswini.hs\Desktop\Spring-advance\HibernateInheritance, os.arch=amd64, java.vm.specification.name=Java Virtual Machine Specification, hibernate.connection.password=****, sun.os.patch.level=, hibernate.boot.CfgXmlAccessService.key=org.hibernate.boot.cfgxml.spi.LoadedConfig@b950f82, native.encoding=Cp1252, java.library.path=C:\Users\yashaswini.hs\Downloads\sts-5.1.1.RELEASE\plugins\org.eclipse.justj.openjdk.hotspot.jre.full.win32.x86_64_25.0.2.v20260203-1141\jre\bin;C:\WINDOWS\Sun\Java\bin;C:\WINDOWS\system32;C:\WINDOWS;C:/Users/yashaswini.hs/Downloads/sts-5.1.1.RELEASE//plugins/org.eclipse.justj.openjdk.hotspot.jre.full.win32.x86_64_25.0.2.v20260203-1141/jre/bin/server;C:/Users/yashaswini.hs/Downloads/sts-5.1.1.RELEASE//plugins/org.eclipse.justj.openjdk.hotspot.jre.full.win32.x86_64_25.0.2.v20260203-1141/jre/bin;C:\Program Files\Microsoft\jdk-11.0.23.9-hotspot\bin;C:\Program Files\Microsoft\jdk-17.0.15.6-hotspot\bin;C:\Program Files\Python313\Scripts\;C:\Program Files\Python313\;%SystemRoot%\system32;%SystemRoot%;%SystemRoot%\System32\Wbem;%SYSTEMROOT%\System32\WindowsPowerShell\v1.0\;%SYSTEMROOT%\System32\OpenSSH\;C:\Program Files\Git\cmd;C:\Program Files\dotnet\;C:\Program Files\apache-maven-3.9.10\bin;C:\Program Files\nodejs\;C:\Program Files\Microsoft VS Code\bin;C:\Program Files\PuTTY\;C:\Program Files (x86)\Microsoft SQL Server\160\DTS\Binn\;C:\Program Files (x86)\Microsoft SQL Server\160\Tools\Binn\;C:\Program Files\Microsoft SQL Server\160\Tools\Binn\;C:\Program Files\Microsoft SQL Server\Client SDK\ODBC\170\Tools\Binn\;C:\Program Files\Microsoft SQL Server\160\DTS\Binn\;C:\Program Files\apache-maven-3.9.10\bin;C:\Program Files\apache-maven-3.9.10\bin;C:\Program Files\apache-maven-3.9.10\bin;C:\Users\yashaswini.hs\AppData\Local\Microsoft\WindowsApps;;C:\Users\yashaswini.hs\Downloads\sts-5.1.1.RELEASE;;., stderr.encoding=UTF-8, java.vendor=Eclipse Adoptium, java.vm.info=mixed mode, sharing, stdin.encoding=Cp1252, java.vm.version=25.0.2+10-LTS, sun.io.unicode.encoding=UnicodeLittle, java.class.version=69.0}
2026-03-25 14:58:07 DEBUG HQL_FUNCTIONS:155 - Available HQL Functions:
	abs(NUMERIC arg)
	Double acos(NUMERIC arg)
	adddate(DATE datetime, INTEGER days)
	addtime(TIME datetime, TIME time)
	Boolean any(BOOLEAN arg)
	Integer ascii(STRING arg)
	Double asin(NUMERIC arg)
	Double atan(NUMERIC arg)
	Double atan2(NUMERIC arg0, NUMERIC arg1)
	avg(arg)
	bit_and(arg)
	Integer bit_length(STRING_OR_CLOB arg)
	bit_or(arg)
	bitand(arg0, arg1)
	bitnot(arg)
	bitor(arg0, arg1)
	bitxor(arg0, arg1)
	cast(arg as Type)
	ceiling(NUMERIC arg)
	Character char(INTEGER arg)
	Integer character_length(STRING_OR_CLOB arg)
	Character chr(INTEGER arg)
	coalesce(arg0[, arg1[, ...]])
	String collate(STRING string as COLLATION collation)
	String concat(STRING string0[, STRING string1[, ...]])
	Double cos(NUMERIC arg)
	Double cosh(NUMERIC arg)
	Double cot(NUMERIC arg)
	Long count([distinct ]{arg|*})
	Integer crc32(arg)
	Double cume_dist([arg0[, ...]])
	Date curdate()
	Date current date
	Date current time
	Date current timestamp
	Date current_date
	Instant current_instant
	Date current_time
	Date current_timestamp
	Date curtime()
	Date date(arg)
	dateadd(TEMPORAL_UNIT field, INTEGER magnitude, TEMPORAL datetime)
	Integer datediff(DATE end, DATE start)
	Integer day(DATE arg)
	String dayname(DATE arg)
	Integer dayofmonth(DATE arg)
	Integer dayofweek(DATE arg)
	Integer dayofyear(DATE arg)
	Double degrees(NUMERIC arg)
	Long dense_rank([arg0[, ...]])
	Boolean every(BOOLEAN arg)
	Double exp(NUMERIC arg)
	extract(TEMPORAL_UNIT field from TEMPORAL arg)
	first_valueANY value
	floor(NUMERIC arg)
	String format(TEMPORAL datetime as STRING pattern)
	greatest(COMPARABLE arg0, COMPARABLE arg1[, arg2[, ...]])
	String hex(arg)
	Integer hour(TIME arg)
	ifnull(arg0, arg1)
	String insert(STRING string, INTEGER start, INTEGER length, STRING replacement)
	Instant instant
	Integer instr(STRING string, STRING pattern[, INTEGER start[, INTEGER occurrence]])
	String json_array([arg0[, ...]])
	String json_array_append(IMPLICIT_JSON arg0, STRING arg1, ANY arg2)
	String json_array_insert(IMPLICIT_JSON arg0, STRING arg1, ANY arg2)
	String json_arrayagg(arg0[, arg1])
	Boolean json_exists(IMPLICIT_JSON arg0, STRING arg1)
	String json_insert(IMPLICIT_JSON arg0, STRING arg1, ANY arg2)
	String json_mergepatch(IMPLICIT_JSON arg0, IMPLICIT_JSON arg1[, arg2[, ...]])
	String json_object( ... )
	String json_objectagg(arg0, arg1[, arg2, arg3])
	String json_query( ... )
	String json_remove(IMPLICIT_JSON arg0, STRING arg1)
	String json_replace(IMPLICIT_JSON arg0, STRING arg1, ANY arg2)
	String json_set(IMPLICIT_JSON arg0, STRING arg1, ANY arg2)
	json_value( ... )
	lagANY value[, INTEGER offset[, ANY default]]
	Date last_day(DATE arg)
	last_valueANY value
	leadANY value[, INTEGER offset[, ANY default]]
	least(COMPARABLE arg0, COMPARABLE arg1[, arg2[, ...]])
	String left(STRING string, INTEGER length)
	Integer length(STRING_OR_CLOB arg)
	String listagg(STRING arg0, STRING arg1)
	Double ln(NUMERIC arg)
	LocalDate local date
	LocalDateTime local datetime
	LocalTime local time
	LocalDate local_date
	LocalDateTime local_datetime
	LocalTime local_time
	Date localtime
	Date localtimestamp
	Integer locate(STRING pattern, STRING string[, INTEGER start])
	Double log(NUMERIC arg0[, NUMERIC arg1])
	Double log10(NUMERIC arg)
	Double log2(NUMERIC arg)
	String lower(STRING string)
	String lpad(string, length[, padding])
	String ltrim(STRING string[, STRING characters])
	Date makedate(INTEGER year, INTEGER dayofyear)
	Date maketime(INTEGER hour, INTEGER min, INTEGER sec)
	max(COMPARABLE arg)
	byte[] md5(arg)
	Integer microsecond(TIME arg)
	min(COMPARABLE arg)
	Integer minute(TIME arg)
	Integer mod(INTEGER arg0, INTEGER arg1)
	Integer month(DATE arg)
	String monthname(DATE arg)
	Date now()
	nth_valueANY value, INTEGER nth
	nullif(arg0, arg1)
	Integer octet_length(STRING_OR_CLOB arg)
	OffsetDateTime offset datetime
	OffsetDateTime offset_datetime
	Integer ordinal(ENUM arg)
	String overlay(STRING string placing STRING replacement from INTEGER start[ for INTEGER length])
	String pad(STRING string with INTEGER length {leading|trailing}[ STRING character])
	Double percent_rank([arg0[, ...]])
	Double pi
	Integer position(STRING pattern in STRING string)
	Double power(NUMERIC arg0, NUMERIC arg1)
	Integer quarter(DATE arg)
	Double radians(NUMERIC arg)
	Double rand([INTEGER seed])
	Long rank([arg0[, ...]])
	Boolean regexp_like(STRING arg0, STRING arg1[, STRING arg2])
	String repeat(STRING string, INTEGER times)
	String replace(STRING string, STRING pattern, STRING replacement)
	String reverse(STRING arg)
	String right(STRING string, INTEGER length)
	round(NUMERIC number[, INTEGER places])
	Long row_number()
	String rpad(string, length[, padding])
	String rtrim(STRING string[, STRING characters])
	Integer second(TIME arg)
	byte[] sha(arg)
	String sha1(arg)
	String sha2(arg0, arg1)
	Integer sign(NUMERIC arg)
	Double sin(NUMERIC arg)
	Double sinh(NUMERIC arg)
	String soundex(arg)
	String space(INTEGER arg)
	sql
	Double sqrt(NUMERIC arg)
	Double stddev(NUMERIC arg)
	Double stddev_pop(NUMERIC arg)
	Double stddev_samp(NUMERIC arg)
	String str(arg)
	String string(ENUM arg)
	subdate(DATE datetime, INTEGER days)
	String substr(STRING string, INTEGER start[, INTEGER length])
	String substring(STRING string{ from|,} INTEGER start[{ for|,} INTEGER length])
	subtime(TIME datetime, TIME time)
	sum(arg)
	Date sysdate()
	Double tan(NUMERIC arg)
	Double tanh(NUMERIC arg)
	String time(arg)
	Date timestamp(arg0[, arg1])
	timestampadd(TEMPORAL_UNIT field, INTEGER magnitude, TEMPORAL datetime)
	Long|Double timestampdiff(TEMPORAL_UNIT field, TEMPORAL start, TEMPORAL end)
	String trim([[{leading|trailing|both} ][STRING arg0 ]from] STRING arg1)
	trunc( ... )
	truncate( ... )
	String upper(STRING string)
	Date utc_date
	Date utc_time
	Date utc_timestamp
	Double var_pop(NUMERIC arg)
	Double var_samp(NUMERIC arg)
	Double variance(NUMERIC arg)
	Integer week(DATE arg)
	Integer year(DATE arg)

2026-03-25 14:58:07 DEBUG core:211 - HHH000513: Unable to create the ReflectionOptimizer for [com.test.FourWheeler]: private accessor [lcn_no]
2026-03-25 14:58:07 DEBUG core:211 - HHH000513: Unable to create the ReflectionOptimizer for [com.test.TwoWheeler]: private accessor [lcn_no]
2026-03-25 14:58:07 DEBUG core:211 - HHH000513: Unable to create the ReflectionOptimizer for [com.test.Vehicle]: private accessor [lcn_no]
2026-03-25 14:58:07 INFO  core:53 - HHH000489: No JTA platform available (set 'hibernate.transaction.jta.platform' to enable JTA platform integration)
2026-03-25 14:58:07 DEBUG service:102 - HHH010454: EventListenerRegistry access via ServiceRegistry is deprecated - use 'sessionFactory.getEventEngine().getListenerRegistry()' instead
2026-03-25 14:58:07 DEBUG SQL:126 - 
    alter table vehicle 
       add column vehicle_type varchar(31) not null check ((vehicle_type in ('Vehicle','Bike','Car')))
2026-03-25 14:58:08 WARN  ExceptionHandlerLoggedImpl:25 - GenerationTarget encountered exception accepting command : Error executing DDL "
    alter table vehicle 
       add column vehicle_type varchar(31) not null check ((vehicle_type in ('Vehicle','Bike','Car')))" via JDBC [Check constraint 'vehicle_chk_2' is violated.]
org.hibernate.tool.schema.spi.CommandAcceptanceException: Error executing DDL "
    alter table vehicle 
       add column vehicle_type varchar(31) not null check ((vehicle_type in ('Vehicle','Bike','Car')))" via JDBC [Check constraint 'vehicle_chk_2' is violated.]
	at org.hibernate.tool.schema.internal.exec.GenerationTargetToDatabase.accept(GenerationTargetToDatabase.java:81) ~[hibernate-core-7.3.0.Final.jar:7.3.0.Final]
	at org.hibernate.tool.schema.internal.AbstractSchemaMigrator.applySqlString(AbstractSchemaMigrator.java:566) [hibernate-core-7.3.0.Final.jar:7.3.0.Final]
	at org.hibernate.tool.schema.internal.AbstractSchemaMigrator.applySqlStrings(AbstractSchemaMigrator.java:506) [hibernate-core-7.3.0.Final.jar:7.3.0.Final]
	at org.hibernate.tool.schema.internal.AbstractSchemaMigrator.migrateTable(AbstractSchemaMigrator.java:324) [hibernate-core-7.3.0.Final.jar:7.3.0.Final]
	at org.hibernate.tool.schema.internal.GroupedSchemaMigratorImpl.performTablesMigration(GroupedSchemaMigratorImpl.java:84) [hibernate-core-7.3.0.Final.jar:7.3.0.Final]
	at org.hibernate.tool.schema.internal.AbstractSchemaMigrator.performMigration(AbstractSchemaMigrator.java:220) [hibernate-core-7.3.0.Final.jar:7.3.0.Final]
	at org.hibernate.tool.schema.internal.AbstractSchemaMigrator.doMigration(AbstractSchemaMigrator.java:96) [hibernate-core-7.3.0.Final.jar:7.3.0.Final]
	at org.hibernate.tool.schema.spi.SchemaManagementToolCoordinator.performDatabaseAction(SchemaManagementToolCoordinator.java:269) [hibernate-core-7.3.0.Final.jar:7.3.0.Final]
	at org.hibernate.tool.schema.spi.SchemaManagementToolCoordinator.lambda$process$1(SchemaManagementToolCoordinator.java:101) [hibernate-core-7.3.0.Final.jar:7.3.0.Final]
	at java.util.HashMap.forEach(HashMap.java:1430) [?:?]
	at org.hibernate.tool.schema.spi.SchemaManagementToolCoordinator.process(SchemaManagementToolCoordinator.java:100) [hibernate-core-7.3.0.Final.jar:7.3.0.Final]
	at org.hibernate.boot.internal.SessionFactoryObserverForSchemaExport.sessionFactoryCreated(SessionFactoryObserverForSchemaExport.java:35) [hibernate-core-7.3.0.Final.jar:7.3.0.Final]
	at org.hibernate.internal.SessionFactoryObserverChain.sessionFactoryCreated(SessionFactoryObserverChain.java:33) [hibernate-core-7.3.0.Final.jar:7.3.0.Final]
	at org.hibernate.internal.SessionFactoryImpl.<init>(SessionFactoryImpl.java:323) [hibernate-core-7.3.0.Final.jar:7.3.0.Final]
	at org.hibernate.internal.SessionFactoryRegistry.instantiateSessionFactory(SessionFactoryRegistry.java:64) [hibernate-core-7.3.0.Final.jar:7.3.0.Final]
	at org.hibernate.boot.internal.SessionFactoryBuilderImpl.build(SessionFactoryBuilderImpl.java:444) [hibernate-core-7.3.0.Final.jar:7.3.0.Final]
	at org.hibernate.cfg.Configuration.buildSessionFactory(Configuration.java:1112) [hibernate-core-7.3.0.Final.jar:7.3.0.Final]
	at org.hibernate.cfg.Configuration.buildSessionFactory(Configuration.java:1131) [hibernate-core-7.3.0.Final.jar:7.3.0.Final]
	at com.test.InheritanceDemo.main(InheritanceDemo.java:13) [classes/:?]
Caused by: java.sql.SQLException: Check constraint 'vehicle_chk_2' is violated.
	at com.mysql.cj.jdbc.exceptions.SQLError.createSQLException(SQLError.java:130) ~[mysql-connector-j-8.0.33.jar:8.0.33]
	at com.mysql.cj.jdbc.exceptions.SQLExceptionsMapping.translateException(SQLExceptionsMapping.java:122) ~[mysql-connector-j-8.0.33.jar:8.0.33]
	at com.mysql.cj.jdbc.StatementImpl.executeInternal(StatementImpl.java:763) ~[mysql-connector-j-8.0.33.jar:8.0.33]
	at com.mysql.cj.jdbc.StatementImpl.execute(StatementImpl.java:648) ~[mysql-connector-j-8.0.33.jar:8.0.33]
	at org.hibernate.tool.schema.internal.exec.GenerationTargetToDatabase.accept(GenerationTargetToDatabase.java:76) ~[hibernate-core-7.3.0.Final.jar:7.3.0.Final]
	... 18 more
2026-03-25 14:58:08 DEBUG Table:101 - No alter strings for table: vehicle_SEQ
2026-03-25 14:58:08 DEBUG factoryRegistry:86 - HHH020384: Registering SessionFactory [11a67252-f1a8-43cd-a794-e995c3f9cb16] (<unnamed>)
2026-03-25 14:58:08 DEBUG core:151 - HHH006588: Opening session [tenant=null]
2026-03-25 14:58:08 DEBUG core:74 - HHH006583: Beginning transaction
2026-03-25 14:58:08 DEBUG SQL:126 - 
    select
        next_val as id_val 
    from
        vehicle_SEQ 
    for
        update
2026-03-25 14:58:08 DEBUG SQL:126 - 
    update
        vehicle_SEQ 
    set
        next_val= ? 
    where
        next_val=?
2026-03-25 14:58:08 DEBUG core:87 - HHH006584: Committing transaction
2026-03-25 14:58:08 DEBUG event:98 - HHH90060071: Flushed: 3 insertions, 0 updates, 0 deletions to 3 objects
2026-03-25 14:58:08 DEBUG event:104 - HHH90060072: Flushed: 0 (re)creations, 0 updates, 0 removals to 0 collections
2026-03-25 14:58:08 DEBUG core:102 - Listing entities:
2026-03-25 14:58:08 DEBUG core:111 - com.test.FourWheeler{steeringWheel=Ai Steering wheel, lcn_no=0, id=154, v_name=truck}
2026-03-25 14:58:08 DEBUG core:111 - com.test.Vehicle{lcn_no=1234543, id=152, v_name=car}
2026-03-25 14:58:08 DEBUG core:111 - com.test.TwoWheeler{lcn_no=132465, steeringHandle=Bike Steering handle, id=153, v_name=Bike}
2026-03-25 14:58:08 DEBUG SQL:126 - 
    insert 
    into
        vehicle
        (lcn_no, v_name, vehicle_type, id) 
    values
        (?, ?, 'Vehicle', ?)
2026-03-25 14:58:08 WARN  error:143 - HHH000247: ErrorCode: 1054, SQLState: 42S22
2026-03-25 14:58:08 WARN  error:144 - Unknown column 'vehicle_type' in 'field list'
2026-03-25 14:58:08 DEBUG error:150 - could not execute statement [insert into vehicle (lcn_no,v_name,vehicle_type,id) values (?,?,'Vehicle',?)]
java.sql.SQLSyntaxErrorException: Unknown column 'vehicle_type' in 'field list'
	at com.mysql.cj.jdbc.exceptions.SQLError.createSQLException(SQLError.java:121) ~[mysql-connector-j-8.0.33.jar:8.0.33]
	at com.mysql.cj.jdbc.exceptions.SQLExceptionsMapping.translateException(SQLExceptionsMapping.java:122) ~[mysql-connector-j-8.0.33.jar:8.0.33]
	at com.mysql.cj.jdbc.ClientPreparedStatement.executeInternal(ClientPreparedStatement.java:916) ~[mysql-connector-j-8.0.33.jar:8.0.33]
	at com.mysql.cj.jdbc.ClientPreparedStatement.executeUpdateInternal(ClientPreparedStatement.java:1061) ~[mysql-connector-j-8.0.33.jar:8.0.33]
	at com.mysql.cj.jdbc.ClientPreparedStatement.executeUpdateInternal(ClientPreparedStatement.java:1009) ~[mysql-connector-j-8.0.33.jar:8.0.33]
	at com.mysql.cj.jdbc.ClientPreparedStatement.executeLargeUpdate(ClientPreparedStatement.java:1320) ~[mysql-connector-j-8.0.33.jar:8.0.33]
	at com.mysql.cj.jdbc.ClientPreparedStatement.executeUpdate(ClientPreparedStatement.java:994) ~[mysql-connector-j-8.0.33.jar:8.0.33]
	at org.hibernate.engine.jdbc.internal.ResultSetReturnImpl.executeUpdate(ResultSetReturnImpl.java:185) [hibernate-core-7.3.0.Final.jar:7.3.0.Final]
	at org.hibernate.engine.jdbc.mutation.internal.AbstractMutationExecutor.performNonBatchedMutation(AbstractMutationExecutor.java:145) [hibernate-core-7.3.0.Final.jar:7.3.0.Final]
	at org.hibernate.engine.jdbc.mutation.internal.MutationExecutorSingleNonBatched.performNonBatchedOperations(MutationExecutorSingleNonBatched.java:53) [hibernate-core-7.3.0.Final.jar:7.3.0.Final]
	at org.hibernate.engine.jdbc.mutation.internal.AbstractMutationExecutor.execute(AbstractMutationExecutor.java:65) [hibernate-core-7.3.0.Final.jar:7.3.0.Final]
	at org.hibernate.engine.jdbc.mutation.internal.AbstractMutationExecutor.execute(AbstractMutationExecutor.java:54) [hibernate-core-7.3.0.Final.jar:7.3.0.Final]
	at org.hibernate.persister.entity.mutation.InsertCoordinatorStandard.doStaticInserts(InsertCoordinatorStandard.java:180) [hibernate-core-7.3.0.Final.jar:7.3.0.Final]
	at org.hibernate.persister.entity.mutation.InsertCoordinatorStandard.coordinateInsert(InsertCoordinatorStandard.java:120) [hibernate-core-7.3.0.Final.jar:7.3.0.Final]
	at org.hibernate.persister.entity.mutation.InsertCoordinatorStandard.insert(InsertCoordinatorStandard.java:93) [hibernate-core-7.3.0.Final.jar:7.3.0.Final]
	at org.hibernate.action.internal.EntityInsertAction.execute(EntityInsertAction.java:108) [hibernate-core-7.3.0.Final.jar:7.3.0.Final]
	at org.hibernate.engine.spi.ActionQueue.executeActions(ActionQueue.java:634) [hibernate-core-7.3.0.Final.jar:7.3.0.Final]
	at org.hibernate.engine.spi.ActionQueue.executeActions(ActionQueue.java:505) [hibernate-core-7.3.0.Final.jar:7.3.0.Final]
	at org.hibernate.event.internal.AbstractFlushingEventListener.performExecutions(AbstractFlushingEventListener.java:381) [hibernate-core-7.3.0.Final.jar:7.3.0.Final]
	at org.hibernate.event.internal.DefaultFlushEventListener.onFlush(DefaultFlushEventListener.java:40) [hibernate-core-7.3.0.Final.jar:7.3.0.Final]
	at org.hibernate.event.service.internal.EventListenerGroupImpl.fireEventOnEachListener(EventListenerGroupImpl.java:138) [hibernate-core-7.3.0.Final.jar:7.3.0.Final]
	at org.hibernate.internal.SessionImpl.fireFlush(SessionImpl.java:1451) [hibernate-core-7.3.0.Final.jar:7.3.0.Final]
	at org.hibernate.internal.SessionImpl.managedFlush(SessionImpl.java:482) [hibernate-core-7.3.0.Final.jar:7.3.0.Final]
	at org.hibernate.internal.SessionImpl.flushBeforeTransactionCompletion(SessionImpl.java:2078) [hibernate-core-7.3.0.Final.jar:7.3.0.Final]
	at org.hibernate.internal.SessionImpl.beforeTransactionCompletion(SessionImpl.java:2000) [hibernate-core-7.3.0.Final.jar:7.3.0.Final]
	at org.hibernate.engine.jdbc.internal.JdbcCoordinatorImpl.beforeTransactionCompletion(JdbcCoordinatorImpl.java:426) [hibernate-core-7.3.0.Final.jar:7.3.0.Final]
	at org.hibernate.resource.transaction.backend.jdbc.internal.JdbcResourceLocalTransactionCoordinatorImpl.beforeCompletionCallback(JdbcResourceLocalTransactionCoordinatorImpl.java:166) [hibernate-core-7.3.0.Final.jar:7.3.0.Final]
	at org.hibernate.resource.transaction.backend.jdbc.internal.JdbcResourceLocalTransactionCoordinatorImpl$TransactionDriverControlImpl.commitNoRollbackOnly(JdbcResourceLocalTransactionCoordinatorImpl.java:251) [hibernate-core-7.3.0.Final.jar:7.3.0.Final]
	at org.hibernate.resource.transaction.backend.jdbc.internal.JdbcResourceLocalTransactionCoordinatorImpl$TransactionDriverControlImpl.commit(JdbcResourceLocalTransactionCoordinatorImpl.java:241) [hibernate-core-7.3.0.Final.jar:7.3.0.Final]
	at org.hibernate.engine.transaction.internal.TransactionImpl.commit(TransactionImpl.java:89) [hibernate-core-7.3.0.Final.jar:7.3.0.Final]
	at com.test.InheritanceDemo.main(InheritanceDemo.java:36) [classes/:?]
2026-03-25 15:02:23 DEBUG service:41 - HHH010455: Adding integrator: org.hibernate.boot.beanvalidation.BeanValidationIntegrator
2026-03-25 15:02:23 DEBUG service:41 - HHH010455: Adding integrator: org.hibernate.cache.internal.CollectionCacheInvalidator
2026-03-25 15:02:23 INFO  core:41 - HHH000001: Hibernate ORM core version 7.3.0.Final
2026-03-25 15:02:23 DEBUG core:155 - HHH000206: 'hibernate.properties' not found
2026-03-25 15:02:23 DEBUG boot:97 - HHH160204: cfg.xml document did not define namespaces; wrapping in custom event reader to introduce namespace information
2026-03-25 15:02:23 DEBUG cache:116 - HHH90001031: Cannot default RegionFactory since no RegionFactory strategies were registered
2026-03-25 15:02:23 DEBUG cache:46 - HHH90001029: Second-level cache disabled
2026-03-25 15:02:23 WARN  pooling:86 - HHH10001002: Using built-in connection pool (not intended for production use)
2026-03-25 15:02:23 DEBUG pooling:34 - HHH10001014: Initializing connection pool with 1 connections
2026-03-25 15:02:24 DEBUG jdbc:457 - HHH100017: Database:
	name: MySQL
	version: 8.0.42
	major: 8
	minor: 0
2026-03-25 15:02:24 DEBUG jdbc:463 - HHH100018: Driver:
	name: MySQL Connector/J
	version: mysql-connector-j-8.0.33 (Revision: 7d6b0800528b6b25c68b52dc10d6c1c8429c100c)
	major: 8
	minor: 0
	JDBC version: 4.2
2026-03-25 15:02:24 WARN  deprecation:152 - HHH90000025: MySQLDialect does not need to be specified explicitly using 'hibernate.dialect' (remove the property setting and it will be selected by default)
2026-03-25 15:02:24 DEBUG dialect:93 - HHH035001: Using dialect: org.hibernate.dialect.MySQLDialect, version: 8.0.42
2026-03-25 15:02:24 DEBUG IdentifierHelperBuilder:205 - IdentifierCaseStrategy for both quoted and unquoted identifiers was set to the same strategy [LOWER]; that will likely lead to problems in schema update and validation if using quoted identifiers
2026-03-25 15:02:24 DEBUG jdbc:379 - HHH100122: Using default JDBC fetch size: 0
2026-03-25 15:02:24 INFO  pooling:179 - HHH10001005: Database info:
	Database JDBC URL [jdbc:mysql://localhost:3306/mla]
	Database driver: MySQL Connector/J
	Database dialect: MySQLDialect
	Database version: 8.0.42
	Default catalog/schema: mla/undefined
	Autocommit mode: false
	Isolation level: REPEATABLE_READ
	JDBC fetch size: none
	Pool: DriverManagerConnectionProvider
	Minimum pool size: 1
	Maximum pool size: 20
2026-03-25 15:02:24 DEBUG factory:230 - HHH90020001: Instantiating factory [3bb2d35b-1c08-4636-8556-8a318243f91a] with settings: {hibernate.format_sql=true, java.specification.version=25, sun.cpu.isalist=amd64, sun.jnu.encoding=Cp1252, hibernate.dialect=org.hibernate.dialect.MySQLDialect, java.class.path=C:\Users\yashaswini.hs\Desktop\Spring-advance\HibernateInheritance\target\classes;C:\Users\yashaswini.hs\.m2\repository\com\mysql\mysql-connector-j\8.0.33\mysql-connector-j-8.0.33.jar;C:\Users\yashaswini.hs\.m2\repository\com\google\protobuf\protobuf-java\3.21.9\protobuf-java-3.21.9.jar;C:\Users\yashaswini.hs\.m2\repository\org\hibernate\orm\hibernate-core\7.3.0.Final\hibernate-core-7.3.0.Final.jar;C:\Users\yashaswini.hs\.m2\repository\jakarta\persistence\jakarta.persistence-api\3.2.0\jakarta.persistence-api-3.2.0.jar;C:\Users\yashaswini.hs\.m2\repository\jakarta\transaction\jakarta.transaction-api\2.0.1\jakarta.transaction-api-2.0.1.jar;C:\Users\yashaswini.hs\.m2\repository\org\jboss\logging\jboss-logging\3.6.1.Final\jboss-logging-3.6.1.Final.jar;C:\Users\yashaswini.hs\.m2\repository\org\hibernate\models\hibernate-models\1.1.0\hibernate-models-1.1.0.jar;C:\Users\yashaswini.hs\.m2\repository\net\bytebuddy\byte-buddy\1.18.7\byte-buddy-1.18.7.jar;C:\Users\yashaswini.hs\.m2\repository\jakarta\xml\bind\jakarta.xml.bind-api\4.0.4\jakarta.xml.bind-api-4.0.4.jar;C:\Users\yashaswini.hs\.m2\repository\jakarta\activation\jakarta.activation-api\2.1.4\jakarta.activation-api-2.1.4.jar;C:\Users\yashaswini.hs\.m2\repository\org\glassfish\jaxb\jaxb-runtime\4.0.6\jaxb-runtime-4.0.6.jar;C:\Users\yashaswini.hs\.m2\repository\org\glassfish\jaxb\jaxb-core\4.0.6\jaxb-core-4.0.6.jar;C:\Users\yashaswini.hs\.m2\repository\org\eclipse\angus\angus-activation\2.0.3\angus-activation-2.0.3.jar;C:\Users\yashaswini.hs\.m2\repository\org\glassfish\jaxb\txw2\4.0.6\txw2-4.0.6.jar;C:\Users\yashaswini.hs\.m2\repository\com\sun\istack\istack-commons-runtime\4.1.2\istack-commons-runtime-4.1.2.jar;C:\Users\yashaswini.hs\.m2\repository\jakarta\inject\jakarta.inject-api\2.0.1\jakarta.inject-api-2.0.1.jar;C:\Users\yashaswini.hs\.m2\repository\org\antlr\antlr4-runtime\4.13.2\antlr4-runtime-4.13.2.jar;C:\Users\yashaswini.hs\.m2\repository\org\apache\logging\log4j\log4j-core\2.17.1\log4j-core-2.17.1.jar;C:\Users\yashaswini.hs\.m2\repository\org\apache\logging\log4j\log4j-api\2.17.1\log4j-api-2.17.1.jar;C:\Users\yashaswini.hs\.m2\repository\org\apache\logging\log4j\log4j-slf4j-impl\2.17.1\log4j-slf4j-impl-2.17.1.jar;C:\Users\yashaswini.hs\.m2\repository\org\slf4j\slf4j-api\1.7.25\slf4j-api-1.7.25.jar, java.vm.vendor=Eclipse Adoptium, sun.arch.data.model=64, hbm2ddl.auto=update, user.variant=, java.vendor.url=https://adoptium.net/, user.timezone=Asia/Calcutta, java.vm.specification.version=25, os.name=Windows 11, sun.java.launcher=SUN_STANDARD, user.country=US, sun.boot.library.path=C:\Users\yashaswini.hs\Downloads\sts-5.1.1.RELEASE\plugins\org.eclipse.justj.openjdk.hotspot.jre.full.win32.x86_64_25.0.2.v20260203-1141\jre\bin, sun.java.command=com.test.InheritanceDemo, jdk.debug=release, sun.cpu.endian=little, user.home=C:\Users\yashaswini.hs, user.language=en, java.specification.vendor=Oracle Corporation, java.version.date=2026-01-20, java.home=C:\Users\yashaswini.hs\Downloads\sts-5.1.1.RELEASE\plugins\org.eclipse.justj.openjdk.hotspot.jre.full.win32.x86_64_25.0.2.v20260203-1141\jre, file.separator=\, java.vm.compressedOopsMode=Zero based, line.separator=
, java.vm.specification.vendor=Oracle Corporation, java.specification.name=Java Platform API Specification, hibernate.hbm2ddl.auto=update, user.script=, sun.management.compiler=HotSpot 64-Bit Tiered Compilers, java.runtime.version=25.0.2+10-LTS, user.name=yashaswini.hs, stdout.encoding=UTF-8, path.separator=;, hibernate.connection.username=****, os.version=10.0, java.runtime.name=OpenJDK Runtime Environment, hibernate.connection.url=jdbc:mysql://localhost:3306/mla, file.encoding=UTF-8, format_sql=true, java.vm.name=OpenJDK 64-Bit Server VM, hibernate.show_sql=true, java.vendor.version=Temurin-25.0.2+10, show_sql=true, hibernate.connection.driver_class=com.mysql.cj.jdbc.Driver, java.vendor.url.bug=https://github.com/adoptium/adoptium-support/issues, java.io.tmpdir=C:\Users\YASHAS~1.HS\AppData\Local\Temp\, java.version=25.0.2, user.dir=C:\Users\yashaswini.hs\Desktop\Spring-advance\HibernateInheritance, os.arch=amd64, java.vm.specification.name=Java Virtual Machine Specification, hibernate.connection.password=****, sun.os.patch.level=, hibernate.boot.CfgXmlAccessService.key=org.hibernate.boot.cfgxml.spi.LoadedConfig@b950f82, native.encoding=Cp1252, java.library.path=C:\Users\yashaswini.hs\Downloads\sts-5.1.1.RELEASE\plugins\org.eclipse.justj.openjdk.hotspot.jre.full.win32.x86_64_25.0.2.v20260203-1141\jre\bin;C:\WINDOWS\Sun\Java\bin;C:\WINDOWS\system32;C:\WINDOWS;C:/Users/yashaswini.hs/Downloads/sts-5.1.1.RELEASE//plugins/org.eclipse.justj.openjdk.hotspot.jre.full.win32.x86_64_25.0.2.v20260203-1141/jre/bin/server;C:/Users/yashaswini.hs/Downloads/sts-5.1.1.RELEASE//plugins/org.eclipse.justj.openjdk.hotspot.jre.full.win32.x86_64_25.0.2.v20260203-1141/jre/bin;C:\Program Files\Microsoft\jdk-11.0.23.9-hotspot\bin;C:\Program Files\Microsoft\jdk-17.0.15.6-hotspot\bin;C:\Program Files\Python313\Scripts\;C:\Program Files\Python313\;%SystemRoot%\system32;%SystemRoot%;%SystemRoot%\System32\Wbem;%SYSTEMROOT%\System32\WindowsPowerShell\v1.0\;%SYSTEMROOT%\System32\OpenSSH\;C:\Program Files\Git\cmd;C:\Program Files\dotnet\;C:\Program Files\apache-maven-3.9.10\bin;C:\Program Files\nodejs\;C:\Program Files\Microsoft VS Code\bin;C:\Program Files\PuTTY\;C:\Program Files (x86)\Microsoft SQL Server\160\DTS\Binn\;C:\Program Files (x86)\Microsoft SQL Server\160\Tools\Binn\;C:\Program Files\Microsoft SQL Server\160\Tools\Binn\;C:\Program Files\Microsoft SQL Server\Client SDK\ODBC\170\Tools\Binn\;C:\Program Files\Microsoft SQL Server\160\DTS\Binn\;C:\Program Files\apache-maven-3.9.10\bin;C:\Program Files\apache-maven-3.9.10\bin;C:\Program Files\apache-maven-3.9.10\bin;C:\Users\yashaswini.hs\AppData\Local\Microsoft\WindowsApps;;C:\Users\yashaswini.hs\Downloads\sts-5.1.1.RELEASE;;., stderr.encoding=UTF-8, java.vendor=Eclipse Adoptium, java.vm.info=mixed mode, sharing, stdin.encoding=Cp1252, java.vm.version=25.0.2+10-LTS, sun.io.unicode.encoding=UnicodeLittle, java.class.version=69.0}
2026-03-25 15:02:24 DEBUG HQL_FUNCTIONS:155 - Available HQL Functions:
	abs(NUMERIC arg)
	Double acos(NUMERIC arg)
	adddate(DATE datetime, INTEGER days)
	addtime(TIME datetime, TIME time)
	Boolean any(BOOLEAN arg)
	Integer ascii(STRING arg)
	Double asin(NUMERIC arg)
	Double atan(NUMERIC arg)
	Double atan2(NUMERIC arg0, NUMERIC arg1)
	avg(arg)
	bit_and(arg)
	Integer bit_length(STRING_OR_CLOB arg)
	bit_or(arg)
	bitand(arg0, arg1)
	bitnot(arg)
	bitor(arg0, arg1)
	bitxor(arg0, arg1)
	cast(arg as Type)
	ceiling(NUMERIC arg)
	Character char(INTEGER arg)
	Integer character_length(STRING_OR_CLOB arg)
	Character chr(INTEGER arg)
	coalesce(arg0[, arg1[, ...]])
	String collate(STRING string as COLLATION collation)
	String concat(STRING string0[, STRING string1[, ...]])
	Double cos(NUMERIC arg)
	Double cosh(NUMERIC arg)
	Double cot(NUMERIC arg)
	Long count([distinct ]{arg|*})
	Integer crc32(arg)
	Double cume_dist([arg0[, ...]])
	Date curdate()
	Date current date
	Date current time
	Date current timestamp
	Date current_date
	Instant current_instant
	Date current_time
	Date current_timestamp
	Date curtime()
	Date date(arg)
	dateadd(TEMPORAL_UNIT field, INTEGER magnitude, TEMPORAL datetime)
	Integer datediff(DATE end, DATE start)
	Integer day(DATE arg)
	String dayname(DATE arg)
	Integer dayofmonth(DATE arg)
	Integer dayofweek(DATE arg)
	Integer dayofyear(DATE arg)
	Double degrees(NUMERIC arg)
	Long dense_rank([arg0[, ...]])
	Boolean every(BOOLEAN arg)
	Double exp(NUMERIC arg)
	extract(TEMPORAL_UNIT field from TEMPORAL arg)
	first_valueANY value
	floor(NUMERIC arg)
	String format(TEMPORAL datetime as STRING pattern)
	greatest(COMPARABLE arg0, COMPARABLE arg1[, arg2[, ...]])
	String hex(arg)
	Integer hour(TIME arg)
	ifnull(arg0, arg1)
	String insert(STRING string, INTEGER start, INTEGER length, STRING replacement)
	Instant instant
	Integer instr(STRING string, STRING pattern[, INTEGER start[, INTEGER occurrence]])
	String json_array([arg0[, ...]])
	String json_array_append(IMPLICIT_JSON arg0, STRING arg1, ANY arg2)
	String json_array_insert(IMPLICIT_JSON arg0, STRING arg1, ANY arg2)
	String json_arrayagg(arg0[, arg1])
	Boolean json_exists(IMPLICIT_JSON arg0, STRING arg1)
	String json_insert(IMPLICIT_JSON arg0, STRING arg1, ANY arg2)
	String json_mergepatch(IMPLICIT_JSON arg0, IMPLICIT_JSON arg1[, arg2[, ...]])
	String json_object( ... )
	String json_objectagg(arg0, arg1[, arg2, arg3])
	String json_query( ... )
	String json_remove(IMPLICIT_JSON arg0, STRING arg1)
	String json_replace(IMPLICIT_JSON arg0, STRING arg1, ANY arg2)
	String json_set(IMPLICIT_JSON arg0, STRING arg1, ANY arg2)
	json_value( ... )
	lagANY value[, INTEGER offset[, ANY default]]
	Date last_day(DATE arg)
	last_valueANY value
	leadANY value[, INTEGER offset[, ANY default]]
	least(COMPARABLE arg0, COMPARABLE arg1[, arg2[, ...]])
	String left(STRING string, INTEGER length)
	Integer length(STRING_OR_CLOB arg)
	String listagg(STRING arg0, STRING arg1)
	Double ln(NUMERIC arg)
	LocalDate local date
	LocalDateTime local datetime
	LocalTime local time
	LocalDate local_date
	LocalDateTime local_datetime
	LocalTime local_time
	Date localtime
	Date localtimestamp
	Integer locate(STRING pattern, STRING string[, INTEGER start])
	Double log(NUMERIC arg0[, NUMERIC arg1])
	Double log10(NUMERIC arg)
	Double log2(NUMERIC arg)
	String lower(STRING string)
	String lpad(string, length[, padding])
	String ltrim(STRING string[, STRING characters])
	Date makedate(INTEGER year, INTEGER dayofyear)
	Date maketime(INTEGER hour, INTEGER min, INTEGER sec)
	max(COMPARABLE arg)
	byte[] md5(arg)
	Integer microsecond(TIME arg)
	min(COMPARABLE arg)
	Integer minute(TIME arg)
	Integer mod(INTEGER arg0, INTEGER arg1)
	Integer month(DATE arg)
	String monthname(DATE arg)
	Date now()
	nth_valueANY value, INTEGER nth
	nullif(arg0, arg1)
	Integer octet_length(STRING_OR_CLOB arg)
	OffsetDateTime offset datetime
	OffsetDateTime offset_datetime
	Integer ordinal(ENUM arg)
	String overlay(STRING string placing STRING replacement from INTEGER start[ for INTEGER length])
	String pad(STRING string with INTEGER length {leading|trailing}[ STRING character])
	Double percent_rank([arg0[, ...]])
	Double pi
	Integer position(STRING pattern in STRING string)
	Double power(NUMERIC arg0, NUMERIC arg1)
	Integer quarter(DATE arg)
	Double radians(NUMERIC arg)
	Double rand([INTEGER seed])
	Long rank([arg0[, ...]])
	Boolean regexp_like(STRING arg0, STRING arg1[, STRING arg2])
	String repeat(STRING string, INTEGER times)
	String replace(STRING string, STRING pattern, STRING replacement)
	String reverse(STRING arg)
	String right(STRING string, INTEGER length)
	round(NUMERIC number[, INTEGER places])
	Long row_number()
	String rpad(string, length[, padding])
	String rtrim(STRING string[, STRING characters])
	Integer second(TIME arg)
	byte[] sha(arg)
	String sha1(arg)
	String sha2(arg0, arg1)
	Integer sign(NUMERIC arg)
	Double sin(NUMERIC arg)
	Double sinh(NUMERIC arg)
	String soundex(arg)
	String space(INTEGER arg)
	sql
	Double sqrt(NUMERIC arg)
	Double stddev(NUMERIC arg)
	Double stddev_pop(NUMERIC arg)
	Double stddev_samp(NUMERIC arg)
	String str(arg)
	String string(ENUM arg)
	subdate(DATE datetime, INTEGER days)
	String substr(STRING string, INTEGER start[, INTEGER length])
	String substring(STRING string{ from|,} INTEGER start[{ for|,} INTEGER length])
	subtime(TIME datetime, TIME time)
	sum(arg)
	Date sysdate()
	Double tan(NUMERIC arg)
	Double tanh(NUMERIC arg)
	String time(arg)
	Date timestamp(arg0[, arg1])
	timestampadd(TEMPORAL_UNIT field, INTEGER magnitude, TEMPORAL datetime)
	Long|Double timestampdiff(TEMPORAL_UNIT field, TEMPORAL start, TEMPORAL end)
	String trim([[{leading|trailing|both} ][STRING arg0 ]from] STRING arg1)
	trunc( ... )
	truncate( ... )
	String upper(STRING string)
	Date utc_date
	Date utc_time
	Date utc_timestamp
	Double var_pop(NUMERIC arg)
	Double var_samp(NUMERIC arg)
	Double variance(NUMERIC arg)
	Integer week(DATE arg)
	Integer year(DATE arg)

2026-03-25 15:02:24 DEBUG core:211 - HHH000513: Unable to create the ReflectionOptimizer for [com.test.FourWheeler]: private accessor [lcn_no]
2026-03-25 15:02:24 DEBUG core:211 - HHH000513: Unable to create the ReflectionOptimizer for [com.test.TwoWheeler]: private accessor [lcn_no]
2026-03-25 15:02:24 DEBUG core:211 - HHH000513: Unable to create the ReflectionOptimizer for [com.test.Vehicle]: private accessor [lcn_no]
2026-03-25 15:02:25 INFO  core:53 - HHH000489: No JTA platform available (set 'hibernate.transaction.jta.platform' to enable JTA platform integration)
2026-03-25 15:02:25 DEBUG service:102 - HHH010454: EventListenerRegistry access via ServiceRegistry is deprecated - use 'sessionFactory.getEventEngine().getListenerRegistry()' instead
2026-03-25 15:02:25 DEBUG SQL:126 - 
    create table vehicle (
        vehicle_type varchar(31) not null check ((vehicle_type in ('Vehicle','Bike','Car'))),
        id integer not null,
        lcn_no integer not null,
        v_name varchar(255),
        steeringHandle varchar(255),
        steeringWheel varchar(255),
        primary key (id)
    ) engine=InnoDB
2026-03-25 15:02:25 DEBUG Table:101 - No alter strings for table: vehicle_SEQ
2026-03-25 15:02:25 DEBUG factoryRegistry:86 - HHH020384: Registering SessionFactory [3bb2d35b-1c08-4636-8556-8a318243f91a] (<unnamed>)
2026-03-25 15:02:25 DEBUG core:151 - HHH006588: Opening session [tenant=null]
2026-03-25 15:02:25 DEBUG core:74 - HHH006583: Beginning transaction
2026-03-25 15:02:25 DEBUG SQL:126 - 
    select
        next_val as id_val 
    from
        vehicle_SEQ 
    for
        update
2026-03-25 15:02:25 DEBUG SQL:126 - 
    update
        vehicle_SEQ 
    set
        next_val= ? 
    where
        next_val=?
2026-03-25 15:02:25 DEBUG core:87 - HHH006584: Committing transaction
2026-03-25 15:02:25 DEBUG event:98 - HHH90060071: Flushed: 3 insertions, 0 updates, 0 deletions to 3 objects
2026-03-25 15:02:25 DEBUG event:104 - HHH90060072: Flushed: 0 (re)creations, 0 updates, 0 removals to 0 collections
2026-03-25 15:02:25 DEBUG core:102 - Listing entities:
2026-03-25 15:02:25 DEBUG core:111 - com.test.FourWheeler{steeringWheel=Ai Steering wheel, lcn_no=0, id=204, v_name=truck}
2026-03-25 15:02:25 DEBUG core:111 - com.test.Vehicle{lcn_no=1234543, id=202, v_name=car}
2026-03-25 15:02:25 DEBUG core:111 - com.test.TwoWheeler{lcn_no=132465, steeringHandle=Bike Steering handle, id=203, v_name=Bike}
2026-03-25 15:02:25 DEBUG SQL:126 - 
    insert 
    into
        vehicle
        (lcn_no, v_name, vehicle_type, id) 
    values
        (?, ?, 'Vehicle', ?)
2026-03-25 15:02:25 DEBUG SQL:126 - 
    insert 
    into
        vehicle
        (lcn_no, v_name, steeringHandle, vehicle_type, id) 
    values
        (?, ?, ?, 'Bike', ?)
2026-03-25 15:02:25 DEBUG SQL:126 - 
    insert 
    into
        vehicle
        (lcn_no, v_name, steeringWheel, vehicle_type, id) 
    values
        (?, ?, ?, 'Car', ?)
2026-03-25 15:03:23 DEBUG service:41 - HHH010455: Adding integrator: org.hibernate.boot.beanvalidation.BeanValidationIntegrator
2026-03-25 15:03:23 DEBUG service:41 - HHH010455: Adding integrator: org.hibernate.cache.internal.CollectionCacheInvalidator
2026-03-25 15:03:23 INFO  core:41 - HHH000001: Hibernate ORM core version 7.3.0.Final
2026-03-25 15:03:23 DEBUG core:155 - HHH000206: 'hibernate.properties' not found
2026-03-25 15:03:23 DEBUG boot:97 - HHH160204: cfg.xml document did not define namespaces; wrapping in custom event reader to introduce namespace information
2026-03-25 15:03:23 DEBUG cache:116 - HHH90001031: Cannot default RegionFactory since no RegionFactory strategies were registered
2026-03-25 15:03:23 DEBUG cache:46 - HHH90001029: Second-level cache disabled
2026-03-25 15:03:24 WARN  pooling:86 - HHH10001002: Using built-in connection pool (not intended for production use)
2026-03-25 15:03:24 DEBUG pooling:34 - HHH10001014: Initializing connection pool with 1 connections
2026-03-25 15:03:24 DEBUG jdbc:457 - HHH100017: Database:
	name: MySQL
	version: 8.0.42
	major: 8
	minor: 0
2026-03-25 15:03:24 DEBUG jdbc:463 - HHH100018: Driver:
	name: MySQL Connector/J
	version: mysql-connector-j-8.0.33 (Revision: 7d6b0800528b6b25c68b52dc10d6c1c8429c100c)
	major: 8
	minor: 0
	JDBC version: 4.2
2026-03-25 15:03:24 WARN  deprecation:152 - HHH90000025: MySQLDialect does not need to be specified explicitly using 'hibernate.dialect' (remove the property setting and it will be selected by default)
2026-03-25 15:03:24 DEBUG dialect:93 - HHH035001: Using dialect: org.hibernate.dialect.MySQLDialect, version: 8.0.42
2026-03-25 15:03:24 DEBUG IdentifierHelperBuilder:205 - IdentifierCaseStrategy for both quoted and unquoted identifiers was set to the same strategy [LOWER]; that will likely lead to problems in schema update and validation if using quoted identifiers
2026-03-25 15:03:24 DEBUG jdbc:379 - HHH100122: Using default JDBC fetch size: 0
2026-03-25 15:03:24 INFO  pooling:179 - HHH10001005: Database info:
	Database JDBC URL [jdbc:mysql://localhost:3306/mla]
	Database driver: MySQL Connector/J
	Database dialect: MySQLDialect
	Database version: 8.0.42
	Default catalog/schema: mla/undefined
	Autocommit mode: false
	Isolation level: REPEATABLE_READ
	JDBC fetch size: none
	Pool: DriverManagerConnectionProvider
	Minimum pool size: 1
	Maximum pool size: 20
2026-03-25 15:03:24 DEBUG factory:230 - HHH90020001: Instantiating factory [307a5d24-cdf9-419d-8c69-fb7eb4f42059] with settings: {hibernate.format_sql=true, java.specification.version=25, sun.cpu.isalist=amd64, sun.jnu.encoding=Cp1252, hibernate.dialect=org.hibernate.dialect.MySQLDialect, java.class.path=C:\Users\yashaswini.hs\Desktop\Spring-advance\HibernateInheritance\target\classes;C:\Users\yashaswini.hs\.m2\repository\com\mysql\mysql-connector-j\8.0.33\mysql-connector-j-8.0.33.jar;C:\Users\yashaswini.hs\.m2\repository\com\google\protobuf\protobuf-java\3.21.9\protobuf-java-3.21.9.jar;C:\Users\yashaswini.hs\.m2\repository\org\hibernate\orm\hibernate-core\7.3.0.Final\hibernate-core-7.3.0.Final.jar;C:\Users\yashaswini.hs\.m2\repository\jakarta\persistence\jakarta.persistence-api\3.2.0\jakarta.persistence-api-3.2.0.jar;C:\Users\yashaswini.hs\.m2\repository\jakarta\transaction\jakarta.transaction-api\2.0.1\jakarta.transaction-api-2.0.1.jar;C:\Users\yashaswini.hs\.m2\repository\org\jboss\logging\jboss-logging\3.6.1.Final\jboss-logging-3.6.1.Final.jar;C:\Users\yashaswini.hs\.m2\repository\org\hibernate\models\hibernate-models\1.1.0\hibernate-models-1.1.0.jar;C:\Users\yashaswini.hs\.m2\repository\net\bytebuddy\byte-buddy\1.18.7\byte-buddy-1.18.7.jar;C:\Users\yashaswini.hs\.m2\repository\jakarta\xml\bind\jakarta.xml.bind-api\4.0.4\jakarta.xml.bind-api-4.0.4.jar;C:\Users\yashaswini.hs\.m2\repository\jakarta\activation\jakarta.activation-api\2.1.4\jakarta.activation-api-2.1.4.jar;C:\Users\yashaswini.hs\.m2\repository\org\glassfish\jaxb\jaxb-runtime\4.0.6\jaxb-runtime-4.0.6.jar;C:\Users\yashaswini.hs\.m2\repository\org\glassfish\jaxb\jaxb-core\4.0.6\jaxb-core-4.0.6.jar;C:\Users\yashaswini.hs\.m2\repository\org\eclipse\angus\angus-activation\2.0.3\angus-activation-2.0.3.jar;C:\Users\yashaswini.hs\.m2\repository\org\glassfish\jaxb\txw2\4.0.6\txw2-4.0.6.jar;C:\Users\yashaswini.hs\.m2\repository\com\sun\istack\istack-commons-runtime\4.1.2\istack-commons-runtime-4.1.2.jar;C:\Users\yashaswini.hs\.m2\repository\jakarta\inject\jakarta.inject-api\2.0.1\jakarta.inject-api-2.0.1.jar;C:\Users\yashaswini.hs\.m2\repository\org\antlr\antlr4-runtime\4.13.2\antlr4-runtime-4.13.2.jar;C:\Users\yashaswini.hs\.m2\repository\org\apache\logging\log4j\log4j-core\2.17.1\log4j-core-2.17.1.jar;C:\Users\yashaswini.hs\.m2\repository\org\apache\logging\log4j\log4j-api\2.17.1\log4j-api-2.17.1.jar;C:\Users\yashaswini.hs\.m2\repository\org\apache\logging\log4j\log4j-slf4j-impl\2.17.1\log4j-slf4j-impl-2.17.1.jar;C:\Users\yashaswini.hs\.m2\repository\org\slf4j\slf4j-api\1.7.25\slf4j-api-1.7.25.jar, java.vm.vendor=Eclipse Adoptium, sun.arch.data.model=64, hbm2ddl.auto=update, user.variant=, java.vendor.url=https://adoptium.net/, user.timezone=Asia/Calcutta, java.vm.specification.version=25, os.name=Windows 11, sun.java.launcher=SUN_STANDARD, user.country=US, sun.boot.library.path=C:\Users\yashaswini.hs\Downloads\sts-5.1.1.RELEASE\plugins\org.eclipse.justj.openjdk.hotspot.jre.full.win32.x86_64_25.0.2.v20260203-1141\jre\bin, sun.java.command=com.test.InheritanceDemo, jdk.debug=release, sun.cpu.endian=little, user.home=C:\Users\yashaswini.hs, user.language=en, java.specification.vendor=Oracle Corporation, java.version.date=2026-01-20, java.home=C:\Users\yashaswini.hs\Downloads\sts-5.1.1.RELEASE\plugins\org.eclipse.justj.openjdk.hotspot.jre.full.win32.x86_64_25.0.2.v20260203-1141\jre, file.separator=\, java.vm.compressedOopsMode=Zero based, line.separator=
, java.vm.specification.vendor=Oracle Corporation, java.specification.name=Java Platform API Specification, hibernate.hbm2ddl.auto=update, user.script=, sun.management.compiler=HotSpot 64-Bit Tiered Compilers, java.runtime.version=25.0.2+10-LTS, user.name=yashaswini.hs, stdout.encoding=UTF-8, path.separator=;, hibernate.connection.username=****, os.version=10.0, java.runtime.name=OpenJDK Runtime Environment, hibernate.connection.url=jdbc:mysql://localhost:3306/mla, file.encoding=UTF-8, format_sql=true, java.vm.name=OpenJDK 64-Bit Server VM, hibernate.show_sql=true, java.vendor.version=Temurin-25.0.2+10, show_sql=true, hibernate.connection.driver_class=com.mysql.cj.jdbc.Driver, java.vendor.url.bug=https://github.com/adoptium/adoptium-support/issues, java.io.tmpdir=C:\Users\YASHAS~1.HS\AppData\Local\Temp\, java.version=25.0.2, user.dir=C:\Users\yashaswini.hs\Desktop\Spring-advance\HibernateInheritance, os.arch=amd64, java.vm.specification.name=Java Virtual Machine Specification, hibernate.connection.password=****, sun.os.patch.level=, hibernate.boot.CfgXmlAccessService.key=org.hibernate.boot.cfgxml.spi.LoadedConfig@b950f82, native.encoding=Cp1252, java.library.path=C:\Users\yashaswini.hs\Downloads\sts-5.1.1.RELEASE\plugins\org.eclipse.justj.openjdk.hotspot.jre.full.win32.x86_64_25.0.2.v20260203-1141\jre\bin;C:\WINDOWS\Sun\Java\bin;C:\WINDOWS\system32;C:\WINDOWS;C:/Users/yashaswini.hs/Downloads/sts-5.1.1.RELEASE//plugins/org.eclipse.justj.openjdk.hotspot.jre.full.win32.x86_64_25.0.2.v20260203-1141/jre/bin/server;C:/Users/yashaswini.hs/Downloads/sts-5.1.1.RELEASE//plugins/org.eclipse.justj.openjdk.hotspot.jre.full.win32.x86_64_25.0.2.v20260203-1141/jre/bin;C:\Program Files\Microsoft\jdk-11.0.23.9-hotspot\bin;C:\Program Files\Microsoft\jdk-17.0.15.6-hotspot\bin;C:\Program Files\Python313\Scripts\;C:\Program Files\Python313\;%SystemRoot%\system32;%SystemRoot%;%SystemRoot%\System32\Wbem;%SYSTEMROOT%\System32\WindowsPowerShell\v1.0\;%SYSTEMROOT%\System32\OpenSSH\;C:\Program Files\Git\cmd;C:\Program Files\dotnet\;C:\Program Files\apache-maven-3.9.10\bin;C:\Program Files\nodejs\;C:\Program Files\Microsoft VS Code\bin;C:\Program Files\PuTTY\;C:\Program Files (x86)\Microsoft SQL Server\160\DTS\Binn\;C:\Program Files (x86)\Microsoft SQL Server\160\Tools\Binn\;C:\Program Files\Microsoft SQL Server\160\Tools\Binn\;C:\Program Files\Microsoft SQL Server\Client SDK\ODBC\170\Tools\Binn\;C:\Program Files\Microsoft SQL Server\160\DTS\Binn\;C:\Program Files\apache-maven-3.9.10\bin;C:\Program Files\apache-maven-3.9.10\bin;C:\Program Files\apache-maven-3.9.10\bin;C:\Users\yashaswini.hs\AppData\Local\Microsoft\WindowsApps;;C:\Users\yashaswini.hs\Downloads\sts-5.1.1.RELEASE;;., stderr.encoding=UTF-8, java.vendor=Eclipse Adoptium, java.vm.info=mixed mode, sharing, stdin.encoding=Cp1252, java.vm.version=25.0.2+10-LTS, sun.io.unicode.encoding=UnicodeLittle, java.class.version=69.0}
2026-03-25 15:03:24 DEBUG HQL_FUNCTIONS:155 - Available HQL Functions:
	abs(NUMERIC arg)
	Double acos(NUMERIC arg)
	adddate(DATE datetime, INTEGER days)
	addtime(TIME datetime, TIME time)
	Boolean any(BOOLEAN arg)
	Integer ascii(STRING arg)
	Double asin(NUMERIC arg)
	Double atan(NUMERIC arg)
	Double atan2(NUMERIC arg0, NUMERIC arg1)
	avg(arg)
	bit_and(arg)
	Integer bit_length(STRING_OR_CLOB arg)
	bit_or(arg)
	bitand(arg0, arg1)
	bitnot(arg)
	bitor(arg0, arg1)
	bitxor(arg0, arg1)
	cast(arg as Type)
	ceiling(NUMERIC arg)
	Character char(INTEGER arg)
	Integer character_length(STRING_OR_CLOB arg)
	Character chr(INTEGER arg)
	coalesce(arg0[, arg1[, ...]])
	String collate(STRING string as COLLATION collation)
	String concat(STRING string0[, STRING string1[, ...]])
	Double cos(NUMERIC arg)
	Double cosh(NUMERIC arg)
	Double cot(NUMERIC arg)
	Long count([distinct ]{arg|*})
	Integer crc32(arg)
	Double cume_dist([arg0[, ...]])
	Date curdate()
	Date current date
	Date current time
	Date current timestamp
	Date current_date
	Instant current_instant
	Date current_time
	Date current_timestamp
	Date curtime()
	Date date(arg)
	dateadd(TEMPORAL_UNIT field, INTEGER magnitude, TEMPORAL datetime)
	Integer datediff(DATE end, DATE start)
	Integer day(DATE arg)
	String dayname(DATE arg)
	Integer dayofmonth(DATE arg)
	Integer dayofweek(DATE arg)
	Integer dayofyear(DATE arg)
	Double degrees(NUMERIC arg)
	Long dense_rank([arg0[, ...]])
	Boolean every(BOOLEAN arg)
	Double exp(NUMERIC arg)
	extract(TEMPORAL_UNIT field from TEMPORAL arg)
	first_valueANY value
	floor(NUMERIC arg)
	String format(TEMPORAL datetime as STRING pattern)
	greatest(COMPARABLE arg0, COMPARABLE arg1[, arg2[, ...]])
	String hex(arg)
	Integer hour(TIME arg)
	ifnull(arg0, arg1)
	String insert(STRING string, INTEGER start, INTEGER length, STRING replacement)
	Instant instant
	Integer instr(STRING string, STRING pattern[, INTEGER start[, INTEGER occurrence]])
	String json_array([arg0[, ...]])
	String json_array_append(IMPLICIT_JSON arg0, STRING arg1, ANY arg2)
	String json_array_insert(IMPLICIT_JSON arg0, STRING arg1, ANY arg2)
	String json_arrayagg(arg0[, arg1])
	Boolean json_exists(IMPLICIT_JSON arg0, STRING arg1)
	String json_insert(IMPLICIT_JSON arg0, STRING arg1, ANY arg2)
	String json_mergepatch(IMPLICIT_JSON arg0, IMPLICIT_JSON arg1[, arg2[, ...]])
	String json_object( ... )
	String json_objectagg(arg0, arg1[, arg2, arg3])
	String json_query( ... )
	String json_remove(IMPLICIT_JSON arg0, STRING arg1)
	String json_replace(IMPLICIT_JSON arg0, STRING arg1, ANY arg2)
	String json_set(IMPLICIT_JSON arg0, STRING arg1, ANY arg2)
	json_value( ... )
	lagANY value[, INTEGER offset[, ANY default]]
	Date last_day(DATE arg)
	last_valueANY value
	leadANY value[, INTEGER offset[, ANY default]]
	least(COMPARABLE arg0, COMPARABLE arg1[, arg2[, ...]])
	String left(STRING string, INTEGER length)
	Integer length(STRING_OR_CLOB arg)
	String listagg(STRING arg0, STRING arg1)
	Double ln(NUMERIC arg)
	LocalDate local date
	LocalDateTime local datetime
	LocalTime local time
	LocalDate local_date
	LocalDateTime local_datetime
	LocalTime local_time
	Date localtime
	Date localtimestamp
	Integer locate(STRING pattern, STRING string[, INTEGER start])
	Double log(NUMERIC arg0[, NUMERIC arg1])
	Double log10(NUMERIC arg)
	Double log2(NUMERIC arg)
	String lower(STRING string)
	String lpad(string, length[, padding])
	String ltrim(STRING string[, STRING characters])
	Date makedate(INTEGER year, INTEGER dayofyear)
	Date maketime(INTEGER hour, INTEGER min, INTEGER sec)
	max(COMPARABLE arg)
	byte[] md5(arg)
	Integer microsecond(TIME arg)
	min(COMPARABLE arg)
	Integer minute(TIME arg)
	Integer mod(INTEGER arg0, INTEGER arg1)
	Integer month(DATE arg)
	String monthname(DATE arg)
	Date now()
	nth_valueANY value, INTEGER nth
	nullif(arg0, arg1)
	Integer octet_length(STRING_OR_CLOB arg)
	OffsetDateTime offset datetime
	OffsetDateTime offset_datetime
	Integer ordinal(ENUM arg)
	String overlay(STRING string placing STRING replacement from INTEGER start[ for INTEGER length])
	String pad(STRING string with INTEGER length {leading|trailing}[ STRING character])
	Double percent_rank([arg0[, ...]])
	Double pi
	Integer position(STRING pattern in STRING string)
	Double power(NUMERIC arg0, NUMERIC arg1)
	Integer quarter(DATE arg)
	Double radians(NUMERIC arg)
	Double rand([INTEGER seed])
	Long rank([arg0[, ...]])
	Boolean regexp_like(STRING arg0, STRING arg1[, STRING arg2])
	String repeat(STRING string, INTEGER times)
	String replace(STRING string, STRING pattern, STRING replacement)
	String reverse(STRING arg)
	String right(STRING string, INTEGER length)
	round(NUMERIC number[, INTEGER places])
	Long row_number()
	String rpad(string, length[, padding])
	String rtrim(STRING string[, STRING characters])
	Integer second(TIME arg)
	byte[] sha(arg)
	String sha1(arg)
	String sha2(arg0, arg1)
	Integer sign(NUMERIC arg)
	Double sin(NUMERIC arg)
	Double sinh(NUMERIC arg)
	String soundex(arg)
	String space(INTEGER arg)
	sql
	Double sqrt(NUMERIC arg)
	Double stddev(NUMERIC arg)
	Double stddev_pop(NUMERIC arg)
	Double stddev_samp(NUMERIC arg)
	String str(arg)
	String string(ENUM arg)
	subdate(DATE datetime, INTEGER days)
	String substr(STRING string, INTEGER start[, INTEGER length])
	String substring(STRING string{ from|,} INTEGER start[{ for|,} INTEGER length])
	subtime(TIME datetime, TIME time)
	sum(arg)
	Date sysdate()
	Double tan(NUMERIC arg)
	Double tanh(NUMERIC arg)
	String time(arg)
	Date timestamp(arg0[, arg1])
	timestampadd(TEMPORAL_UNIT field, INTEGER magnitude, TEMPORAL datetime)
	Long|Double timestampdiff(TEMPORAL_UNIT field, TEMPORAL start, TEMPORAL end)
	String trim([[{leading|trailing|both} ][STRING arg0 ]from] STRING arg1)
	trunc( ... )
	truncate( ... )
	String upper(STRING string)
	Date utc_date
	Date utc_time
	Date utc_timestamp
	Double var_pop(NUMERIC arg)
	Double var_samp(NUMERIC arg)
	Double variance(NUMERIC arg)
	Integer week(DATE arg)
	Integer year(DATE arg)

2026-03-25 15:03:25 DEBUG core:211 - HHH000513: Unable to create the ReflectionOptimizer for [com.test.FourWheeler]: private accessor [lcn_no]
2026-03-25 15:03:25 DEBUG core:211 - HHH000513: Unable to create the ReflectionOptimizer for [com.test.TwoWheeler]: private accessor [lcn_no]
2026-03-25 15:03:25 DEBUG core:211 - HHH000513: Unable to create the ReflectionOptimizer for [com.test.Vehicle]: private accessor [lcn_no]
2026-03-25 15:03:25 INFO  core:53 - HHH000489: No JTA platform available (set 'hibernate.transaction.jta.platform' to enable JTA platform integration)
2026-03-25 15:03:25 DEBUG service:102 - HHH010454: EventListenerRegistry access via ServiceRegistry is deprecated - use 'sessionFactory.getEventEngine().getListenerRegistry()' instead
2026-03-25 15:03:25 DEBUG Table:101 - No alter strings for table: vehicle
2026-03-25 15:03:25 DEBUG Table:101 - No alter strings for table: vehicle_SEQ
2026-03-25 15:03:25 DEBUG factoryRegistry:86 - HHH020384: Registering SessionFactory [307a5d24-cdf9-419d-8c69-fb7eb4f42059] (<unnamed>)
2026-03-25 15:03:25 DEBUG core:151 - HHH006588: Opening session [tenant=null]
2026-03-25 15:03:25 DEBUG core:74 - HHH006583: Beginning transaction
2026-03-25 15:03:25 DEBUG SQL:126 - 
    select
        next_val as id_val 
    from
        vehicle_SEQ 
    for
        update
2026-03-25 15:03:25 DEBUG SQL:126 - 
    update
        vehicle_SEQ 
    set
        next_val= ? 
    where
        next_val=?
2026-03-25 15:03:25 DEBUG core:87 - HHH006584: Committing transaction
2026-03-25 15:03:25 DEBUG event:98 - HHH90060071: Flushed: 3 insertions, 0 updates, 0 deletions to 3 objects
2026-03-25 15:03:25 DEBUG event:104 - HHH90060072: Flushed: 0 (re)creations, 0 updates, 0 removals to 0 collections
2026-03-25 15:03:25 DEBUG core:102 - Listing entities:
2026-03-25 15:03:25 DEBUG core:111 - com.test.FourWheeler{steeringWheel=Ai Steering wheel, lcn_no=0, id=254, v_name=truck}
2026-03-25 15:03:25 DEBUG core:111 - com.test.Vehicle{lcn_no=1234543, id=252, v_name=car}
2026-03-25 15:03:25 DEBUG core:111 - com.test.TwoWheeler{lcn_no=132465, steeringHandle=Bike Steering handle, id=253, v_name=Bike}
2026-03-25 15:03:25 DEBUG SQL:126 - 
    insert 
    into
        vehicle
        (lcn_no, v_name, vehicle_type, id) 
    values
        (?, ?, 'Vehicle', ?)
2026-03-25 15:03:25 DEBUG SQL:126 - 
    insert 
    into
        vehicle
        (lcn_no, v_name, steeringHandle, vehicle_type, id) 
    values
        (?, ?, ?, 'Bike', ?)
2026-03-25 15:03:25 DEBUG SQL:126 - 
    insert 
    into
        vehicle
        (lcn_no, v_name, steeringWheel, vehicle_type, id) 
    values
        (?, ?, ?, 'Car', ?)
2026-03-25 15:07:08 DEBUG service:41 - HHH010455: Adding integrator: org.hibernate.boot.beanvalidation.BeanValidationIntegrator
2026-03-25 15:07:08 DEBUG service:41 - HHH010455: Adding integrator: org.hibernate.cache.internal.CollectionCacheInvalidator
2026-03-25 15:07:08 INFO  core:41 - HHH000001: Hibernate ORM core version 7.3.0.Final
2026-03-25 15:07:08 DEBUG core:155 - HHH000206: 'hibernate.properties' not found
2026-03-25 15:07:08 DEBUG boot:97 - HHH160204: cfg.xml document did not define namespaces; wrapping in custom event reader to introduce namespace information
2026-03-25 15:07:09 DEBUG cache:116 - HHH90001031: Cannot default RegionFactory since no RegionFactory strategies were registered
2026-03-25 15:07:09 DEBUG cache:46 - HHH90001029: Second-level cache disabled
2026-03-25 15:07:09 WARN  pooling:86 - HHH10001002: Using built-in connection pool (not intended for production use)
2026-03-25 15:07:09 DEBUG pooling:34 - HHH10001014: Initializing connection pool with 1 connections
2026-03-25 15:07:09 DEBUG jdbc:457 - HHH100017: Database:
	name: MySQL
	version: 8.0.42
	major: 8
	minor: 0
2026-03-25 15:07:09 DEBUG jdbc:463 - HHH100018: Driver:
	name: MySQL Connector/J
	version: mysql-connector-j-8.0.33 (Revision: 7d6b0800528b6b25c68b52dc10d6c1c8429c100c)
	major: 8
	minor: 0
	JDBC version: 4.2
2026-03-25 15:07:09 WARN  deprecation:152 - HHH90000025: MySQLDialect does not need to be specified explicitly using 'hibernate.dialect' (remove the property setting and it will be selected by default)
2026-03-25 15:07:09 DEBUG dialect:93 - HHH035001: Using dialect: org.hibernate.dialect.MySQLDialect, version: 8.0.42
2026-03-25 15:07:09 DEBUG IdentifierHelperBuilder:205 - IdentifierCaseStrategy for both quoted and unquoted identifiers was set to the same strategy [LOWER]; that will likely lead to problems in schema update and validation if using quoted identifiers
2026-03-25 15:07:09 DEBUG jdbc:379 - HHH100122: Using default JDBC fetch size: 0
2026-03-25 15:07:09 INFO  pooling:179 - HHH10001005: Database info:
	Database JDBC URL [jdbc:mysql://localhost:3306/mla]
	Database driver: MySQL Connector/J
	Database dialect: MySQLDialect
	Database version: 8.0.42
	Default catalog/schema: mla/undefined
	Autocommit mode: false
	Isolation level: REPEATABLE_READ
	JDBC fetch size: none
	Pool: DriverManagerConnectionProvider
	Minimum pool size: 1
	Maximum pool size: 20
2026-03-25 15:07:10 DEBUG factory:230 - HHH90020001: Instantiating factory [2e5dc7ec-3ff2-4db2-af85-761f14964ede] with settings: {hibernate.format_sql=true, java.specification.version=25, sun.cpu.isalist=amd64, sun.jnu.encoding=Cp1252, hibernate.dialect=org.hibernate.dialect.MySQLDialect, java.class.path=C:\Users\yashaswini.hs\Desktop\Spring-advance\HibernateInheritance\target\classes;C:\Users\yashaswini.hs\.m2\repository\com\mysql\mysql-connector-j\8.0.33\mysql-connector-j-8.0.33.jar;C:\Users\yashaswini.hs\.m2\repository\com\google\protobuf\protobuf-java\3.21.9\protobuf-java-3.21.9.jar;C:\Users\yashaswini.hs\.m2\repository\org\hibernate\orm\hibernate-core\7.3.0.Final\hibernate-core-7.3.0.Final.jar;C:\Users\yashaswini.hs\.m2\repository\jakarta\persistence\jakarta.persistence-api\3.2.0\jakarta.persistence-api-3.2.0.jar;C:\Users\yashaswini.hs\.m2\repository\jakarta\transaction\jakarta.transaction-api\2.0.1\jakarta.transaction-api-2.0.1.jar;C:\Users\yashaswini.hs\.m2\repository\org\jboss\logging\jboss-logging\3.6.1.Final\jboss-logging-3.6.1.Final.jar;C:\Users\yashaswini.hs\.m2\repository\org\hibernate\models\hibernate-models\1.1.0\hibernate-models-1.1.0.jar;C:\Users\yashaswini.hs\.m2\repository\net\bytebuddy\byte-buddy\1.18.7\byte-buddy-1.18.7.jar;C:\Users\yashaswini.hs\.m2\repository\jakarta\xml\bind\jakarta.xml.bind-api\4.0.4\jakarta.xml.bind-api-4.0.4.jar;C:\Users\yashaswini.hs\.m2\repository\jakarta\activation\jakarta.activation-api\2.1.4\jakarta.activation-api-2.1.4.jar;C:\Users\yashaswini.hs\.m2\repository\org\glassfish\jaxb\jaxb-runtime\4.0.6\jaxb-runtime-4.0.6.jar;C:\Users\yashaswini.hs\.m2\repository\org\glassfish\jaxb\jaxb-core\4.0.6\jaxb-core-4.0.6.jar;C:\Users\yashaswini.hs\.m2\repository\org\eclipse\angus\angus-activation\2.0.3\angus-activation-2.0.3.jar;C:\Users\yashaswini.hs\.m2\repository\org\glassfish\jaxb\txw2\4.0.6\txw2-4.0.6.jar;C:\Users\yashaswini.hs\.m2\repository\com\sun\istack\istack-commons-runtime\4.1.2\istack-commons-runtime-4.1.2.jar;C:\Users\yashaswini.hs\.m2\repository\jakarta\inject\jakarta.inject-api\2.0.1\jakarta.inject-api-2.0.1.jar;C:\Users\yashaswini.hs\.m2\repository\org\antlr\antlr4-runtime\4.13.2\antlr4-runtime-4.13.2.jar;C:\Users\yashaswini.hs\.m2\repository\org\apache\logging\log4j\log4j-core\2.17.1\log4j-core-2.17.1.jar;C:\Users\yashaswini.hs\.m2\repository\org\apache\logging\log4j\log4j-api\2.17.1\log4j-api-2.17.1.jar;C:\Users\yashaswini.hs\.m2\repository\org\apache\logging\log4j\log4j-slf4j-impl\2.17.1\log4j-slf4j-impl-2.17.1.jar;C:\Users\yashaswini.hs\.m2\repository\org\slf4j\slf4j-api\1.7.25\slf4j-api-1.7.25.jar, java.vm.vendor=Eclipse Adoptium, sun.arch.data.model=64, hbm2ddl.auto=update, user.variant=, java.vendor.url=https://adoptium.net/, user.timezone=Asia/Calcutta, java.vm.specification.version=25, os.name=Windows 11, sun.java.launcher=SUN_STANDARD, user.country=US, sun.boot.library.path=C:\Users\yashaswini.hs\Downloads\sts-5.1.1.RELEASE\plugins\org.eclipse.justj.openjdk.hotspot.jre.full.win32.x86_64_25.0.2.v20260203-1141\jre\bin, sun.java.command=com.test.InheritanceDemo, jdk.debug=release, sun.cpu.endian=little, user.home=C:\Users\yashaswini.hs, user.language=en, java.specification.vendor=Oracle Corporation, java.version.date=2026-01-20, java.home=C:\Users\yashaswini.hs\Downloads\sts-5.1.1.RELEASE\plugins\org.eclipse.justj.openjdk.hotspot.jre.full.win32.x86_64_25.0.2.v20260203-1141\jre, file.separator=\, java.vm.compressedOopsMode=Zero based, line.separator=
, java.vm.specification.vendor=Oracle Corporation, java.specification.name=Java Platform API Specification, hibernate.hbm2ddl.auto=update, user.script=, sun.management.compiler=HotSpot 64-Bit Tiered Compilers, java.runtime.version=25.0.2+10-LTS, user.name=yashaswini.hs, stdout.encoding=UTF-8, path.separator=;, hibernate.connection.username=****, os.version=10.0, java.runtime.name=OpenJDK Runtime Environment, hibernate.connection.url=jdbc:mysql://localhost:3306/mla, file.encoding=UTF-8, format_sql=true, java.vm.name=OpenJDK 64-Bit Server VM, hibernate.show_sql=true, java.vendor.version=Temurin-25.0.2+10, show_sql=true, hibernate.connection.driver_class=com.mysql.cj.jdbc.Driver, java.vendor.url.bug=https://github.com/adoptium/adoptium-support/issues, java.io.tmpdir=C:\Users\YASHAS~1.HS\AppData\Local\Temp\, java.version=25.0.2, user.dir=C:\Users\yashaswini.hs\Desktop\Spring-advance\HibernateInheritance, os.arch=amd64, java.vm.specification.name=Java Virtual Machine Specification, hibernate.connection.password=****, sun.os.patch.level=, hibernate.boot.CfgXmlAccessService.key=org.hibernate.boot.cfgxml.spi.LoadedConfig@b950f82, native.encoding=Cp1252, java.library.path=C:\Users\yashaswini.hs\Downloads\sts-5.1.1.RELEASE\plugins\org.eclipse.justj.openjdk.hotspot.jre.full.win32.x86_64_25.0.2.v20260203-1141\jre\bin;C:\WINDOWS\Sun\Java\bin;C:\WINDOWS\system32;C:\WINDOWS;C:/Users/yashaswini.hs/Downloads/sts-5.1.1.RELEASE//plugins/org.eclipse.justj.openjdk.hotspot.jre.full.win32.x86_64_25.0.2.v20260203-1141/jre/bin/server;C:/Users/yashaswini.hs/Downloads/sts-5.1.1.RELEASE//plugins/org.eclipse.justj.openjdk.hotspot.jre.full.win32.x86_64_25.0.2.v20260203-1141/jre/bin;C:\Program Files\Microsoft\jdk-11.0.23.9-hotspot\bin;C:\Program Files\Microsoft\jdk-17.0.15.6-hotspot\bin;C:\Program Files\Python313\Scripts\;C:\Program Files\Python313\;%SystemRoot%\system32;%SystemRoot%;%SystemRoot%\System32\Wbem;%SYSTEMROOT%\System32\WindowsPowerShell\v1.0\;%SYSTEMROOT%\System32\OpenSSH\;C:\Program Files\Git\cmd;C:\Program Files\dotnet\;C:\Program Files\apache-maven-3.9.10\bin;C:\Program Files\nodejs\;C:\Program Files\Microsoft VS Code\bin;C:\Program Files\PuTTY\;C:\Program Files (x86)\Microsoft SQL Server\160\DTS\Binn\;C:\Program Files (x86)\Microsoft SQL Server\160\Tools\Binn\;C:\Program Files\Microsoft SQL Server\160\Tools\Binn\;C:\Program Files\Microsoft SQL Server\Client SDK\ODBC\170\Tools\Binn\;C:\Program Files\Microsoft SQL Server\160\DTS\Binn\;C:\Program Files\apache-maven-3.9.10\bin;C:\Program Files\apache-maven-3.9.10\bin;C:\Program Files\apache-maven-3.9.10\bin;C:\Users\yashaswini.hs\AppData\Local\Microsoft\WindowsApps;;C:\Users\yashaswini.hs\Downloads\sts-5.1.1.RELEASE;;., stderr.encoding=UTF-8, java.vendor=Eclipse Adoptium, java.vm.info=mixed mode, sharing, stdin.encoding=Cp1252, java.vm.version=25.0.2+10-LTS, sun.io.unicode.encoding=UnicodeLittle, java.class.version=69.0}
2026-03-25 15:07:10 DEBUG HQL_FUNCTIONS:155 - Available HQL Functions:
	abs(NUMERIC arg)
	Double acos(NUMERIC arg)
	adddate(DATE datetime, INTEGER days)
	addtime(TIME datetime, TIME time)
	Boolean any(BOOLEAN arg)
	Integer ascii(STRING arg)
	Double asin(NUMERIC arg)
	Double atan(NUMERIC arg)
	Double atan2(NUMERIC arg0, NUMERIC arg1)
	avg(arg)
	bit_and(arg)
	Integer bit_length(STRING_OR_CLOB arg)
	bit_or(arg)
	bitand(arg0, arg1)
	bitnot(arg)
	bitor(arg0, arg1)
	bitxor(arg0, arg1)
	cast(arg as Type)
	ceiling(NUMERIC arg)
	Character char(INTEGER arg)
	Integer character_length(STRING_OR_CLOB arg)
	Character chr(INTEGER arg)
	coalesce(arg0[, arg1[, ...]])
	String collate(STRING string as COLLATION collation)
	String concat(STRING string0[, STRING string1[, ...]])
	Double cos(NUMERIC arg)
	Double cosh(NUMERIC arg)
	Double cot(NUMERIC arg)
	Long count([distinct ]{arg|*})
	Integer crc32(arg)
	Double cume_dist([arg0[, ...]])
	Date curdate()
	Date current date
	Date current time
	Date current timestamp
	Date current_date
	Instant current_instant
	Date current_time
	Date current_timestamp
	Date curtime()
	Date date(arg)
	dateadd(TEMPORAL_UNIT field, INTEGER magnitude, TEMPORAL datetime)
	Integer datediff(DATE end, DATE start)
	Integer day(DATE arg)
	String dayname(DATE arg)
	Integer dayofmonth(DATE arg)
	Integer dayofweek(DATE arg)
	Integer dayofyear(DATE arg)
	Double degrees(NUMERIC arg)
	Long dense_rank([arg0[, ...]])
	Boolean every(BOOLEAN arg)
	Double exp(NUMERIC arg)
	extract(TEMPORAL_UNIT field from TEMPORAL arg)
	first_valueANY value
	floor(NUMERIC arg)
	String format(TEMPORAL datetime as STRING pattern)
	greatest(COMPARABLE arg0, COMPARABLE arg1[, arg2[, ...]])
	String hex(arg)
	Integer hour(TIME arg)
	ifnull(arg0, arg1)
	String insert(STRING string, INTEGER start, INTEGER length, STRING replacement)
	Instant instant
	Integer instr(STRING string, STRING pattern[, INTEGER start[, INTEGER occurrence]])
	String json_array([arg0[, ...]])
	String json_array_append(IMPLICIT_JSON arg0, STRING arg1, ANY arg2)
	String json_array_insert(IMPLICIT_JSON arg0, STRING arg1, ANY arg2)
	String json_arrayagg(arg0[, arg1])
	Boolean json_exists(IMPLICIT_JSON arg0, STRING arg1)
	String json_insert(IMPLICIT_JSON arg0, STRING arg1, ANY arg2)
	String json_mergepatch(IMPLICIT_JSON arg0, IMPLICIT_JSON arg1[, arg2[, ...]])
	String json_object( ... )
	String json_objectagg(arg0, arg1[, arg2, arg3])
	String json_query( ... )
	String json_remove(IMPLICIT_JSON arg0, STRING arg1)
	String json_replace(IMPLICIT_JSON arg0, STRING arg1, ANY arg2)
	String json_set(IMPLICIT_JSON arg0, STRING arg1, ANY arg2)
	json_value( ... )
	lagANY value[, INTEGER offset[, ANY default]]
	Date last_day(DATE arg)
	last_valueANY value
	leadANY value[, INTEGER offset[, ANY default]]
	least(COMPARABLE arg0, COMPARABLE arg1[, arg2[, ...]])
	String left(STRING string, INTEGER length)
	Integer length(STRING_OR_CLOB arg)
	String listagg(STRING arg0, STRING arg1)
	Double ln(NUMERIC arg)
	LocalDate local date
	LocalDateTime local datetime
	LocalTime local time
	LocalDate local_date
	LocalDateTime local_datetime
	LocalTime local_time
	Date localtime
	Date localtimestamp
	Integer locate(STRING pattern, STRING string[, INTEGER start])
	Double log(NUMERIC arg0[, NUMERIC arg1])
	Double log10(NUMERIC arg)
	Double log2(NUMERIC arg)
	String lower(STRING string)
	String lpad(string, length[, padding])
	String ltrim(STRING string[, STRING characters])
	Date makedate(INTEGER year, INTEGER dayofyear)
	Date maketime(INTEGER hour, INTEGER min, INTEGER sec)
	max(COMPARABLE arg)
	byte[] md5(arg)
	Integer microsecond(TIME arg)
	min(COMPARABLE arg)
	Integer minute(TIME arg)
	Integer mod(INTEGER arg0, INTEGER arg1)
	Integer month(DATE arg)
	String monthname(DATE arg)
	Date now()
	nth_valueANY value, INTEGER nth
	nullif(arg0, arg1)
	Integer octet_length(STRING_OR_CLOB arg)
	OffsetDateTime offset datetime
	OffsetDateTime offset_datetime
	Integer ordinal(ENUM arg)
	String overlay(STRING string placing STRING replacement from INTEGER start[ for INTEGER length])
	String pad(STRING string with INTEGER length {leading|trailing}[ STRING character])
	Double percent_rank([arg0[, ...]])
	Double pi
	Integer position(STRING pattern in STRING string)
	Double power(NUMERIC arg0, NUMERIC arg1)
	Integer quarter(DATE arg)
	Double radians(NUMERIC arg)
	Double rand([INTEGER seed])
	Long rank([arg0[, ...]])
	Boolean regexp_like(STRING arg0, STRING arg1[, STRING arg2])
	String repeat(STRING string, INTEGER times)
	String replace(STRING string, STRING pattern, STRING replacement)
	String reverse(STRING arg)
	String right(STRING string, INTEGER length)
	round(NUMERIC number[, INTEGER places])
	Long row_number()
	String rpad(string, length[, padding])
	String rtrim(STRING string[, STRING characters])
	Integer second(TIME arg)
	byte[] sha(arg)
	String sha1(arg)
	String sha2(arg0, arg1)
	Integer sign(NUMERIC arg)
	Double sin(NUMERIC arg)
	Double sinh(NUMERIC arg)
	String soundex(arg)
	String space(INTEGER arg)
	sql
	Double sqrt(NUMERIC arg)
	Double stddev(NUMERIC arg)
	Double stddev_pop(NUMERIC arg)
	Double stddev_samp(NUMERIC arg)
	String str(arg)
	String string(ENUM arg)
	subdate(DATE datetime, INTEGER days)
	String substr(STRING string, INTEGER start[, INTEGER length])
	String substring(STRING string{ from|,} INTEGER start[{ for|,} INTEGER length])
	subtime(TIME datetime, TIME time)
	sum(arg)
	Date sysdate()
	Double tan(NUMERIC arg)
	Double tanh(NUMERIC arg)
	String time(arg)
	Date timestamp(arg0[, arg1])
	timestampadd(TEMPORAL_UNIT field, INTEGER magnitude, TEMPORAL datetime)
	Long|Double timestampdiff(TEMPORAL_UNIT field, TEMPORAL start, TEMPORAL end)
	String trim([[{leading|trailing|both} ][STRING arg0 ]from] STRING arg1)
	trunc( ... )
	truncate( ... )
	String upper(STRING string)
	Date utc_date
	Date utc_time
	Date utc_timestamp
	Double var_pop(NUMERIC arg)
	Double var_samp(NUMERIC arg)
	Double variance(NUMERIC arg)
	Integer week(DATE arg)
	Integer year(DATE arg)

2026-03-25 15:07:10 DEBUG core:211 - HHH000513: Unable to create the ReflectionOptimizer for [com.test.FourWheeler]: private accessor [lcn_no]
2026-03-25 15:07:10 DEBUG core:211 - HHH000513: Unable to create the ReflectionOptimizer for [com.test.TwoWheeler]: private accessor [lcn_no]
2026-03-25 15:07:10 DEBUG core:211 - HHH000513: Unable to create the ReflectionOptimizer for [com.test.Vehicle]: private accessor [lcn_no]
2026-03-25 15:07:10 INFO  core:53 - HHH000489: No JTA platform available (set 'hibernate.transaction.jta.platform' to enable JTA platform integration)
2026-03-25 15:07:10 DEBUG service:102 - HHH010454: EventListenerRegistry access via ServiceRegistry is deprecated - use 'sessionFactory.getEventEngine().getListenerRegistry()' instead
2026-03-25 15:07:10 DEBUG SQL:126 - 
    create table vehicle (
        vehicle_type varchar(31) not null check ((vehicle_type in ('Vehicle','Bike','Car'))),
        id integer not null,
        lcn_no integer not null,
        v_name varchar(255),
        steeringHandle varchar(255),
        steeringWheel varchar(255),
        primary key (id)
    ) engine=InnoDB
2026-03-25 15:07:11 DEBUG Table:101 - No alter strings for table: vehicle_SEQ
2026-03-25 15:07:11 DEBUG factoryRegistry:86 - HHH020384: Registering SessionFactory [2e5dc7ec-3ff2-4db2-af85-761f14964ede] (<unnamed>)
2026-03-25 15:07:11 DEBUG core:151 - HHH006588: Opening session [tenant=null]
2026-03-25 15:07:11 DEBUG core:74 - HHH006583: Beginning transaction
2026-03-25 15:07:11 DEBUG SQL:126 - 
    select
        next_val as id_val 
    from
        vehicle_SEQ 
    for
        update
2026-03-25 15:07:11 DEBUG SQL:126 - 
    update
        vehicle_SEQ 
    set
        next_val= ? 
    where
        next_val=?
2026-03-25 15:07:11 DEBUG core:87 - HHH006584: Committing transaction
2026-03-25 15:07:11 DEBUG event:98 - HHH90060071: Flushed: 4 insertions, 0 updates, 0 deletions to 4 objects
2026-03-25 15:07:11 DEBUG event:104 - HHH90060072: Flushed: 0 (re)creations, 0 updates, 0 removals to 0 collections
2026-03-25 15:07:11 DEBUG core:102 - Listing entities:
2026-03-25 15:07:11 DEBUG core:111 - com.test.TwoWheeler{lcn_no=465, steeringHandle=scooty Steering handle, id=304, v_name=scooter}
2026-03-25 15:07:11 DEBUG core:111 - com.test.FourWheeler{steeringWheel=Ai Steering wheel, lcn_no=0, id=305, v_name=truck}
2026-03-25 15:07:11 DEBUG core:111 - com.test.Vehicle{lcn_no=1234543, id=302, v_name=car}
2026-03-25 15:07:11 DEBUG core:111 - com.test.TwoWheeler{lcn_no=132465, steeringHandle=Bike Steering handle, id=303, v_name=Bike}
2026-03-25 15:07:11 DEBUG SQL:126 - 
    insert 
    into
        vehicle
        (lcn_no, v_name, vehicle_type, id) 
    values
        (?, ?, 'Vehicle', ?)
2026-03-25 15:07:11 DEBUG SQL:126 - 
    insert 
    into
        vehicle
        (lcn_no, v_name, steeringHandle, vehicle_type, id) 
    values
        (?, ?, ?, 'Bike', ?)
2026-03-25 15:07:11 DEBUG SQL:126 - 
    insert 
    into
        vehicle
        (lcn_no, v_name, steeringHandle, vehicle_type, id) 
    values
        (?, ?, ?, 'Bike', ?)
2026-03-25 15:07:11 DEBUG SQL:126 - 
    insert 
    into
        vehicle
        (lcn_no, v_name, steeringWheel, vehicle_type, id) 
    values
        (?, ?, ?, 'Car', ?)
2026-03-25 15:09:02 DEBUG service:41 - HHH010455: Adding integrator: org.hibernate.boot.beanvalidation.BeanValidationIntegrator
2026-03-25 15:09:02 DEBUG service:41 - HHH010455: Adding integrator: org.hibernate.cache.internal.CollectionCacheInvalidator
2026-03-25 15:09:02 INFO  core:41 - HHH000001: Hibernate ORM core version 7.3.0.Final
2026-03-25 15:09:02 DEBUG core:155 - HHH000206: 'hibernate.properties' not found
2026-03-25 15:09:02 DEBUG boot:97 - HHH160204: cfg.xml document did not define namespaces; wrapping in custom event reader to introduce namespace information
2026-03-25 15:09:02 DEBUG cache:116 - HHH90001031: Cannot default RegionFactory since no RegionFactory strategies were registered
2026-03-25 15:09:02 DEBUG cache:46 - HHH90001029: Second-level cache disabled
2026-03-25 15:09:03 WARN  pooling:86 - HHH10001002: Using built-in connection pool (not intended for production use)
2026-03-25 15:09:03 DEBUG pooling:34 - HHH10001014: Initializing connection pool with 1 connections
2026-03-25 15:09:03 DEBUG jdbc:457 - HHH100017: Database:
	name: MySQL
	version: 8.0.42
	major: 8
	minor: 0
2026-03-25 15:09:03 DEBUG jdbc:463 - HHH100018: Driver:
	name: MySQL Connector/J
	version: mysql-connector-j-8.0.33 (Revision: 7d6b0800528b6b25c68b52dc10d6c1c8429c100c)
	major: 8
	minor: 0
	JDBC version: 4.2
2026-03-25 15:09:03 WARN  deprecation:152 - HHH90000025: MySQLDialect does not need to be specified explicitly using 'hibernate.dialect' (remove the property setting and it will be selected by default)
2026-03-25 15:09:03 DEBUG dialect:93 - HHH035001: Using dialect: org.hibernate.dialect.MySQLDialect, version: 8.0.42
2026-03-25 15:09:03 DEBUG IdentifierHelperBuilder:205 - IdentifierCaseStrategy for both quoted and unquoted identifiers was set to the same strategy [LOWER]; that will likely lead to problems in schema update and validation if using quoted identifiers
2026-03-25 15:09:03 DEBUG jdbc:379 - HHH100122: Using default JDBC fetch size: 0
2026-03-25 15:09:03 INFO  pooling:179 - HHH10001005: Database info:
	Database JDBC URL [jdbc:mysql://localhost:3306/mla]
	Database driver: MySQL Connector/J
	Database dialect: MySQLDialect
	Database version: 8.0.42
	Default catalog/schema: mla/undefined
	Autocommit mode: false
	Isolation level: REPEATABLE_READ
	JDBC fetch size: none
	Pool: DriverManagerConnectionProvider
	Minimum pool size: 1
	Maximum pool size: 20
2026-03-25 15:09:04 DEBUG factory:230 - HHH90020001: Instantiating factory [4d543490-7877-4ada-aa7c-dcff6457a303] with settings: {hibernate.format_sql=true, java.specification.version=25, sun.cpu.isalist=amd64, sun.jnu.encoding=Cp1252, hibernate.dialect=org.hibernate.dialect.MySQLDialect, java.class.path=C:\Users\yashaswini.hs\Desktop\Spring-advance\HibernateInheritance\target\classes;C:\Users\yashaswini.hs\.m2\repository\com\mysql\mysql-connector-j\8.0.33\mysql-connector-j-8.0.33.jar;C:\Users\yashaswini.hs\.m2\repository\com\google\protobuf\protobuf-java\3.21.9\protobuf-java-3.21.9.jar;C:\Users\yashaswini.hs\.m2\repository\org\hibernate\orm\hibernate-core\7.3.0.Final\hibernate-core-7.3.0.Final.jar;C:\Users\yashaswini.hs\.m2\repository\jakarta\persistence\jakarta.persistence-api\3.2.0\jakarta.persistence-api-3.2.0.jar;C:\Users\yashaswini.hs\.m2\repository\jakarta\transaction\jakarta.transaction-api\2.0.1\jakarta.transaction-api-2.0.1.jar;C:\Users\yashaswini.hs\.m2\repository\org\jboss\logging\jboss-logging\3.6.1.Final\jboss-logging-3.6.1.Final.jar;C:\Users\yashaswini.hs\.m2\repository\org\hibernate\models\hibernate-models\1.1.0\hibernate-models-1.1.0.jar;C:\Users\yashaswini.hs\.m2\repository\net\bytebuddy\byte-buddy\1.18.7\byte-buddy-1.18.7.jar;C:\Users\yashaswini.hs\.m2\repository\jakarta\xml\bind\jakarta.xml.bind-api\4.0.4\jakarta.xml.bind-api-4.0.4.jar;C:\Users\yashaswini.hs\.m2\repository\jakarta\activation\jakarta.activation-api\2.1.4\jakarta.activation-api-2.1.4.jar;C:\Users\yashaswini.hs\.m2\repository\org\glassfish\jaxb\jaxb-runtime\4.0.6\jaxb-runtime-4.0.6.jar;C:\Users\yashaswini.hs\.m2\repository\org\glassfish\jaxb\jaxb-core\4.0.6\jaxb-core-4.0.6.jar;C:\Users\yashaswini.hs\.m2\repository\org\eclipse\angus\angus-activation\2.0.3\angus-activation-2.0.3.jar;C:\Users\yashaswini.hs\.m2\repository\org\glassfish\jaxb\txw2\4.0.6\txw2-4.0.6.jar;C:\Users\yashaswini.hs\.m2\repository\com\sun\istack\istack-commons-runtime\4.1.2\istack-commons-runtime-4.1.2.jar;C:\Users\yashaswini.hs\.m2\repository\jakarta\inject\jakarta.inject-api\2.0.1\jakarta.inject-api-2.0.1.jar;C:\Users\yashaswini.hs\.m2\repository\org\antlr\antlr4-runtime\4.13.2\antlr4-runtime-4.13.2.jar;C:\Users\yashaswini.hs\.m2\repository\org\apache\logging\log4j\log4j-core\2.17.1\log4j-core-2.17.1.jar;C:\Users\yashaswini.hs\.m2\repository\org\apache\logging\log4j\log4j-api\2.17.1\log4j-api-2.17.1.jar;C:\Users\yashaswini.hs\.m2\repository\org\apache\logging\log4j\log4j-slf4j-impl\2.17.1\log4j-slf4j-impl-2.17.1.jar;C:\Users\yashaswini.hs\.m2\repository\org\slf4j\slf4j-api\1.7.25\slf4j-api-1.7.25.jar, java.vm.vendor=Eclipse Adoptium, sun.arch.data.model=64, hbm2ddl.auto=update, user.variant=, java.vendor.url=https://adoptium.net/, user.timezone=Asia/Calcutta, java.vm.specification.version=25, os.name=Windows 11, sun.java.launcher=SUN_STANDARD, user.country=US, sun.boot.library.path=C:\Users\yashaswini.hs\Downloads\sts-5.1.1.RELEASE\plugins\org.eclipse.justj.openjdk.hotspot.jre.full.win32.x86_64_25.0.2.v20260203-1141\jre\bin, sun.java.command=com.test.InheritanceDemo, jdk.debug=release, sun.cpu.endian=little, user.home=C:\Users\yashaswini.hs, user.language=en, java.specification.vendor=Oracle Corporation, java.version.date=2026-01-20, java.home=C:\Users\yashaswini.hs\Downloads\sts-5.1.1.RELEASE\plugins\org.eclipse.justj.openjdk.hotspot.jre.full.win32.x86_64_25.0.2.v20260203-1141\jre, file.separator=\, java.vm.compressedOopsMode=Zero based, line.separator=
, java.vm.specification.vendor=Oracle Corporation, java.specification.name=Java Platform API Specification, hibernate.hbm2ddl.auto=update, user.script=, sun.management.compiler=HotSpot 64-Bit Tiered Compilers, java.runtime.version=25.0.2+10-LTS, user.name=yashaswini.hs, stdout.encoding=UTF-8, path.separator=;, hibernate.connection.username=****, os.version=10.0, java.runtime.name=OpenJDK Runtime Environment, hibernate.connection.url=jdbc:mysql://localhost:3306/mla, file.encoding=UTF-8, format_sql=true, java.vm.name=OpenJDK 64-Bit Server VM, hibernate.show_sql=true, java.vendor.version=Temurin-25.0.2+10, show_sql=true, hibernate.connection.driver_class=com.mysql.cj.jdbc.Driver, java.vendor.url.bug=https://github.com/adoptium/adoptium-support/issues, java.io.tmpdir=C:\Users\YASHAS~1.HS\AppData\Local\Temp\, java.version=25.0.2, user.dir=C:\Users\yashaswini.hs\Desktop\Spring-advance\HibernateInheritance, os.arch=amd64, java.vm.specification.name=Java Virtual Machine Specification, hibernate.connection.password=****, sun.os.patch.level=, hibernate.boot.CfgXmlAccessService.key=org.hibernate.boot.cfgxml.spi.LoadedConfig@b950f82, native.encoding=Cp1252, java.library.path=C:\Users\yashaswini.hs\Downloads\sts-5.1.1.RELEASE\plugins\org.eclipse.justj.openjdk.hotspot.jre.full.win32.x86_64_25.0.2.v20260203-1141\jre\bin;C:\WINDOWS\Sun\Java\bin;C:\WINDOWS\system32;C:\WINDOWS;C:/Users/yashaswini.hs/Downloads/sts-5.1.1.RELEASE//plugins/org.eclipse.justj.openjdk.hotspot.jre.full.win32.x86_64_25.0.2.v20260203-1141/jre/bin/server;C:/Users/yashaswini.hs/Downloads/sts-5.1.1.RELEASE//plugins/org.eclipse.justj.openjdk.hotspot.jre.full.win32.x86_64_25.0.2.v20260203-1141/jre/bin;C:\Program Files\Microsoft\jdk-11.0.23.9-hotspot\bin;C:\Program Files\Microsoft\jdk-17.0.15.6-hotspot\bin;C:\Program Files\Python313\Scripts\;C:\Program Files\Python313\;%SystemRoot%\system32;%SystemRoot%;%SystemRoot%\System32\Wbem;%SYSTEMROOT%\System32\WindowsPowerShell\v1.0\;%SYSTEMROOT%\System32\OpenSSH\;C:\Program Files\Git\cmd;C:\Program Files\dotnet\;C:\Program Files\apache-maven-3.9.10\bin;C:\Program Files\nodejs\;C:\Program Files\Microsoft VS Code\bin;C:\Program Files\PuTTY\;C:\Program Files (x86)\Microsoft SQL Server\160\DTS\Binn\;C:\Program Files (x86)\Microsoft SQL Server\160\Tools\Binn\;C:\Program Files\Microsoft SQL Server\160\Tools\Binn\;C:\Program Files\Microsoft SQL Server\Client SDK\ODBC\170\Tools\Binn\;C:\Program Files\Microsoft SQL Server\160\DTS\Binn\;C:\Program Files\apache-maven-3.9.10\bin;C:\Program Files\apache-maven-3.9.10\bin;C:\Program Files\apache-maven-3.9.10\bin;C:\Users\yashaswini.hs\AppData\Local\Microsoft\WindowsApps;;C:\Users\yashaswini.hs\Downloads\sts-5.1.1.RELEASE;;., stderr.encoding=UTF-8, java.vendor=Eclipse Adoptium, java.vm.info=mixed mode, sharing, stdin.encoding=Cp1252, java.vm.version=25.0.2+10-LTS, sun.io.unicode.encoding=UnicodeLittle, java.class.version=69.0}
2026-03-25 15:09:04 DEBUG HQL_FUNCTIONS:155 - Available HQL Functions:
	abs(NUMERIC arg)
	Double acos(NUMERIC arg)
	adddate(DATE datetime, INTEGER days)
	addtime(TIME datetime, TIME time)
	Boolean any(BOOLEAN arg)
	Integer ascii(STRING arg)
	Double asin(NUMERIC arg)
	Double atan(NUMERIC arg)
	Double atan2(NUMERIC arg0, NUMERIC arg1)
	avg(arg)
	bit_and(arg)
	Integer bit_length(STRING_OR_CLOB arg)
	bit_or(arg)
	bitand(arg0, arg1)
	bitnot(arg)
	bitor(arg0, arg1)
	bitxor(arg0, arg1)
	cast(arg as Type)
	ceiling(NUMERIC arg)
	Character char(INTEGER arg)
	Integer character_length(STRING_OR_CLOB arg)
	Character chr(INTEGER arg)
	coalesce(arg0[, arg1[, ...]])
	String collate(STRING string as COLLATION collation)
	String concat(STRING string0[, STRING string1[, ...]])
	Double cos(NUMERIC arg)
	Double cosh(NUMERIC arg)
	Double cot(NUMERIC arg)
	Long count([distinct ]{arg|*})
	Integer crc32(arg)
	Double cume_dist([arg0[, ...]])
	Date curdate()
	Date current date
	Date current time
	Date current timestamp
	Date current_date
	Instant current_instant
	Date current_time
	Date current_timestamp
	Date curtime()
	Date date(arg)
	dateadd(TEMPORAL_UNIT field, INTEGER magnitude, TEMPORAL datetime)
	Integer datediff(DATE end, DATE start)
	Integer day(DATE arg)
	String dayname(DATE arg)
	Integer dayofmonth(DATE arg)
	Integer dayofweek(DATE arg)
	Integer dayofyear(DATE arg)
	Double degrees(NUMERIC arg)
	Long dense_rank([arg0[, ...]])
	Boolean every(BOOLEAN arg)
	Double exp(NUMERIC arg)
	extract(TEMPORAL_UNIT field from TEMPORAL arg)
	first_valueANY value
	floor(NUMERIC arg)
	String format(TEMPORAL datetime as STRING pattern)
	greatest(COMPARABLE arg0, COMPARABLE arg1[, arg2[, ...]])
	String hex(arg)
	Integer hour(TIME arg)
	ifnull(arg0, arg1)
	String insert(STRING string, INTEGER start, INTEGER length, STRING replacement)
	Instant instant
	Integer instr(STRING string, STRING pattern[, INTEGER start[, INTEGER occurrence]])
	String json_array([arg0[, ...]])
	String json_array_append(IMPLICIT_JSON arg0, STRING arg1, ANY arg2)
	String json_array_insert(IMPLICIT_JSON arg0, STRING arg1, ANY arg2)
	String json_arrayagg(arg0[, arg1])
	Boolean json_exists(IMPLICIT_JSON arg0, STRING arg1)
	String json_insert(IMPLICIT_JSON arg0, STRING arg1, ANY arg2)
	String json_mergepatch(IMPLICIT_JSON arg0, IMPLICIT_JSON arg1[, arg2[, ...]])
	String json_object( ... )
	String json_objectagg(arg0, arg1[, arg2, arg3])
	String json_query( ... )
	String json_remove(IMPLICIT_JSON arg0, STRING arg1)
	String json_replace(IMPLICIT_JSON arg0, STRING arg1, ANY arg2)
	String json_set(IMPLICIT_JSON arg0, STRING arg1, ANY arg2)
	json_value( ... )
	lagANY value[, INTEGER offset[, ANY default]]
	Date last_day(DATE arg)
	last_valueANY value
	leadANY value[, INTEGER offset[, ANY default]]
	least(COMPARABLE arg0, COMPARABLE arg1[, arg2[, ...]])
	String left(STRING string, INTEGER length)
	Integer length(STRING_OR_CLOB arg)
	String listagg(STRING arg0, STRING arg1)
	Double ln(NUMERIC arg)
	LocalDate local date
	LocalDateTime local datetime
	LocalTime local time
	LocalDate local_date
	LocalDateTime local_datetime
	LocalTime local_time
	Date localtime
	Date localtimestamp
	Integer locate(STRING pattern, STRING string[, INTEGER start])
	Double log(NUMERIC arg0[, NUMERIC arg1])
	Double log10(NUMERIC arg)
	Double log2(NUMERIC arg)
	String lower(STRING string)
	String lpad(string, length[, padding])
	String ltrim(STRING string[, STRING characters])
	Date makedate(INTEGER year, INTEGER dayofyear)
	Date maketime(INTEGER hour, INTEGER min, INTEGER sec)
	max(COMPARABLE arg)
	byte[] md5(arg)
	Integer microsecond(TIME arg)
	min(COMPARABLE arg)
	Integer minute(TIME arg)
	Integer mod(INTEGER arg0, INTEGER arg1)
	Integer month(DATE arg)
	String monthname(DATE arg)
	Date now()
	nth_valueANY value, INTEGER nth
	nullif(arg0, arg1)
	Integer octet_length(STRING_OR_CLOB arg)
	OffsetDateTime offset datetime
	OffsetDateTime offset_datetime
	Integer ordinal(ENUM arg)
	String overlay(STRING string placing STRING replacement from INTEGER start[ for INTEGER length])
	String pad(STRING string with INTEGER length {leading|trailing}[ STRING character])
	Double percent_rank([arg0[, ...]])
	Double pi
	Integer position(STRING pattern in STRING string)
	Double power(NUMERIC arg0, NUMERIC arg1)
	Integer quarter(DATE arg)
	Double radians(NUMERIC arg)
	Double rand([INTEGER seed])
	Long rank([arg0[, ...]])
	Boolean regexp_like(STRING arg0, STRING arg1[, STRING arg2])
	String repeat(STRING string, INTEGER times)
	String replace(STRING string, STRING pattern, STRING replacement)
	String reverse(STRING arg)
	String right(STRING string, INTEGER length)
	round(NUMERIC number[, INTEGER places])
	Long row_number()
	String rpad(string, length[, padding])
	String rtrim(STRING string[, STRING characters])
	Integer second(TIME arg)
	byte[] sha(arg)
	String sha1(arg)
	String sha2(arg0, arg1)
	Integer sign(NUMERIC arg)
	Double sin(NUMERIC arg)
	Double sinh(NUMERIC arg)
	String soundex(arg)
	String space(INTEGER arg)
	sql
	Double sqrt(NUMERIC arg)
	Double stddev(NUMERIC arg)
	Double stddev_pop(NUMERIC arg)
	Double stddev_samp(NUMERIC arg)
	String str(arg)
	String string(ENUM arg)
	subdate(DATE datetime, INTEGER days)
	String substr(STRING string, INTEGER start[, INTEGER length])
	String substring(STRING string{ from|,} INTEGER start[{ for|,} INTEGER length])
	subtime(TIME datetime, TIME time)
	sum(arg)
	Date sysdate()
	Double tan(NUMERIC arg)
	Double tanh(NUMERIC arg)
	String time(arg)
	Date timestamp(arg0[, arg1])
	timestampadd(TEMPORAL_UNIT field, INTEGER magnitude, TEMPORAL datetime)
	Long|Double timestampdiff(TEMPORAL_UNIT field, TEMPORAL start, TEMPORAL end)
	String trim([[{leading|trailing|both} ][STRING arg0 ]from] STRING arg1)
	trunc( ... )
	truncate( ... )
	String upper(STRING string)
	Date utc_date
	Date utc_time
	Date utc_timestamp
	Double var_pop(NUMERIC arg)
	Double var_samp(NUMERIC arg)
	Double variance(NUMERIC arg)
	Integer week(DATE arg)
	Integer year(DATE arg)

2026-03-25 15:09:04 DEBUG core:211 - HHH000513: Unable to create the ReflectionOptimizer for [com.test.FourWheeler]: private accessor [lcn_no]
2026-03-25 15:09:04 DEBUG core:211 - HHH000513: Unable to create the ReflectionOptimizer for [com.test.TwoWheeler]: private accessor [lcn_no]
2026-03-25 15:09:04 DEBUG core:211 - HHH000513: Unable to create the ReflectionOptimizer for [com.test.Vehicle]: private accessor [lcn_no]
2026-03-25 15:09:04 INFO  core:53 - HHH000489: No JTA platform available (set 'hibernate.transaction.jta.platform' to enable JTA platform integration)
2026-03-25 15:09:04 DEBUG service:102 - HHH010454: EventListenerRegistry access via ServiceRegistry is deprecated - use 'sessionFactory.getEventEngine().getListenerRegistry()' instead
2026-03-25 15:09:04 DEBUG SQL:126 - 
    create table vehicle (
        vehicle_type varchar(31) not null check ((vehicle_type in ('Vehicle','two_wheeler','four_wheeler'))),
        id integer not null,
        lcn_no integer not null,
        v_name varchar(255),
        steeringHandle varchar(255),
        steeringWheel varchar(255),
        primary key (id)
    ) engine=InnoDB
2026-03-25 15:09:04 DEBUG Table:101 - No alter strings for table: vehicle_SEQ
2026-03-25 15:09:04 DEBUG factoryRegistry:86 - HHH020384: Registering SessionFactory [4d543490-7877-4ada-aa7c-dcff6457a303] (<unnamed>)
2026-03-25 15:09:04 DEBUG core:151 - HHH006588: Opening session [tenant=null]
2026-03-25 15:09:04 DEBUG core:74 - HHH006583: Beginning transaction
2026-03-25 15:09:04 DEBUG SQL:126 - 
    select
        next_val as id_val 
    from
        vehicle_SEQ 
    for
        update
2026-03-25 15:09:04 DEBUG SQL:126 - 
    update
        vehicle_SEQ 
    set
        next_val= ? 
    where
        next_val=?
2026-03-25 15:09:05 DEBUG core:87 - HHH006584: Committing transaction
2026-03-25 15:09:05 DEBUG event:98 - HHH90060071: Flushed: 4 insertions, 0 updates, 0 deletions to 4 objects
2026-03-25 15:09:05 DEBUG event:104 - HHH90060072: Flushed: 0 (re)creations, 0 updates, 0 removals to 0 collections
2026-03-25 15:09:05 DEBUG core:102 - Listing entities:
2026-03-25 15:09:05 DEBUG core:111 - com.test.TwoWheeler{lcn_no=465, steeringHandle=scooty Steering handle, id=354, v_name=scooter}
2026-03-25 15:09:05 DEBUG core:111 - com.test.FourWheeler{steeringWheel=Ai Steering wheel, lcn_no=0, id=355, v_name=truck}
2026-03-25 15:09:05 DEBUG core:111 - com.test.Vehicle{lcn_no=1234543, id=352, v_name=car}
2026-03-25 15:09:05 DEBUG core:111 - com.test.TwoWheeler{lcn_no=132465, steeringHandle=Bike Steering handle, id=353, v_name=Bike}
2026-03-25 15:09:05 DEBUG SQL:126 - 
    insert 
    into
        vehicle
        (lcn_no, v_name, vehicle_type, id) 
    values
        (?, ?, 'Vehicle', ?)
2026-03-25 15:09:05 DEBUG SQL:126 - 
    insert 
    into
        vehicle
        (lcn_no, v_name, steeringHandle, vehicle_type, id) 
    values
        (?, ?, ?, 'two_wheeler', ?)
2026-03-25 15:09:05 DEBUG SQL:126 - 
    insert 
    into
        vehicle
        (lcn_no, v_name, steeringHandle, vehicle_type, id) 
    values
        (?, ?, ?, 'two_wheeler', ?)
2026-03-25 15:09:05 DEBUG SQL:126 - 
    insert 
    into
        vehicle
        (lcn_no, v_name, steeringWheel, vehicle_type, id) 
    values
        (?, ?, ?, 'four_wheeler', ?)
2026-03-25 15:17:06 DEBUG service:41 - HHH010455: Adding integrator: org.hibernate.boot.beanvalidation.BeanValidationIntegrator
2026-03-25 15:17:06 DEBUG service:41 - HHH010455: Adding integrator: org.hibernate.cache.internal.CollectionCacheInvalidator
2026-03-25 15:17:06 INFO  core:41 - HHH000001: Hibernate ORM core version 7.3.0.Final
2026-03-25 15:17:06 DEBUG core:155 - HHH000206: 'hibernate.properties' not found
2026-03-25 15:17:06 DEBUG boot:97 - HHH160204: cfg.xml document did not define namespaces; wrapping in custom event reader to introduce namespace information
2026-03-25 15:17:06 DEBUG cache:116 - HHH90001031: Cannot default RegionFactory since no RegionFactory strategies were registered
2026-03-25 15:17:06 DEBUG cache:46 - HHH90001029: Second-level cache disabled
2026-03-25 15:17:06 WARN  pooling:86 - HHH10001002: Using built-in connection pool (not intended for production use)
2026-03-25 15:17:06 DEBUG pooling:34 - HHH10001014: Initializing connection pool with 1 connections
2026-03-25 15:17:06 DEBUG jdbc:457 - HHH100017: Database:
	name: MySQL
	version: 8.0.42
	major: 8
	minor: 0
2026-03-25 15:17:06 DEBUG jdbc:463 - HHH100018: Driver:
	name: MySQL Connector/J
	version: mysql-connector-j-8.0.33 (Revision: 7d6b0800528b6b25c68b52dc10d6c1c8429c100c)
	major: 8
	minor: 0
	JDBC version: 4.2
2026-03-25 15:17:06 WARN  deprecation:152 - HHH90000025: MySQLDialect does not need to be specified explicitly using 'hibernate.dialect' (remove the property setting and it will be selected by default)
2026-03-25 15:17:06 DEBUG dialect:93 - HHH035001: Using dialect: org.hibernate.dialect.MySQLDialect, version: 8.0.42
2026-03-25 15:17:07 DEBUG IdentifierHelperBuilder:205 - IdentifierCaseStrategy for both quoted and unquoted identifiers was set to the same strategy [LOWER]; that will likely lead to problems in schema update and validation if using quoted identifiers
2026-03-25 15:17:07 DEBUG jdbc:379 - HHH100122: Using default JDBC fetch size: 0
2026-03-25 15:17:07 INFO  pooling:179 - HHH10001005: Database info:
	Database JDBC URL [jdbc:mysql://localhost:3306/mla]
	Database driver: MySQL Connector/J
	Database dialect: MySQLDialect
	Database version: 8.0.42
	Default catalog/schema: mla/undefined
	Autocommit mode: false
	Isolation level: REPEATABLE_READ
	JDBC fetch size: none
	Pool: DriverManagerConnectionProvider
	Minimum pool size: 1
	Maximum pool size: 20
2026-03-25 15:17:07 DEBUG factory:230 - HHH90020001: Instantiating factory [955868aa-73af-4ecb-a81d-2e8b8554e115] with settings: {hibernate.format_sql=true, java.specification.version=25, sun.cpu.isalist=amd64, sun.jnu.encoding=Cp1252, hibernate.dialect=org.hibernate.dialect.MySQLDialect, java.class.path=C:\Users\yashaswini.hs\Desktop\Spring-advance\HibernateInheritance\target\classes;C:\Users\yashaswini.hs\.m2\repository\com\mysql\mysql-connector-j\8.0.33\mysql-connector-j-8.0.33.jar;C:\Users\yashaswini.hs\.m2\repository\com\google\protobuf\protobuf-java\3.21.9\protobuf-java-3.21.9.jar;C:\Users\yashaswini.hs\.m2\repository\org\hibernate\orm\hibernate-core\7.3.0.Final\hibernate-core-7.3.0.Final.jar;C:\Users\yashaswini.hs\.m2\repository\jakarta\persistence\jakarta.persistence-api\3.2.0\jakarta.persistence-api-3.2.0.jar;C:\Users\yashaswini.hs\.m2\repository\jakarta\transaction\jakarta.transaction-api\2.0.1\jakarta.transaction-api-2.0.1.jar;C:\Users\yashaswini.hs\.m2\repository\org\jboss\logging\jboss-logging\3.6.1.Final\jboss-logging-3.6.1.Final.jar;C:\Users\yashaswini.hs\.m2\repository\org\hibernate\models\hibernate-models\1.1.0\hibernate-models-1.1.0.jar;C:\Users\yashaswini.hs\.m2\repository\net\bytebuddy\byte-buddy\1.18.7\byte-buddy-1.18.7.jar;C:\Users\yashaswini.hs\.m2\repository\jakarta\xml\bind\jakarta.xml.bind-api\4.0.4\jakarta.xml.bind-api-4.0.4.jar;C:\Users\yashaswini.hs\.m2\repository\jakarta\activation\jakarta.activation-api\2.1.4\jakarta.activation-api-2.1.4.jar;C:\Users\yashaswini.hs\.m2\repository\org\glassfish\jaxb\jaxb-runtime\4.0.6\jaxb-runtime-4.0.6.jar;C:\Users\yashaswini.hs\.m2\repository\org\glassfish\jaxb\jaxb-core\4.0.6\jaxb-core-4.0.6.jar;C:\Users\yashaswini.hs\.m2\repository\org\eclipse\angus\angus-activation\2.0.3\angus-activation-2.0.3.jar;C:\Users\yashaswini.hs\.m2\repository\org\glassfish\jaxb\txw2\4.0.6\txw2-4.0.6.jar;C:\Users\yashaswini.hs\.m2\repository\com\sun\istack\istack-commons-runtime\4.1.2\istack-commons-runtime-4.1.2.jar;C:\Users\yashaswini.hs\.m2\repository\jakarta\inject\jakarta.inject-api\2.0.1\jakarta.inject-api-2.0.1.jar;C:\Users\yashaswini.hs\.m2\repository\org\antlr\antlr4-runtime\4.13.2\antlr4-runtime-4.13.2.jar;C:\Users\yashaswini.hs\.m2\repository\org\apache\logging\log4j\log4j-core\2.17.1\log4j-core-2.17.1.jar;C:\Users\yashaswini.hs\.m2\repository\org\apache\logging\log4j\log4j-api\2.17.1\log4j-api-2.17.1.jar;C:\Users\yashaswini.hs\.m2\repository\org\apache\logging\log4j\log4j-slf4j-impl\2.17.1\log4j-slf4j-impl-2.17.1.jar;C:\Users\yashaswini.hs\.m2\repository\org\slf4j\slf4j-api\1.7.25\slf4j-api-1.7.25.jar, java.vm.vendor=Eclipse Adoptium, sun.arch.data.model=64, hbm2ddl.auto=update, user.variant=, java.vendor.url=https://adoptium.net/, user.timezone=Asia/Calcutta, java.vm.specification.version=25, os.name=Windows 11, sun.java.launcher=SUN_STANDARD, user.country=US, sun.boot.library.path=C:\Users\yashaswini.hs\Downloads\sts-5.1.1.RELEASE\plugins\org.eclipse.justj.openjdk.hotspot.jre.full.win32.x86_64_25.0.2.v20260203-1141\jre\bin, sun.java.command=com.test.InheritanceDemo, jdk.debug=release, sun.cpu.endian=little, user.home=C:\Users\yashaswini.hs, user.language=en, java.specification.vendor=Oracle Corporation, java.version.date=2026-01-20, java.home=C:\Users\yashaswini.hs\Downloads\sts-5.1.1.RELEASE\plugins\org.eclipse.justj.openjdk.hotspot.jre.full.win32.x86_64_25.0.2.v20260203-1141\jre, file.separator=\, java.vm.compressedOopsMode=Zero based, line.separator=
, java.vm.specification.vendor=Oracle Corporation, java.specification.name=Java Platform API Specification, hibernate.hbm2ddl.auto=update, user.script=, sun.management.compiler=HotSpot 64-Bit Tiered Compilers, java.runtime.version=25.0.2+10-LTS, user.name=yashaswini.hs, stdout.encoding=UTF-8, path.separator=;, hibernate.connection.username=****, os.version=10.0, java.runtime.name=OpenJDK Runtime Environment, hibernate.connection.url=jdbc:mysql://localhost:3306/mla, file.encoding=UTF-8, format_sql=true, java.vm.name=OpenJDK 64-Bit Server VM, hibernate.show_sql=true, java.vendor.version=Temurin-25.0.2+10, show_sql=true, hibernate.connection.driver_class=com.mysql.cj.jdbc.Driver, java.vendor.url.bug=https://github.com/adoptium/adoptium-support/issues, java.io.tmpdir=C:\Users\YASHAS~1.HS\AppData\Local\Temp\, java.version=25.0.2, user.dir=C:\Users\yashaswini.hs\Desktop\Spring-advance\HibernateInheritance, os.arch=amd64, java.vm.specification.name=Java Virtual Machine Specification, hibernate.connection.password=****, sun.os.patch.level=, hibernate.boot.CfgXmlAccessService.key=org.hibernate.boot.cfgxml.spi.LoadedConfig@353f472a, native.encoding=Cp1252, java.library.path=C:\Users\yashaswini.hs\Downloads\sts-5.1.1.RELEASE\plugins\org.eclipse.justj.openjdk.hotspot.jre.full.win32.x86_64_25.0.2.v20260203-1141\jre\bin;C:\WINDOWS\Sun\Java\bin;C:\WINDOWS\system32;C:\WINDOWS;C:/Users/yashaswini.hs/Downloads/sts-5.1.1.RELEASE//plugins/org.eclipse.justj.openjdk.hotspot.jre.full.win32.x86_64_25.0.2.v20260203-1141/jre/bin/server;C:/Users/yashaswini.hs/Downloads/sts-5.1.1.RELEASE//plugins/org.eclipse.justj.openjdk.hotspot.jre.full.win32.x86_64_25.0.2.v20260203-1141/jre/bin;C:\Program Files\Microsoft\jdk-11.0.23.9-hotspot\bin;C:\Program Files\Microsoft\jdk-17.0.15.6-hotspot\bin;C:\Program Files\Python313\Scripts\;C:\Program Files\Python313\;%SystemRoot%\system32;%SystemRoot%;%SystemRoot%\System32\Wbem;%SYSTEMROOT%\System32\WindowsPowerShell\v1.0\;%SYSTEMROOT%\System32\OpenSSH\;C:\Program Files\Git\cmd;C:\Program Files\dotnet\;C:\Program Files\apache-maven-3.9.10\bin;C:\Program Files\nodejs\;C:\Program Files\Microsoft VS Code\bin;C:\Program Files\PuTTY\;C:\Program Files (x86)\Microsoft SQL Server\160\DTS\Binn\;C:\Program Files (x86)\Microsoft SQL Server\160\Tools\Binn\;C:\Program Files\Microsoft SQL Server\160\Tools\Binn\;C:\Program Files\Microsoft SQL Server\Client SDK\ODBC\170\Tools\Binn\;C:\Program Files\Microsoft SQL Server\160\DTS\Binn\;C:\Program Files\apache-maven-3.9.10\bin;C:\Program Files\apache-maven-3.9.10\bin;C:\Program Files\apache-maven-3.9.10\bin;C:\Users\yashaswini.hs\AppData\Local\Microsoft\WindowsApps;;C:\Users\yashaswini.hs\Downloads\sts-5.1.1.RELEASE;;., stderr.encoding=UTF-8, java.vendor=Eclipse Adoptium, java.vm.info=mixed mode, sharing, stdin.encoding=Cp1252, java.vm.version=25.0.2+10-LTS, sun.io.unicode.encoding=UnicodeLittle, java.class.version=69.0}
2026-03-25 15:17:07 DEBUG HQL_FUNCTIONS:155 - Available HQL Functions:
	abs(NUMERIC arg)
	Double acos(NUMERIC arg)
	adddate(DATE datetime, INTEGER days)
	addtime(TIME datetime, TIME time)
	Boolean any(BOOLEAN arg)
	Integer ascii(STRING arg)
	Double asin(NUMERIC arg)
	Double atan(NUMERIC arg)
	Double atan2(NUMERIC arg0, NUMERIC arg1)
	avg(arg)
	bit_and(arg)
	Integer bit_length(STRING_OR_CLOB arg)
	bit_or(arg)
	bitand(arg0, arg1)
	bitnot(arg)
	bitor(arg0, arg1)
	bitxor(arg0, arg1)
	cast(arg as Type)
	ceiling(NUMERIC arg)
	Character char(INTEGER arg)
	Integer character_length(STRING_OR_CLOB arg)
	Character chr(INTEGER arg)
	coalesce(arg0[, arg1[, ...]])
	String collate(STRING string as COLLATION collation)
	String concat(STRING string0[, STRING string1[, ...]])
	Double cos(NUMERIC arg)
	Double cosh(NUMERIC arg)
	Double cot(NUMERIC arg)
	Long count([distinct ]{arg|*})
	Integer crc32(arg)
	Double cume_dist([arg0[, ...]])
	Date curdate()
	Date current date
	Date current time
	Date current timestamp
	Date current_date
	Instant current_instant
	Date current_time
	Date current_timestamp
	Date curtime()
	Date date(arg)
	dateadd(TEMPORAL_UNIT field, INTEGER magnitude, TEMPORAL datetime)
	Integer datediff(DATE end, DATE start)
	Integer day(DATE arg)
	String dayname(DATE arg)
	Integer dayofmonth(DATE arg)
	Integer dayofweek(DATE arg)
	Integer dayofyear(DATE arg)
	Double degrees(NUMERIC arg)
	Long dense_rank([arg0[, ...]])
	Boolean every(BOOLEAN arg)
	Double exp(NUMERIC arg)
	extract(TEMPORAL_UNIT field from TEMPORAL arg)
	first_valueANY value
	floor(NUMERIC arg)
	String format(TEMPORAL datetime as STRING pattern)
	greatest(COMPARABLE arg0, COMPARABLE arg1[, arg2[, ...]])
	String hex(arg)
	Integer hour(TIME arg)
	ifnull(arg0, arg1)
	String insert(STRING string, INTEGER start, INTEGER length, STRING replacement)
	Instant instant
	Integer instr(STRING string, STRING pattern[, INTEGER start[, INTEGER occurrence]])
	String json_array([arg0[, ...]])
	String json_array_append(IMPLICIT_JSON arg0, STRING arg1, ANY arg2)
	String json_array_insert(IMPLICIT_JSON arg0, STRING arg1, ANY arg2)
	String json_arrayagg(arg0[, arg1])
	Boolean json_exists(IMPLICIT_JSON arg0, STRING arg1)
	String json_insert(IMPLICIT_JSON arg0, STRING arg1, ANY arg2)
	String json_mergepatch(IMPLICIT_JSON arg0, IMPLICIT_JSON arg1[, arg2[, ...]])
	String json_object( ... )
	String json_objectagg(arg0, arg1[, arg2, arg3])
	String json_query( ... )
	String json_remove(IMPLICIT_JSON arg0, STRING arg1)
	String json_replace(IMPLICIT_JSON arg0, STRING arg1, ANY arg2)
	String json_set(IMPLICIT_JSON arg0, STRING arg1, ANY arg2)
	json_value( ... )
	lagANY value[, INTEGER offset[, ANY default]]
	Date last_day(DATE arg)
	last_valueANY value
	leadANY value[, INTEGER offset[, ANY default]]
	least(COMPARABLE arg0, COMPARABLE arg1[, arg2[, ...]])
	String left(STRING string, INTEGER length)
	Integer length(STRING_OR_CLOB arg)
	String listagg(STRING arg0, STRING arg1)
	Double ln(NUMERIC arg)
	LocalDate local date
	LocalDateTime local datetime
	LocalTime local time
	LocalDate local_date
	LocalDateTime local_datetime
	LocalTime local_time
	Date localtime
	Date localtimestamp
	Integer locate(STRING pattern, STRING string[, INTEGER start])
	Double log(NUMERIC arg0[, NUMERIC arg1])
	Double log10(NUMERIC arg)
	Double log2(NUMERIC arg)
	String lower(STRING string)
	String lpad(string, length[, padding])
	String ltrim(STRING string[, STRING characters])
	Date makedate(INTEGER year, INTEGER dayofyear)
	Date maketime(INTEGER hour, INTEGER min, INTEGER sec)
	max(COMPARABLE arg)
	byte[] md5(arg)
	Integer microsecond(TIME arg)
	min(COMPARABLE arg)
	Integer minute(TIME arg)
	Integer mod(INTEGER arg0, INTEGER arg1)
	Integer month(DATE arg)
	String monthname(DATE arg)
	Date now()
	nth_valueANY value, INTEGER nth
	nullif(arg0, arg1)
	Integer octet_length(STRING_OR_CLOB arg)
	OffsetDateTime offset datetime
	OffsetDateTime offset_datetime
	Integer ordinal(ENUM arg)
	String overlay(STRING string placing STRING replacement from INTEGER start[ for INTEGER length])
	String pad(STRING string with INTEGER length {leading|trailing}[ STRING character])
	Double percent_rank([arg0[, ...]])
	Double pi
	Integer position(STRING pattern in STRING string)
	Double power(NUMERIC arg0, NUMERIC arg1)
	Integer quarter(DATE arg)
	Double radians(NUMERIC arg)
	Double rand([INTEGER seed])
	Long rank([arg0[, ...]])
	Boolean regexp_like(STRING arg0, STRING arg1[, STRING arg2])
	String repeat(STRING string, INTEGER times)
	String replace(STRING string, STRING pattern, STRING replacement)
	String reverse(STRING arg)
	String right(STRING string, INTEGER length)
	round(NUMERIC number[, INTEGER places])
	Long row_number()
	String rpad(string, length[, padding])
	String rtrim(STRING string[, STRING characters])
	Integer second(TIME arg)
	byte[] sha(arg)
	String sha1(arg)
	String sha2(arg0, arg1)
	Integer sign(NUMERIC arg)
	Double sin(NUMERIC arg)
	Double sinh(NUMERIC arg)
	String soundex(arg)
	String space(INTEGER arg)
	sql
	Double sqrt(NUMERIC arg)
	Double stddev(NUMERIC arg)
	Double stddev_pop(NUMERIC arg)
	Double stddev_samp(NUMERIC arg)
	String str(arg)
	String string(ENUM arg)
	subdate(DATE datetime, INTEGER days)
	String substr(STRING string, INTEGER start[, INTEGER length])
	String substring(STRING string{ from|,} INTEGER start[{ for|,} INTEGER length])
	subtime(TIME datetime, TIME time)
	sum(arg)
	Date sysdate()
	Double tan(NUMERIC arg)
	Double tanh(NUMERIC arg)
	String time(arg)
	Date timestamp(arg0[, arg1])
	timestampadd(TEMPORAL_UNIT field, INTEGER magnitude, TEMPORAL datetime)
	Long|Double timestampdiff(TEMPORAL_UNIT field, TEMPORAL start, TEMPORAL end)
	String trim([[{leading|trailing|both} ][STRING arg0 ]from] STRING arg1)
	trunc( ... )
	truncate( ... )
	String upper(STRING string)
	Date utc_date
	Date utc_time
	Date utc_timestamp
	Double var_pop(NUMERIC arg)
	Double var_samp(NUMERIC arg)
	Double variance(NUMERIC arg)
	Integer week(DATE arg)
	Integer year(DATE arg)

2026-03-25 15:17:07 DEBUG core:211 - HHH000513: Unable to create the ReflectionOptimizer for [com.test.FourWheeler]: private accessor [lcn_no]
2026-03-25 15:17:07 DEBUG core:211 - HHH000513: Unable to create the ReflectionOptimizer for [com.test.TwoWheeler]: private accessor [lcn_no]
2026-03-25 15:17:07 DEBUG core:211 - HHH000513: Unable to create the ReflectionOptimizer for [com.test.Vehicle]: private accessor [lcn_no]
2026-03-25 15:17:08 INFO  core:53 - HHH000489: No JTA platform available (set 'hibernate.transaction.jta.platform' to enable JTA platform integration)
2026-03-25 15:17:08 DEBUG service:102 - HHH010454: EventListenerRegistry access via ServiceRegistry is deprecated - use 'sessionFactory.getEventEngine().getListenerRegistry()' instead
2026-03-25 15:17:08 DEBUG SQL:126 - 
    create table four_wheeler (
        id integer not null,
        lcn_no integer not null,
        v_name varchar(255),
        steeringWheel varchar(255),
        primary key (id)
    ) engine=InnoDB
2026-03-25 15:17:08 DEBUG SQL:126 - 
    create table two_wheeler (
        id integer not null,
        lcn_no integer not null,
        v_name varchar(255),
        steeringHandle varchar(255),
        primary key (id)
    ) engine=InnoDB
2026-03-25 15:17:09 DEBUG SQL:126 - 
    create table vehicle (
        id integer not null,
        lcn_no integer not null,
        v_name varchar(255),
        primary key (id)
    ) engine=InnoDB
2026-03-25 15:17:09 DEBUG Table:101 - No alter strings for table: vehicle_SEQ
2026-03-25 15:17:09 DEBUG factoryRegistry:86 - HHH020384: Registering SessionFactory [955868aa-73af-4ecb-a81d-2e8b8554e115] (<unnamed>)
2026-03-25 15:17:09 DEBUG core:151 - HHH006588: Opening session [tenant=null]
2026-03-25 15:17:09 DEBUG core:74 - HHH006583: Beginning transaction
2026-03-25 15:17:09 DEBUG SQL:126 - 
    select
        next_val as id_val 
    from
        vehicle_SEQ 
    for
        update
2026-03-25 15:17:09 DEBUG SQL:126 - 
    update
        vehicle_SEQ 
    set
        next_val= ? 
    where
        next_val=?
2026-03-25 15:17:09 DEBUG core:87 - HHH006584: Committing transaction
2026-03-25 15:17:09 DEBUG event:98 - HHH90060071: Flushed: 4 insertions, 0 updates, 0 deletions to 4 objects
2026-03-25 15:17:09 DEBUG event:104 - HHH90060072: Flushed: 0 (re)creations, 0 updates, 0 removals to 0 collections
2026-03-25 15:17:09 DEBUG core:102 - Listing entities:
2026-03-25 15:17:09 DEBUG core:111 - com.test.TwoWheeler{lcn_no=465, steeringHandle=scooty Steering handle, id=404, v_name=scooter}
2026-03-25 15:17:09 DEBUG core:111 - com.test.FourWheeler{steeringWheel=Ai Steering wheel, lcn_no=0, id=405, v_name=truck}
2026-03-25 15:17:09 DEBUG core:111 - com.test.Vehicle{lcn_no=1234543, id=402, v_name=car}
2026-03-25 15:17:09 DEBUG core:111 - com.test.TwoWheeler{lcn_no=132465, steeringHandle=Bike Steering handle, id=403, v_name=Bike}
2026-03-25 15:17:09 DEBUG SQL:126 - 
    insert 
    into
        vehicle
        (lcn_no, v_name, id) 
    values
        (?, ?, ?)
2026-03-25 15:17:09 DEBUG SQL:126 - 
    insert 
    into
        two_wheeler
        (lcn_no, v_name, steeringHandle, id) 
    values
        (?, ?, ?, ?)
2026-03-25 15:17:09 DEBUG SQL:126 - 
    insert 
    into
        two_wheeler
        (lcn_no, v_name, steeringHandle, id) 
    values
        (?, ?, ?, ?)
2026-03-25 15:17:09 DEBUG SQL:126 - 
    insert 
    into
        four_wheeler
        (lcn_no, v_name, steeringWheel, id) 
    values
        (?, ?, ?, ?)
2026-03-25 15:17:55 DEBUG service:41 - HHH010455: Adding integrator: org.hibernate.boot.beanvalidation.BeanValidationIntegrator
2026-03-25 15:17:55 DEBUG service:41 - HHH010455: Adding integrator: org.hibernate.cache.internal.CollectionCacheInvalidator
2026-03-25 15:17:55 INFO  core:41 - HHH000001: Hibernate ORM core version 7.3.0.Final
2026-03-25 15:17:55 DEBUG core:155 - HHH000206: 'hibernate.properties' not found
2026-03-25 15:17:55 DEBUG boot:97 - HHH160204: cfg.xml document did not define namespaces; wrapping in custom event reader to introduce namespace information
2026-03-25 15:17:55 DEBUG cache:116 - HHH90001031: Cannot default RegionFactory since no RegionFactory strategies were registered
2026-03-25 15:17:55 DEBUG cache:46 - HHH90001029: Second-level cache disabled
2026-03-25 15:17:55 WARN  pooling:86 - HHH10001002: Using built-in connection pool (not intended for production use)
2026-03-25 15:17:56 DEBUG pooling:34 - HHH10001014: Initializing connection pool with 1 connections
2026-03-25 15:17:56 DEBUG jdbc:457 - HHH100017: Database:
	name: MySQL
	version: 8.0.42
	major: 8
	minor: 0
2026-03-25 15:17:56 DEBUG jdbc:463 - HHH100018: Driver:
	name: MySQL Connector/J
	version: mysql-connector-j-8.0.33 (Revision: 7d6b0800528b6b25c68b52dc10d6c1c8429c100c)
	major: 8
	minor: 0
	JDBC version: 4.2
2026-03-25 15:17:56 WARN  deprecation:152 - HHH90000025: MySQLDialect does not need to be specified explicitly using 'hibernate.dialect' (remove the property setting and it will be selected by default)
2026-03-25 15:17:56 DEBUG dialect:93 - HHH035001: Using dialect: org.hibernate.dialect.MySQLDialect, version: 8.0.42
2026-03-25 15:17:56 DEBUG IdentifierHelperBuilder:205 - IdentifierCaseStrategy for both quoted and unquoted identifiers was set to the same strategy [LOWER]; that will likely lead to problems in schema update and validation if using quoted identifiers
2026-03-25 15:17:56 DEBUG jdbc:379 - HHH100122: Using default JDBC fetch size: 0
2026-03-25 15:17:56 INFO  pooling:179 - HHH10001005: Database info:
	Database JDBC URL [jdbc:mysql://localhost:3306/mla]
	Database driver: MySQL Connector/J
	Database dialect: MySQLDialect
	Database version: 8.0.42
	Default catalog/schema: mla/undefined
	Autocommit mode: false
	Isolation level: REPEATABLE_READ
	JDBC fetch size: none
	Pool: DriverManagerConnectionProvider
	Minimum pool size: 1
	Maximum pool size: 20
2026-03-25 15:17:56 DEBUG factory:230 - HHH90020001: Instantiating factory [8746bfba-021d-4c4c-8fb4-381ed60536b0] with settings: {hibernate.format_sql=true, java.specification.version=25, sun.cpu.isalist=amd64, sun.jnu.encoding=Cp1252, hibernate.dialect=org.hibernate.dialect.MySQLDialect, java.class.path=C:\Users\yashaswini.hs\Desktop\Spring-advance\HibernateInheritance\target\classes;C:\Users\yashaswini.hs\.m2\repository\com\mysql\mysql-connector-j\8.0.33\mysql-connector-j-8.0.33.jar;C:\Users\yashaswini.hs\.m2\repository\com\google\protobuf\protobuf-java\3.21.9\protobuf-java-3.21.9.jar;C:\Users\yashaswini.hs\.m2\repository\org\hibernate\orm\hibernate-core\7.3.0.Final\hibernate-core-7.3.0.Final.jar;C:\Users\yashaswini.hs\.m2\repository\jakarta\persistence\jakarta.persistence-api\3.2.0\jakarta.persistence-api-3.2.0.jar;C:\Users\yashaswini.hs\.m2\repository\jakarta\transaction\jakarta.transaction-api\2.0.1\jakarta.transaction-api-2.0.1.jar;C:\Users\yashaswini.hs\.m2\repository\org\jboss\logging\jboss-logging\3.6.1.Final\jboss-logging-3.6.1.Final.jar;C:\Users\yashaswini.hs\.m2\repository\org\hibernate\models\hibernate-models\1.1.0\hibernate-models-1.1.0.jar;C:\Users\yashaswini.hs\.m2\repository\net\bytebuddy\byte-buddy\1.18.7\byte-buddy-1.18.7.jar;C:\Users\yashaswini.hs\.m2\repository\jakarta\xml\bind\jakarta.xml.bind-api\4.0.4\jakarta.xml.bind-api-4.0.4.jar;C:\Users\yashaswini.hs\.m2\repository\jakarta\activation\jakarta.activation-api\2.1.4\jakarta.activation-api-2.1.4.jar;C:\Users\yashaswini.hs\.m2\repository\org\glassfish\jaxb\jaxb-runtime\4.0.6\jaxb-runtime-4.0.6.jar;C:\Users\yashaswini.hs\.m2\repository\org\glassfish\jaxb\jaxb-core\4.0.6\jaxb-core-4.0.6.jar;C:\Users\yashaswini.hs\.m2\repository\org\eclipse\angus\angus-activation\2.0.3\angus-activation-2.0.3.jar;C:\Users\yashaswini.hs\.m2\repository\org\glassfish\jaxb\txw2\4.0.6\txw2-4.0.6.jar;C:\Users\yashaswini.hs\.m2\repository\com\sun\istack\istack-commons-runtime\4.1.2\istack-commons-runtime-4.1.2.jar;C:\Users\yashaswini.hs\.m2\repository\jakarta\inject\jakarta.inject-api\2.0.1\jakarta.inject-api-2.0.1.jar;C:\Users\yashaswini.hs\.m2\repository\org\antlr\antlr4-runtime\4.13.2\antlr4-runtime-4.13.2.jar;C:\Users\yashaswini.hs\.m2\repository\org\apache\logging\log4j\log4j-core\2.17.1\log4j-core-2.17.1.jar;C:\Users\yashaswini.hs\.m2\repository\org\apache\logging\log4j\log4j-api\2.17.1\log4j-api-2.17.1.jar;C:\Users\yashaswini.hs\.m2\repository\org\apache\logging\log4j\log4j-slf4j-impl\2.17.1\log4j-slf4j-impl-2.17.1.jar;C:\Users\yashaswini.hs\.m2\repository\org\slf4j\slf4j-api\1.7.25\slf4j-api-1.7.25.jar, java.vm.vendor=Eclipse Adoptium, sun.arch.data.model=64, hbm2ddl.auto=update, user.variant=, java.vendor.url=https://adoptium.net/, user.timezone=Asia/Calcutta, java.vm.specification.version=25, os.name=Windows 11, sun.java.launcher=SUN_STANDARD, user.country=US, sun.boot.library.path=C:\Users\yashaswini.hs\Downloads\sts-5.1.1.RELEASE\plugins\org.eclipse.justj.openjdk.hotspot.jre.full.win32.x86_64_25.0.2.v20260203-1141\jre\bin, sun.java.command=com.test.InheritanceDemo, jdk.debug=release, sun.cpu.endian=little, user.home=C:\Users\yashaswini.hs, user.language=en, java.specification.vendor=Oracle Corporation, java.version.date=2026-01-20, java.home=C:\Users\yashaswini.hs\Downloads\sts-5.1.1.RELEASE\plugins\org.eclipse.justj.openjdk.hotspot.jre.full.win32.x86_64_25.0.2.v20260203-1141\jre, file.separator=\, java.vm.compressedOopsMode=Zero based, line.separator=
, java.vm.specification.vendor=Oracle Corporation, java.specification.name=Java Platform API Specification, hibernate.hbm2ddl.auto=update, user.script=, sun.management.compiler=HotSpot 64-Bit Tiered Compilers, java.runtime.version=25.0.2+10-LTS, user.name=yashaswini.hs, stdout.encoding=UTF-8, path.separator=;, hibernate.connection.username=****, os.version=10.0, java.runtime.name=OpenJDK Runtime Environment, hibernate.connection.url=jdbc:mysql://localhost:3306/mla, file.encoding=UTF-8, format_sql=true, java.vm.name=OpenJDK 64-Bit Server VM, hibernate.show_sql=true, java.vendor.version=Temurin-25.0.2+10, show_sql=true, hibernate.connection.driver_class=com.mysql.cj.jdbc.Driver, java.vendor.url.bug=https://github.com/adoptium/adoptium-support/issues, java.io.tmpdir=C:\Users\YASHAS~1.HS\AppData\Local\Temp\, java.version=25.0.2, user.dir=C:\Users\yashaswini.hs\Desktop\Spring-advance\HibernateInheritance, os.arch=amd64, java.vm.specification.name=Java Virtual Machine Specification, hibernate.connection.password=****, sun.os.patch.level=, hibernate.boot.CfgXmlAccessService.key=org.hibernate.boot.cfgxml.spi.LoadedConfig@5bf9ea6b, native.encoding=Cp1252, java.library.path=C:\Users\yashaswini.hs\Downloads\sts-5.1.1.RELEASE\plugins\org.eclipse.justj.openjdk.hotspot.jre.full.win32.x86_64_25.0.2.v20260203-1141\jre\bin;C:\WINDOWS\Sun\Java\bin;C:\WINDOWS\system32;C:\WINDOWS;C:/Users/yashaswini.hs/Downloads/sts-5.1.1.RELEASE//plugins/org.eclipse.justj.openjdk.hotspot.jre.full.win32.x86_64_25.0.2.v20260203-1141/jre/bin/server;C:/Users/yashaswini.hs/Downloads/sts-5.1.1.RELEASE//plugins/org.eclipse.justj.openjdk.hotspot.jre.full.win32.x86_64_25.0.2.v20260203-1141/jre/bin;C:\Program Files\Microsoft\jdk-11.0.23.9-hotspot\bin;C:\Program Files\Microsoft\jdk-17.0.15.6-hotspot\bin;C:\Program Files\Python313\Scripts\;C:\Program Files\Python313\;%SystemRoot%\system32;%SystemRoot%;%SystemRoot%\System32\Wbem;%SYSTEMROOT%\System32\WindowsPowerShell\v1.0\;%SYSTEMROOT%\System32\OpenSSH\;C:\Program Files\Git\cmd;C:\Program Files\dotnet\;C:\Program Files\apache-maven-3.9.10\bin;C:\Program Files\nodejs\;C:\Program Files\Microsoft VS Code\bin;C:\Program Files\PuTTY\;C:\Program Files (x86)\Microsoft SQL Server\160\DTS\Binn\;C:\Program Files (x86)\Microsoft SQL Server\160\Tools\Binn\;C:\Program Files\Microsoft SQL Server\160\Tools\Binn\;C:\Program Files\Microsoft SQL Server\Client SDK\ODBC\170\Tools\Binn\;C:\Program Files\Microsoft SQL Server\160\DTS\Binn\;C:\Program Files\apache-maven-3.9.10\bin;C:\Program Files\apache-maven-3.9.10\bin;C:\Program Files\apache-maven-3.9.10\bin;C:\Users\yashaswini.hs\AppData\Local\Microsoft\WindowsApps;;C:\Users\yashaswini.hs\Downloads\sts-5.1.1.RELEASE;;., stderr.encoding=UTF-8, java.vendor=Eclipse Adoptium, java.vm.info=mixed mode, sharing, stdin.encoding=Cp1252, java.vm.version=25.0.2+10-LTS, sun.io.unicode.encoding=UnicodeLittle, java.class.version=69.0}
2026-03-25 15:17:56 DEBUG HQL_FUNCTIONS:155 - Available HQL Functions:
	abs(NUMERIC arg)
	Double acos(NUMERIC arg)
	adddate(DATE datetime, INTEGER days)
	addtime(TIME datetime, TIME time)
	Boolean any(BOOLEAN arg)
	Integer ascii(STRING arg)
	Double asin(NUMERIC arg)
	Double atan(NUMERIC arg)
	Double atan2(NUMERIC arg0, NUMERIC arg1)
	avg(arg)
	bit_and(arg)
	Integer bit_length(STRING_OR_CLOB arg)
	bit_or(arg)
	bitand(arg0, arg1)
	bitnot(arg)
	bitor(arg0, arg1)
	bitxor(arg0, arg1)
	cast(arg as Type)
	ceiling(NUMERIC arg)
	Character char(INTEGER arg)
	Integer character_length(STRING_OR_CLOB arg)
	Character chr(INTEGER arg)
	coalesce(arg0[, arg1[, ...]])
	String collate(STRING string as COLLATION collation)
	String concat(STRING string0[, STRING string1[, ...]])
	Double cos(NUMERIC arg)
	Double cosh(NUMERIC arg)
	Double cot(NUMERIC arg)
	Long count([distinct ]{arg|*})
	Integer crc32(arg)
	Double cume_dist([arg0[, ...]])
	Date curdate()
	Date current date
	Date current time
	Date current timestamp
	Date current_date
	Instant current_instant
	Date current_time
	Date current_timestamp
	Date curtime()
	Date date(arg)
	dateadd(TEMPORAL_UNIT field, INTEGER magnitude, TEMPORAL datetime)
	Integer datediff(DATE end, DATE start)
	Integer day(DATE arg)
	String dayname(DATE arg)
	Integer dayofmonth(DATE arg)
	Integer dayofweek(DATE arg)
	Integer dayofyear(DATE arg)
	Double degrees(NUMERIC arg)
	Long dense_rank([arg0[, ...]])
	Boolean every(BOOLEAN arg)
	Double exp(NUMERIC arg)
	extract(TEMPORAL_UNIT field from TEMPORAL arg)
	first_valueANY value
	floor(NUMERIC arg)
	String format(TEMPORAL datetime as STRING pattern)
	greatest(COMPARABLE arg0, COMPARABLE arg1[, arg2[, ...]])
	String hex(arg)
	Integer hour(TIME arg)
	ifnull(arg0, arg1)
	String insert(STRING string, INTEGER start, INTEGER length, STRING replacement)
	Instant instant
	Integer instr(STRING string, STRING pattern[, INTEGER start[, INTEGER occurrence]])
	String json_array([arg0[, ...]])
	String json_array_append(IMPLICIT_JSON arg0, STRING arg1, ANY arg2)
	String json_array_insert(IMPLICIT_JSON arg0, STRING arg1, ANY arg2)
	String json_arrayagg(arg0[, arg1])
	Boolean json_exists(IMPLICIT_JSON arg0, STRING arg1)
	String json_insert(IMPLICIT_JSON arg0, STRING arg1, ANY arg2)
	String json_mergepatch(IMPLICIT_JSON arg0, IMPLICIT_JSON arg1[, arg2[, ...]])
	String json_object( ... )
	String json_objectagg(arg0, arg1[, arg2, arg3])
	String json_query( ... )
	String json_remove(IMPLICIT_JSON arg0, STRING arg1)
	String json_replace(IMPLICIT_JSON arg0, STRING arg1, ANY arg2)
	String json_set(IMPLICIT_JSON arg0, STRING arg1, ANY arg2)
	json_value( ... )
	lagANY value[, INTEGER offset[, ANY default]]
	Date last_day(DATE arg)
	last_valueANY value
	leadANY value[, INTEGER offset[, ANY default]]
	least(COMPARABLE arg0, COMPARABLE arg1[, arg2[, ...]])
	String left(STRING string, INTEGER length)
	Integer length(STRING_OR_CLOB arg)
	String listagg(STRING arg0, STRING arg1)
	Double ln(NUMERIC arg)
	LocalDate local date
	LocalDateTime local datetime
	LocalTime local time
	LocalDate local_date
	LocalDateTime local_datetime
	LocalTime local_time
	Date localtime
	Date localtimestamp
	Integer locate(STRING pattern, STRING string[, INTEGER start])
	Double log(NUMERIC arg0[, NUMERIC arg1])
	Double log10(NUMERIC arg)
	Double log2(NUMERIC arg)
	String lower(STRING string)
	String lpad(string, length[, padding])
	String ltrim(STRING string[, STRING characters])
	Date makedate(INTEGER year, INTEGER dayofyear)
	Date maketime(INTEGER hour, INTEGER min, INTEGER sec)
	max(COMPARABLE arg)
	byte[] md5(arg)
	Integer microsecond(TIME arg)
	min(COMPARABLE arg)
	Integer minute(TIME arg)
	Integer mod(INTEGER arg0, INTEGER arg1)
	Integer month(DATE arg)
	String monthname(DATE arg)
	Date now()
	nth_valueANY value, INTEGER nth
	nullif(arg0, arg1)
	Integer octet_length(STRING_OR_CLOB arg)
	OffsetDateTime offset datetime
	OffsetDateTime offset_datetime
	Integer ordinal(ENUM arg)
	String overlay(STRING string placing STRING replacement from INTEGER start[ for INTEGER length])
	String pad(STRING string with INTEGER length {leading|trailing}[ STRING character])
	Double percent_rank([arg0[, ...]])
	Double pi
	Integer position(STRING pattern in STRING string)
	Double power(NUMERIC arg0, NUMERIC arg1)
	Integer quarter(DATE arg)
	Double radians(NUMERIC arg)
	Double rand([INTEGER seed])
	Long rank([arg0[, ...]])
	Boolean regexp_like(STRING arg0, STRING arg1[, STRING arg2])
	String repeat(STRING string, INTEGER times)
	String replace(STRING string, STRING pattern, STRING replacement)
	String reverse(STRING arg)
	String right(STRING string, INTEGER length)
	round(NUMERIC number[, INTEGER places])
	Long row_number()
	String rpad(string, length[, padding])
	String rtrim(STRING string[, STRING characters])
	Integer second(TIME arg)
	byte[] sha(arg)
	String sha1(arg)
	String sha2(arg0, arg1)
	Integer sign(NUMERIC arg)
	Double sin(NUMERIC arg)
	Double sinh(NUMERIC arg)
	String soundex(arg)
	String space(INTEGER arg)
	sql
	Double sqrt(NUMERIC arg)
	Double stddev(NUMERIC arg)
	Double stddev_pop(NUMERIC arg)
	Double stddev_samp(NUMERIC arg)
	String str(arg)
	String string(ENUM arg)
	subdate(DATE datetime, INTEGER days)
	String substr(STRING string, INTEGER start[, INTEGER length])
	String substring(STRING string{ from|,} INTEGER start[{ for|,} INTEGER length])
	subtime(TIME datetime, TIME time)
	sum(arg)
	Date sysdate()
	Double tan(NUMERIC arg)
	Double tanh(NUMERIC arg)
	String time(arg)
	Date timestamp(arg0[, arg1])
	timestampadd(TEMPORAL_UNIT field, INTEGER magnitude, TEMPORAL datetime)
	Long|Double timestampdiff(TEMPORAL_UNIT field, TEMPORAL start, TEMPORAL end)
	String trim([[{leading|trailing|both} ][STRING arg0 ]from] STRING arg1)
	trunc( ... )
	truncate( ... )
	String upper(STRING string)
	Date utc_date
	Date utc_time
	Date utc_timestamp
	Double var_pop(NUMERIC arg)
	Double var_samp(NUMERIC arg)
	Double variance(NUMERIC arg)
	Integer week(DATE arg)
	Integer year(DATE arg)

2026-03-25 15:17:57 DEBUG core:211 - HHH000513: Unable to create the ReflectionOptimizer for [com.test.FourWheeler]: private accessor [lcn_no]
2026-03-25 15:17:57 DEBUG core:211 - HHH000513: Unable to create the ReflectionOptimizer for [com.test.TwoWheeler]: private accessor [lcn_no]
2026-03-25 15:17:57 DEBUG core:211 - HHH000513: Unable to create the ReflectionOptimizer for [com.test.Vehicle]: private accessor [lcn_no]
2026-03-25 15:17:57 INFO  core:53 - HHH000489: No JTA platform available (set 'hibernate.transaction.jta.platform' to enable JTA platform integration)
2026-03-25 15:17:57 DEBUG service:102 - HHH010454: EventListenerRegistry access via ServiceRegistry is deprecated - use 'sessionFactory.getEventEngine().getListenerRegistry()' instead
2026-03-25 15:17:57 DEBUG Table:101 - No alter strings for table: four_wheeler
2026-03-25 15:17:57 DEBUG Table:101 - No alter strings for table: two_wheeler
2026-03-25 15:17:57 DEBUG Table:101 - No alter strings for table: vehicle
2026-03-25 15:17:57 DEBUG Table:101 - No alter strings for table: vehicle_SEQ
2026-03-25 15:17:57 DEBUG SQL:126 - 
    alter table four_wheeler 
       add constraint FK3cau1dw821e2i9pqxg0j4k00y 
       foreign key (id) 
       references vehicle (id)
2026-03-25 15:17:58 WARN  ExceptionHandlerLoggedImpl:25 - GenerationTarget encountered exception accepting command : Error executing DDL "
    alter table four_wheeler 
       add constraint FK3cau1dw821e2i9pqxg0j4k00y 
       foreign key (id) 
       references vehicle (id)" via JDBC [Cannot add or update a child row: a foreign key constraint fails (`mla`.`#sql-1b34_80`, CONSTRAINT `FK3cau1dw821e2i9pqxg0j4k00y` FOREIGN KEY (`id`) REFERENCES `vehicle` (`id`))]
org.hibernate.tool.schema.spi.CommandAcceptanceException: Error executing DDL "
    alter table four_wheeler 
       add constraint FK3cau1dw821e2i9pqxg0j4k00y 
       foreign key (id) 
       references vehicle (id)" via JDBC [Cannot add or update a child row: a foreign key constraint fails (`mla`.`#sql-1b34_80`, CONSTRAINT `FK3cau1dw821e2i9pqxg0j4k00y` FOREIGN KEY (`id`) REFERENCES `vehicle` (`id`))]
	at org.hibernate.tool.schema.internal.exec.GenerationTargetToDatabase.accept(GenerationTargetToDatabase.java:81) ~[hibernate-core-7.3.0.Final.jar:7.3.0.Final]
	at org.hibernate.tool.schema.internal.AbstractSchemaMigrator.applySqlString(AbstractSchemaMigrator.java:566) [hibernate-core-7.3.0.Final.jar:7.3.0.Final]
	at org.hibernate.tool.schema.internal.AbstractSchemaMigrator.applySqlStrings(AbstractSchemaMigrator.java:506) [hibernate-core-7.3.0.Final.jar:7.3.0.Final]
	at org.hibernate.tool.schema.internal.AbstractSchemaMigrator.applyForeignKeys(AbstractSchemaMigrator.java:438) [hibernate-core-7.3.0.Final.jar:7.3.0.Final]
	at org.hibernate.tool.schema.internal.AbstractSchemaMigrator.performMigration(AbstractSchemaMigrator.java:256) [hibernate-core-7.3.0.Final.jar:7.3.0.Final]
	at org.hibernate.tool.schema.internal.AbstractSchemaMigrator.doMigration(AbstractSchemaMigrator.java:96) [hibernate-core-7.3.0.Final.jar:7.3.0.Final]
	at org.hibernate.tool.schema.spi.SchemaManagementToolCoordinator.performDatabaseAction(SchemaManagementToolCoordinator.java:269) [hibernate-core-7.3.0.Final.jar:7.3.0.Final]
	at org.hibernate.tool.schema.spi.SchemaManagementToolCoordinator.lambda$process$1(SchemaManagementToolCoordinator.java:101) [hibernate-core-7.3.0.Final.jar:7.3.0.Final]
	at java.util.HashMap.forEach(HashMap.java:1430) [?:?]
	at org.hibernate.tool.schema.spi.SchemaManagementToolCoordinator.process(SchemaManagementToolCoordinator.java:100) [hibernate-core-7.3.0.Final.jar:7.3.0.Final]
	at org.hibernate.boot.internal.SessionFactoryObserverForSchemaExport.sessionFactoryCreated(SessionFactoryObserverForSchemaExport.java:35) [hibernate-core-7.3.0.Final.jar:7.3.0.Final]
	at org.hibernate.internal.SessionFactoryObserverChain.sessionFactoryCreated(SessionFactoryObserverChain.java:33) [hibernate-core-7.3.0.Final.jar:7.3.0.Final]
	at org.hibernate.internal.SessionFactoryImpl.<init>(SessionFactoryImpl.java:323) [hibernate-core-7.3.0.Final.jar:7.3.0.Final]
	at org.hibernate.internal.SessionFactoryRegistry.instantiateSessionFactory(SessionFactoryRegistry.java:64) [hibernate-core-7.3.0.Final.jar:7.3.0.Final]
	at org.hibernate.boot.internal.SessionFactoryBuilderImpl.build(SessionFactoryBuilderImpl.java:444) [hibernate-core-7.3.0.Final.jar:7.3.0.Final]
	at org.hibernate.cfg.Configuration.buildSessionFactory(Configuration.java:1112) [hibernate-core-7.3.0.Final.jar:7.3.0.Final]
	at org.hibernate.cfg.Configuration.buildSessionFactory(Configuration.java:1131) [hibernate-core-7.3.0.Final.jar:7.3.0.Final]
	at com.test.InheritanceDemo.main(InheritanceDemo.java:13) [classes/:?]
Caused by: java.sql.SQLIntegrityConstraintViolationException: Cannot add or update a child row: a foreign key constraint fails (`mla`.`#sql-1b34_80`, CONSTRAINT `FK3cau1dw821e2i9pqxg0j4k00y` FOREIGN KEY (`id`) REFERENCES `vehicle` (`id`))
	at com.mysql.cj.jdbc.exceptions.SQLError.createSQLException(SQLError.java:118) ~[mysql-connector-j-8.0.33.jar:8.0.33]
	at com.mysql.cj.jdbc.exceptions.SQLExceptionsMapping.translateException(SQLExceptionsMapping.java:122) ~[mysql-connector-j-8.0.33.jar:8.0.33]
	at com.mysql.cj.jdbc.StatementImpl.executeInternal(StatementImpl.java:763) ~[mysql-connector-j-8.0.33.jar:8.0.33]
	at com.mysql.cj.jdbc.StatementImpl.execute(StatementImpl.java:648) ~[mysql-connector-j-8.0.33.jar:8.0.33]
	at org.hibernate.tool.schema.internal.exec.GenerationTargetToDatabase.accept(GenerationTargetToDatabase.java:76) ~[hibernate-core-7.3.0.Final.jar:7.3.0.Final]
	... 17 more
2026-03-25 15:17:58 DEBUG SQL:126 - 
    alter table two_wheeler 
       add constraint FK5oet9f45jc84c7gnma39jy9x8 
       foreign key (id) 
       references vehicle (id)
2026-03-25 15:17:58 WARN  ExceptionHandlerLoggedImpl:25 - GenerationTarget encountered exception accepting command : Error executing DDL "
    alter table two_wheeler 
       add constraint FK5oet9f45jc84c7gnma39jy9x8 
       foreign key (id) 
       references vehicle (id)" via JDBC [Cannot add or update a child row: a foreign key constraint fails (`mla`.`#sql-1b34_80`, CONSTRAINT `FK5oet9f45jc84c7gnma39jy9x8` FOREIGN KEY (`id`) REFERENCES `vehicle` (`id`))]
org.hibernate.tool.schema.spi.CommandAcceptanceException: Error executing DDL "
    alter table two_wheeler 
       add constraint FK5oet9f45jc84c7gnma39jy9x8 
       foreign key (id) 
       references vehicle (id)" via JDBC [Cannot add or update a child row: a foreign key constraint fails (`mla`.`#sql-1b34_80`, CONSTRAINT `FK5oet9f45jc84c7gnma39jy9x8` FOREIGN KEY (`id`) REFERENCES `vehicle` (`id`))]
	at org.hibernate.tool.schema.internal.exec.GenerationTargetToDatabase.accept(GenerationTargetToDatabase.java:81) ~[hibernate-core-7.3.0.Final.jar:7.3.0.Final]
	at org.hibernate.tool.schema.internal.AbstractSchemaMigrator.applySqlString(AbstractSchemaMigrator.java:566) [hibernate-core-7.3.0.Final.jar:7.3.0.Final]
	at org.hibernate.tool.schema.internal.AbstractSchemaMigrator.applySqlStrings(AbstractSchemaMigrator.java:506) [hibernate-core-7.3.0.Final.jar:7.3.0.Final]
	at org.hibernate.tool.schema.internal.AbstractSchemaMigrator.applyForeignKeys(AbstractSchemaMigrator.java:438) [hibernate-core-7.3.0.Final.jar:7.3.0.Final]
	at org.hibernate.tool.schema.internal.AbstractSchemaMigrator.performMigration(AbstractSchemaMigrator.java:256) [hibernate-core-7.3.0.Final.jar:7.3.0.Final]
	at org.hibernate.tool.schema.internal.AbstractSchemaMigrator.doMigration(AbstractSchemaMigrator.java:96) [hibernate-core-7.3.0.Final.jar:7.3.0.Final]
	at org.hibernate.tool.schema.spi.SchemaManagementToolCoordinator.performDatabaseAction(SchemaManagementToolCoordinator.java:269) [hibernate-core-7.3.0.Final.jar:7.3.0.Final]
	at org.hibernate.tool.schema.spi.SchemaManagementToolCoordinator.lambda$process$1(SchemaManagementToolCoordinator.java:101) [hibernate-core-7.3.0.Final.jar:7.3.0.Final]
	at java.util.HashMap.forEach(HashMap.java:1430) [?:?]
	at org.hibernate.tool.schema.spi.SchemaManagementToolCoordinator.process(SchemaManagementToolCoordinator.java:100) [hibernate-core-7.3.0.Final.jar:7.3.0.Final]
	at org.hibernate.boot.internal.SessionFactoryObserverForSchemaExport.sessionFactoryCreated(SessionFactoryObserverForSchemaExport.java:35) [hibernate-core-7.3.0.Final.jar:7.3.0.Final]
	at org.hibernate.internal.SessionFactoryObserverChain.sessionFactoryCreated(SessionFactoryObserverChain.java:33) [hibernate-core-7.3.0.Final.jar:7.3.0.Final]
	at org.hibernate.internal.SessionFactoryImpl.<init>(SessionFactoryImpl.java:323) [hibernate-core-7.3.0.Final.jar:7.3.0.Final]
	at org.hibernate.internal.SessionFactoryRegistry.instantiateSessionFactory(SessionFactoryRegistry.java:64) [hibernate-core-7.3.0.Final.jar:7.3.0.Final]
	at org.hibernate.boot.internal.SessionFactoryBuilderImpl.build(SessionFactoryBuilderImpl.java:444) [hibernate-core-7.3.0.Final.jar:7.3.0.Final]
	at org.hibernate.cfg.Configuration.buildSessionFactory(Configuration.java:1112) [hibernate-core-7.3.0.Final.jar:7.3.0.Final]
	at org.hibernate.cfg.Configuration.buildSessionFactory(Configuration.java:1131) [hibernate-core-7.3.0.Final.jar:7.3.0.Final]
	at com.test.InheritanceDemo.main(InheritanceDemo.java:13) [classes/:?]
Caused by: java.sql.SQLIntegrityConstraintViolationException: Cannot add or update a child row: a foreign key constraint fails (`mla`.`#sql-1b34_80`, CONSTRAINT `FK5oet9f45jc84c7gnma39jy9x8` FOREIGN KEY (`id`) REFERENCES `vehicle` (`id`))
	at com.mysql.cj.jdbc.exceptions.SQLError.createSQLException(SQLError.java:118) ~[mysql-connector-j-8.0.33.jar:8.0.33]
	at com.mysql.cj.jdbc.exceptions.SQLExceptionsMapping.translateException(SQLExceptionsMapping.java:122) ~[mysql-connector-j-8.0.33.jar:8.0.33]
	at com.mysql.cj.jdbc.StatementImpl.executeInternal(StatementImpl.java:763) ~[mysql-connector-j-8.0.33.jar:8.0.33]
	at com.mysql.cj.jdbc.StatementImpl.execute(StatementImpl.java:648) ~[mysql-connector-j-8.0.33.jar:8.0.33]
	at org.hibernate.tool.schema.internal.exec.GenerationTargetToDatabase.accept(GenerationTargetToDatabase.java:76) ~[hibernate-core-7.3.0.Final.jar:7.3.0.Final]
	... 17 more
2026-03-25 15:17:58 DEBUG factoryRegistry:86 - HHH020384: Registering SessionFactory [8746bfba-021d-4c4c-8fb4-381ed60536b0] (<unnamed>)
2026-03-25 15:17:58 DEBUG core:151 - HHH006588: Opening session [tenant=null]
2026-03-25 15:17:58 DEBUG core:74 - HHH006583: Beginning transaction
2026-03-25 15:17:58 DEBUG SQL:126 - 
    select
        next_val as id_val 
    from
        vehicle_SEQ 
    for
        update
2026-03-25 15:17:58 DEBUG SQL:126 - 
    update
        vehicle_SEQ 
    set
        next_val= ? 
    where
        next_val=?
2026-03-25 15:17:58 DEBUG core:87 - HHH006584: Committing transaction
2026-03-25 15:17:58 DEBUG event:98 - HHH90060071: Flushed: 4 insertions, 0 updates, 0 deletions to 4 objects
2026-03-25 15:17:58 DEBUG event:104 - HHH90060072: Flushed: 0 (re)creations, 0 updates, 0 removals to 0 collections
2026-03-25 15:17:58 DEBUG core:102 - Listing entities:
2026-03-25 15:17:58 DEBUG core:111 - com.test.Vehicle{lcn_no=1234543, id=452, v_name=car}
2026-03-25 15:17:58 DEBUG core:111 - com.test.TwoWheeler{lcn_no=132465, steeringHandle=Bike Steering handle, id=453, v_name=Bike}
2026-03-25 15:17:58 DEBUG core:111 - com.test.TwoWheeler{lcn_no=465, steeringHandle=scooty Steering handle, id=454, v_name=scooter}
2026-03-25 15:17:58 DEBUG core:111 - com.test.FourWheeler{steeringWheel=Ai Steering wheel, lcn_no=0, id=455, v_name=truck}
2026-03-25 15:17:58 DEBUG SQL:126 - 
    insert 
    into
        vehicle
        (lcn_no, v_name, id) 
    values
        (?, ?, ?)
2026-03-25 15:17:58 DEBUG SQL:126 - 
    insert 
    into
        vehicle
        (lcn_no, v_name, id) 
    values
        (?, ?, ?)
2026-03-25 15:17:58 DEBUG SQL:126 - 
    insert 
    into
        two_wheeler
        (steeringHandle, id) 
    values
        (?, ?)
2026-03-25 15:17:58 WARN  error:143 - HHH000247: ErrorCode: 1364, SQLState: HY000
2026-03-25 15:17:58 WARN  error:144 - Field 'lcn_no' doesn't have a default value
2026-03-25 15:17:58 DEBUG error:150 - could not execute statement [insert into two_wheeler (steeringHandle,id) values (?,?)]
java.sql.SQLException: Field 'lcn_no' doesn't have a default value
	at com.mysql.cj.jdbc.exceptions.SQLError.createSQLException(SQLError.java:130) ~[mysql-connector-j-8.0.33.jar:8.0.33]
	at com.mysql.cj.jdbc.exceptions.SQLExceptionsMapping.translateException(SQLExceptionsMapping.java:122) ~[mysql-connector-j-8.0.33.jar:8.0.33]
	at com.mysql.cj.jdbc.ClientPreparedStatement.executeInternal(ClientPreparedStatement.java:916) ~[mysql-connector-j-8.0.33.jar:8.0.33]
	at com.mysql.cj.jdbc.ClientPreparedStatement.executeUpdateInternal(ClientPreparedStatement.java:1061) ~[mysql-connector-j-8.0.33.jar:8.0.33]
	at com.mysql.cj.jdbc.ClientPreparedStatement.executeUpdateInternal(ClientPreparedStatement.java:1009) ~[mysql-connector-j-8.0.33.jar:8.0.33]
	at com.mysql.cj.jdbc.ClientPreparedStatement.executeLargeUpdate(ClientPreparedStatement.java:1320) ~[mysql-connector-j-8.0.33.jar:8.0.33]
	at com.mysql.cj.jdbc.ClientPreparedStatement.executeUpdate(ClientPreparedStatement.java:994) ~[mysql-connector-j-8.0.33.jar:8.0.33]
	at org.hibernate.engine.jdbc.internal.ResultSetReturnImpl.executeUpdate(ResultSetReturnImpl.java:185) [hibernate-core-7.3.0.Final.jar:7.3.0.Final]
	at org.hibernate.engine.jdbc.mutation.internal.AbstractMutationExecutor.performNonBatchedMutation(AbstractMutationExecutor.java:145) [hibernate-core-7.3.0.Final.jar:7.3.0.Final]
	at org.hibernate.engine.jdbc.mutation.internal.MutationExecutorStandard.lambda$performNonBatchedOperations$1(MutationExecutorStandard.java:268) [hibernate-core-7.3.0.Final.jar:7.3.0.Final]
	at java.util.TreeMap.forEach(TreeMap.java:1318) [?:?]
	at org.hibernate.engine.jdbc.mutation.internal.PreparedStatementGroupStandard.forEachStatement(PreparedStatementGroupStandard.java:86) [hibernate-core-7.3.0.Final.jar:7.3.0.Final]
	at org.hibernate.engine.jdbc.mutation.internal.MutationExecutorStandard.performNonBatchedOperations(MutationExecutorStandard.java:268) [hibernate-core-7.3.0.Final.jar:7.3.0.Final]
	at org.hibernate.engine.jdbc.mutation.internal.AbstractMutationExecutor.execute(AbstractMutationExecutor.java:65) [hibernate-core-7.3.0.Final.jar:7.3.0.Final]
	at org.hibernate.engine.jdbc.mutation.internal.AbstractMutationExecutor.execute(AbstractMutationExecutor.java:54) [hibernate-core-7.3.0.Final.jar:7.3.0.Final]
	at org.hibernate.persister.entity.mutation.InsertCoordinatorStandard.doStaticInserts(InsertCoordinatorStandard.java:180) [hibernate-core-7.3.0.Final.jar:7.3.0.Final]
	at org.hibernate.persister.entity.mutation.InsertCoordinatorStandard.coordinateInsert(InsertCoordinatorStandard.java:120) [hibernate-core-7.3.0.Final.jar:7.3.0.Final]
	at org.hibernate.persister.entity.mutation.InsertCoordinatorStandard.insert(InsertCoordinatorStandard.java:93) [hibernate-core-7.3.0.Final.jar:7.3.0.Final]
	at org.hibernate.action.internal.EntityInsertAction.execute(EntityInsertAction.java:108) [hibernate-core-7.3.0.Final.jar:7.3.0.Final]
	at org.hibernate.engine.spi.ActionQueue.executeActions(ActionQueue.java:634) [hibernate-core-7.3.0.Final.jar:7.3.0.Final]
	at org.hibernate.engine.spi.ActionQueue.executeActions(ActionQueue.java:505) [hibernate-core-7.3.0.Final.jar:7.3.0.Final]
	at org.hibernate.event.internal.AbstractFlushingEventListener.performExecutions(AbstractFlushingEventListener.java:381) [hibernate-core-7.3.0.Final.jar:7.3.0.Final]
	at org.hibernate.event.internal.DefaultFlushEventListener.onFlush(DefaultFlushEventListener.java:40) [hibernate-core-7.3.0.Final.jar:7.3.0.Final]
	at org.hibernate.event.service.internal.EventListenerGroupImpl.fireEventOnEachListener(EventListenerGroupImpl.java:138) [hibernate-core-7.3.0.Final.jar:7.3.0.Final]
	at org.hibernate.internal.SessionImpl.fireFlush(SessionImpl.java:1451) [hibernate-core-7.3.0.Final.jar:7.3.0.Final]
	at org.hibernate.internal.SessionImpl.managedFlush(SessionImpl.java:482) [hibernate-core-7.3.0.Final.jar:7.3.0.Final]
	at org.hibernate.internal.SessionImpl.flushBeforeTransactionCompletion(SessionImpl.java:2078) [hibernate-core-7.3.0.Final.jar:7.3.0.Final]
	at org.hibernate.internal.SessionImpl.beforeTransactionCompletion(SessionImpl.java:2000) [hibernate-core-7.3.0.Final.jar:7.3.0.Final]
	at org.hibernate.engine.jdbc.internal.JdbcCoordinatorImpl.beforeTransactionCompletion(JdbcCoordinatorImpl.java:426) [hibernate-core-7.3.0.Final.jar:7.3.0.Final]
	at org.hibernate.resource.transaction.backend.jdbc.internal.JdbcResourceLocalTransactionCoordinatorImpl.beforeCompletionCallback(JdbcResourceLocalTransactionCoordinatorImpl.java:166) [hibernate-core-7.3.0.Final.jar:7.3.0.Final]
	at org.hibernate.resource.transaction.backend.jdbc.internal.JdbcResourceLocalTransactionCoordinatorImpl$TransactionDriverControlImpl.commitNoRollbackOnly(JdbcResourceLocalTransactionCoordinatorImpl.java:251) [hibernate-core-7.3.0.Final.jar:7.3.0.Final]
	at org.hibernate.resource.transaction.backend.jdbc.internal.JdbcResourceLocalTransactionCoordinatorImpl$TransactionDriverControlImpl.commit(JdbcResourceLocalTransactionCoordinatorImpl.java:241) [hibernate-core-7.3.0.Final.jar:7.3.0.Final]
	at org.hibernate.engine.transaction.internal.TransactionImpl.commit(TransactionImpl.java:89) [hibernate-core-7.3.0.Final.jar:7.3.0.Final]
	at com.test.InheritanceDemo.main(InheritanceDemo.java:37) [classes/:?]
2026-03-25 15:19:06 DEBUG service:41 - HHH010455: Adding integrator: org.hibernate.boot.beanvalidation.BeanValidationIntegrator
2026-03-25 15:19:06 DEBUG service:41 - HHH010455: Adding integrator: org.hibernate.cache.internal.CollectionCacheInvalidator
2026-03-25 15:19:06 INFO  core:41 - HHH000001: Hibernate ORM core version 7.3.0.Final
2026-03-25 15:19:06 DEBUG core:155 - HHH000206: 'hibernate.properties' not found
2026-03-25 15:19:06 DEBUG boot:97 - HHH160204: cfg.xml document did not define namespaces; wrapping in custom event reader to introduce namespace information
2026-03-25 15:19:06 DEBUG cache:116 - HHH90001031: Cannot default RegionFactory since no RegionFactory strategies were registered
2026-03-25 15:19:06 DEBUG cache:46 - HHH90001029: Second-level cache disabled
2026-03-25 15:19:06 WARN  pooling:86 - HHH10001002: Using built-in connection pool (not intended for production use)
2026-03-25 15:19:07 DEBUG pooling:34 - HHH10001014: Initializing connection pool with 1 connections
2026-03-25 15:19:07 DEBUG jdbc:457 - HHH100017: Database:
	name: MySQL
	version: 8.0.42
	major: 8
	minor: 0
2026-03-25 15:19:07 DEBUG jdbc:463 - HHH100018: Driver:
	name: MySQL Connector/J
	version: mysql-connector-j-8.0.33 (Revision: 7d6b0800528b6b25c68b52dc10d6c1c8429c100c)
	major: 8
	minor: 0
	JDBC version: 4.2
2026-03-25 15:19:07 WARN  deprecation:152 - HHH90000025: MySQLDialect does not need to be specified explicitly using 'hibernate.dialect' (remove the property setting and it will be selected by default)
2026-03-25 15:19:07 DEBUG dialect:93 - HHH035001: Using dialect: org.hibernate.dialect.MySQLDialect, version: 8.0.42
2026-03-25 15:19:07 DEBUG IdentifierHelperBuilder:205 - IdentifierCaseStrategy for both quoted and unquoted identifiers was set to the same strategy [LOWER]; that will likely lead to problems in schema update and validation if using quoted identifiers
2026-03-25 15:19:07 DEBUG jdbc:379 - HHH100122: Using default JDBC fetch size: 0
2026-03-25 15:19:07 INFO  pooling:179 - HHH10001005: Database info:
	Database JDBC URL [jdbc:mysql://localhost:3306/mla]
	Database driver: MySQL Connector/J
	Database dialect: MySQLDialect
	Database version: 8.0.42
	Default catalog/schema: mla/undefined
	Autocommit mode: false
	Isolation level: REPEATABLE_READ
	JDBC fetch size: none
	Pool: DriverManagerConnectionProvider
	Minimum pool size: 1
	Maximum pool size: 20
2026-03-25 15:19:07 DEBUG factory:230 - HHH90020001: Instantiating factory [3b6f81d4-9d66-4a6a-a615-6d4a41fa8eca] with settings: {hibernate.format_sql=true, java.specification.version=25, sun.cpu.isalist=amd64, sun.jnu.encoding=Cp1252, hibernate.dialect=org.hibernate.dialect.MySQLDialect, java.class.path=C:\Users\yashaswini.hs\Desktop\Spring-advance\HibernateInheritance\target\classes;C:\Users\yashaswini.hs\.m2\repository\com\mysql\mysql-connector-j\8.0.33\mysql-connector-j-8.0.33.jar;C:\Users\yashaswini.hs\.m2\repository\com\google\protobuf\protobuf-java\3.21.9\protobuf-java-3.21.9.jar;C:\Users\yashaswini.hs\.m2\repository\org\hibernate\orm\hibernate-core\7.3.0.Final\hibernate-core-7.3.0.Final.jar;C:\Users\yashaswini.hs\.m2\repository\jakarta\persistence\jakarta.persistence-api\3.2.0\jakarta.persistence-api-3.2.0.jar;C:\Users\yashaswini.hs\.m2\repository\jakarta\transaction\jakarta.transaction-api\2.0.1\jakarta.transaction-api-2.0.1.jar;C:\Users\yashaswini.hs\.m2\repository\org\jboss\logging\jboss-logging\3.6.1.Final\jboss-logging-3.6.1.Final.jar;C:\Users\yashaswini.hs\.m2\repository\org\hibernate\models\hibernate-models\1.1.0\hibernate-models-1.1.0.jar;C:\Users\yashaswini.hs\.m2\repository\net\bytebuddy\byte-buddy\1.18.7\byte-buddy-1.18.7.jar;C:\Users\yashaswini.hs\.m2\repository\jakarta\xml\bind\jakarta.xml.bind-api\4.0.4\jakarta.xml.bind-api-4.0.4.jar;C:\Users\yashaswini.hs\.m2\repository\jakarta\activation\jakarta.activation-api\2.1.4\jakarta.activation-api-2.1.4.jar;C:\Users\yashaswini.hs\.m2\repository\org\glassfish\jaxb\jaxb-runtime\4.0.6\jaxb-runtime-4.0.6.jar;C:\Users\yashaswini.hs\.m2\repository\org\glassfish\jaxb\jaxb-core\4.0.6\jaxb-core-4.0.6.jar;C:\Users\yashaswini.hs\.m2\repository\org\eclipse\angus\angus-activation\2.0.3\angus-activation-2.0.3.jar;C:\Users\yashaswini.hs\.m2\repository\org\glassfish\jaxb\txw2\4.0.6\txw2-4.0.6.jar;C:\Users\yashaswini.hs\.m2\repository\com\sun\istack\istack-commons-runtime\4.1.2\istack-commons-runtime-4.1.2.jar;C:\Users\yashaswini.hs\.m2\repository\jakarta\inject\jakarta.inject-api\2.0.1\jakarta.inject-api-2.0.1.jar;C:\Users\yashaswini.hs\.m2\repository\org\antlr\antlr4-runtime\4.13.2\antlr4-runtime-4.13.2.jar;C:\Users\yashaswini.hs\.m2\repository\org\apache\logging\log4j\log4j-core\2.17.1\log4j-core-2.17.1.jar;C:\Users\yashaswini.hs\.m2\repository\org\apache\logging\log4j\log4j-api\2.17.1\log4j-api-2.17.1.jar;C:\Users\yashaswini.hs\.m2\repository\org\apache\logging\log4j\log4j-slf4j-impl\2.17.1\log4j-slf4j-impl-2.17.1.jar;C:\Users\yashaswini.hs\.m2\repository\org\slf4j\slf4j-api\1.7.25\slf4j-api-1.7.25.jar, java.vm.vendor=Eclipse Adoptium, sun.arch.data.model=64, hbm2ddl.auto=update, user.variant=, java.vendor.url=https://adoptium.net/, user.timezone=Asia/Calcutta, java.vm.specification.version=25, os.name=Windows 11, sun.java.launcher=SUN_STANDARD, user.country=US, sun.boot.library.path=C:\Users\yashaswini.hs\Downloads\sts-5.1.1.RELEASE\plugins\org.eclipse.justj.openjdk.hotspot.jre.full.win32.x86_64_25.0.2.v20260203-1141\jre\bin, sun.java.command=com.test.InheritanceDemo, jdk.debug=release, sun.cpu.endian=little, user.home=C:\Users\yashaswini.hs, user.language=en, java.specification.vendor=Oracle Corporation, java.version.date=2026-01-20, java.home=C:\Users\yashaswini.hs\Downloads\sts-5.1.1.RELEASE\plugins\org.eclipse.justj.openjdk.hotspot.jre.full.win32.x86_64_25.0.2.v20260203-1141\jre, file.separator=\, java.vm.compressedOopsMode=Zero based, line.separator=
, java.vm.specification.vendor=Oracle Corporation, java.specification.name=Java Platform API Specification, hibernate.hbm2ddl.auto=update, user.script=, sun.management.compiler=HotSpot 64-Bit Tiered Compilers, java.runtime.version=25.0.2+10-LTS, user.name=yashaswini.hs, stdout.encoding=UTF-8, path.separator=;, hibernate.connection.username=****, os.version=10.0, java.runtime.name=OpenJDK Runtime Environment, hibernate.connection.url=jdbc:mysql://localhost:3306/mla, file.encoding=UTF-8, format_sql=true, java.vm.name=OpenJDK 64-Bit Server VM, hibernate.show_sql=true, java.vendor.version=Temurin-25.0.2+10, show_sql=true, hibernate.connection.driver_class=com.mysql.cj.jdbc.Driver, java.vendor.url.bug=https://github.com/adoptium/adoptium-support/issues, java.io.tmpdir=C:\Users\YASHAS~1.HS\AppData\Local\Temp\, java.version=25.0.2, user.dir=C:\Users\yashaswini.hs\Desktop\Spring-advance\HibernateInheritance, os.arch=amd64, java.vm.specification.name=Java Virtual Machine Specification, hibernate.connection.password=****, sun.os.patch.level=, hibernate.boot.CfgXmlAccessService.key=org.hibernate.boot.cfgxml.spi.LoadedConfig@5bf9ea6b, native.encoding=Cp1252, java.library.path=C:\Users\yashaswini.hs\Downloads\sts-5.1.1.RELEASE\plugins\org.eclipse.justj.openjdk.hotspot.jre.full.win32.x86_64_25.0.2.v20260203-1141\jre\bin;C:\WINDOWS\Sun\Java\bin;C:\WINDOWS\system32;C:\WINDOWS;C:/Users/yashaswini.hs/Downloads/sts-5.1.1.RELEASE//plugins/org.eclipse.justj.openjdk.hotspot.jre.full.win32.x86_64_25.0.2.v20260203-1141/jre/bin/server;C:/Users/yashaswini.hs/Downloads/sts-5.1.1.RELEASE//plugins/org.eclipse.justj.openjdk.hotspot.jre.full.win32.x86_64_25.0.2.v20260203-1141/jre/bin;C:\Program Files\Microsoft\jdk-11.0.23.9-hotspot\bin;C:\Program Files\Microsoft\jdk-17.0.15.6-hotspot\bin;C:\Program Files\Python313\Scripts\;C:\Program Files\Python313\;%SystemRoot%\system32;%SystemRoot%;%SystemRoot%\System32\Wbem;%SYSTEMROOT%\System32\WindowsPowerShell\v1.0\;%SYSTEMROOT%\System32\OpenSSH\;C:\Program Files\Git\cmd;C:\Program Files\dotnet\;C:\Program Files\apache-maven-3.9.10\bin;C:\Program Files\nodejs\;C:\Program Files\Microsoft VS Code\bin;C:\Program Files\PuTTY\;C:\Program Files (x86)\Microsoft SQL Server\160\DTS\Binn\;C:\Program Files (x86)\Microsoft SQL Server\160\Tools\Binn\;C:\Program Files\Microsoft SQL Server\160\Tools\Binn\;C:\Program Files\Microsoft SQL Server\Client SDK\ODBC\170\Tools\Binn\;C:\Program Files\Microsoft SQL Server\160\DTS\Binn\;C:\Program Files\apache-maven-3.9.10\bin;C:\Program Files\apache-maven-3.9.10\bin;C:\Program Files\apache-maven-3.9.10\bin;C:\Users\yashaswini.hs\AppData\Local\Microsoft\WindowsApps;;C:\Users\yashaswini.hs\Downloads\sts-5.1.1.RELEASE;;., stderr.encoding=UTF-8, java.vendor=Eclipse Adoptium, java.vm.info=mixed mode, sharing, stdin.encoding=Cp1252, java.vm.version=25.0.2+10-LTS, sun.io.unicode.encoding=UnicodeLittle, java.class.version=69.0}
2026-03-25 15:19:07 DEBUG HQL_FUNCTIONS:155 - Available HQL Functions:
	abs(NUMERIC arg)
	Double acos(NUMERIC arg)
	adddate(DATE datetime, INTEGER days)
	addtime(TIME datetime, TIME time)
	Boolean any(BOOLEAN arg)
	Integer ascii(STRING arg)
	Double asin(NUMERIC arg)
	Double atan(NUMERIC arg)
	Double atan2(NUMERIC arg0, NUMERIC arg1)
	avg(arg)
	bit_and(arg)
	Integer bit_length(STRING_OR_CLOB arg)
	bit_or(arg)
	bitand(arg0, arg1)
	bitnot(arg)
	bitor(arg0, arg1)
	bitxor(arg0, arg1)
	cast(arg as Type)
	ceiling(NUMERIC arg)
	Character char(INTEGER arg)
	Integer character_length(STRING_OR_CLOB arg)
	Character chr(INTEGER arg)
	coalesce(arg0[, arg1[, ...]])
	String collate(STRING string as COLLATION collation)
	String concat(STRING string0[, STRING string1[, ...]])
	Double cos(NUMERIC arg)
	Double cosh(NUMERIC arg)
	Double cot(NUMERIC arg)
	Long count([distinct ]{arg|*})
	Integer crc32(arg)
	Double cume_dist([arg0[, ...]])
	Date curdate()
	Date current date
	Date current time
	Date current timestamp
	Date current_date
	Instant current_instant
	Date current_time
	Date current_timestamp
	Date curtime()
	Date date(arg)
	dateadd(TEMPORAL_UNIT field, INTEGER magnitude, TEMPORAL datetime)
	Integer datediff(DATE end, DATE start)
	Integer day(DATE arg)
	String dayname(DATE arg)
	Integer dayofmonth(DATE arg)
	Integer dayofweek(DATE arg)
	Integer dayofyear(DATE arg)
	Double degrees(NUMERIC arg)
	Long dense_rank([arg0[, ...]])
	Boolean every(BOOLEAN arg)
	Double exp(NUMERIC arg)
	extract(TEMPORAL_UNIT field from TEMPORAL arg)
	first_valueANY value
	floor(NUMERIC arg)
	String format(TEMPORAL datetime as STRING pattern)
	greatest(COMPARABLE arg0, COMPARABLE arg1[, arg2[, ...]])
	String hex(arg)
	Integer hour(TIME arg)
	ifnull(arg0, arg1)
	String insert(STRING string, INTEGER start, INTEGER length, STRING replacement)
	Instant instant
	Integer instr(STRING string, STRING pattern[, INTEGER start[, INTEGER occurrence]])
	String json_array([arg0[, ...]])
	String json_array_append(IMPLICIT_JSON arg0, STRING arg1, ANY arg2)
	String json_array_insert(IMPLICIT_JSON arg0, STRING arg1, ANY arg2)
	String json_arrayagg(arg0[, arg1])
	Boolean json_exists(IMPLICIT_JSON arg0, STRING arg1)
	String json_insert(IMPLICIT_JSON arg0, STRING arg1, ANY arg2)
	String json_mergepatch(IMPLICIT_JSON arg0, IMPLICIT_JSON arg1[, arg2[, ...]])
	String json_object( ... )
	String json_objectagg(arg0, arg1[, arg2, arg3])
	String json_query( ... )
	String json_remove(IMPLICIT_JSON arg0, STRING arg1)
	String json_replace(IMPLICIT_JSON arg0, STRING arg1, ANY arg2)
	String json_set(IMPLICIT_JSON arg0, STRING arg1, ANY arg2)
	json_value( ... )
	lagANY value[, INTEGER offset[, ANY default]]
	Date last_day(DATE arg)
	last_valueANY value
	leadANY value[, INTEGER offset[, ANY default]]
	least(COMPARABLE arg0, COMPARABLE arg1[, arg2[, ...]])
	String left(STRING string, INTEGER length)
	Integer length(STRING_OR_CLOB arg)
	String listagg(STRING arg0, STRING arg1)
	Double ln(NUMERIC arg)
	LocalDate local date
	LocalDateTime local datetime
	LocalTime local time
	LocalDate local_date
	LocalDateTime local_datetime
	LocalTime local_time
	Date localtime
	Date localtimestamp
	Integer locate(STRING pattern, STRING string[, INTEGER start])
	Double log(NUMERIC arg0[, NUMERIC arg1])
	Double log10(NUMERIC arg)
	Double log2(NUMERIC arg)
	String lower(STRING string)
	String lpad(string, length[, padding])
	String ltrim(STRING string[, STRING characters])
	Date makedate(INTEGER year, INTEGER dayofyear)
	Date maketime(INTEGER hour, INTEGER min, INTEGER sec)
	max(COMPARABLE arg)
	byte[] md5(arg)
	Integer microsecond(TIME arg)
	min(COMPARABLE arg)
	Integer minute(TIME arg)
	Integer mod(INTEGER arg0, INTEGER arg1)
	Integer month(DATE arg)
	String monthname(DATE arg)
	Date now()
	nth_valueANY value, INTEGER nth
	nullif(arg0, arg1)
	Integer octet_length(STRING_OR_CLOB arg)
	OffsetDateTime offset datetime
	OffsetDateTime offset_datetime
	Integer ordinal(ENUM arg)
	String overlay(STRING string placing STRING replacement from INTEGER start[ for INTEGER length])
	String pad(STRING string with INTEGER length {leading|trailing}[ STRING character])
	Double percent_rank([arg0[, ...]])
	Double pi
	Integer position(STRING pattern in STRING string)
	Double power(NUMERIC arg0, NUMERIC arg1)
	Integer quarter(DATE arg)
	Double radians(NUMERIC arg)
	Double rand([INTEGER seed])
	Long rank([arg0[, ...]])
	Boolean regexp_like(STRING arg0, STRING arg1[, STRING arg2])
	String repeat(STRING string, INTEGER times)
	String replace(STRING string, STRING pattern, STRING replacement)
	String reverse(STRING arg)
	String right(STRING string, INTEGER length)
	round(NUMERIC number[, INTEGER places])
	Long row_number()
	String rpad(string, length[, padding])
	String rtrim(STRING string[, STRING characters])
	Integer second(TIME arg)
	byte[] sha(arg)
	String sha1(arg)
	String sha2(arg0, arg1)
	Integer sign(NUMERIC arg)
	Double sin(NUMERIC arg)
	Double sinh(NUMERIC arg)
	String soundex(arg)
	String space(INTEGER arg)
	sql
	Double sqrt(NUMERIC arg)
	Double stddev(NUMERIC arg)
	Double stddev_pop(NUMERIC arg)
	Double stddev_samp(NUMERIC arg)
	String str(arg)
	String string(ENUM arg)
	subdate(DATE datetime, INTEGER days)
	String substr(STRING string, INTEGER start[, INTEGER length])
	String substring(STRING string{ from|,} INTEGER start[{ for|,} INTEGER length])
	subtime(TIME datetime, TIME time)
	sum(arg)
	Date sysdate()
	Double tan(NUMERIC arg)
	Double tanh(NUMERIC arg)
	String time(arg)
	Date timestamp(arg0[, arg1])
	timestampadd(TEMPORAL_UNIT field, INTEGER magnitude, TEMPORAL datetime)
	Long|Double timestampdiff(TEMPORAL_UNIT field, TEMPORAL start, TEMPORAL end)
	String trim([[{leading|trailing|both} ][STRING arg0 ]from] STRING arg1)
	trunc( ... )
	truncate( ... )
	String upper(STRING string)
	Date utc_date
	Date utc_time
	Date utc_timestamp
	Double var_pop(NUMERIC arg)
	Double var_samp(NUMERIC arg)
	Double variance(NUMERIC arg)
	Integer week(DATE arg)
	Integer year(DATE arg)

2026-03-25 15:19:07 DEBUG core:211 - HHH000513: Unable to create the ReflectionOptimizer for [com.test.FourWheeler]: private accessor [lcn_no]
2026-03-25 15:19:07 DEBUG core:211 - HHH000513: Unable to create the ReflectionOptimizer for [com.test.TwoWheeler]: private accessor [lcn_no]
2026-03-25 15:19:07 DEBUG core:211 - HHH000513: Unable to create the ReflectionOptimizer for [com.test.Vehicle]: private accessor [lcn_no]
2026-03-25 15:19:08 INFO  core:53 - HHH000489: No JTA platform available (set 'hibernate.transaction.jta.platform' to enable JTA platform integration)
2026-03-25 15:19:08 DEBUG service:102 - HHH010454: EventListenerRegistry access via ServiceRegistry is deprecated - use 'sessionFactory.getEventEngine().getListenerRegistry()' instead
2026-03-25 15:19:08 DEBUG Table:101 - No alter strings for table: four_wheeler
2026-03-25 15:19:08 DEBUG Table:101 - No alter strings for table: two_wheeler
2026-03-25 15:19:08 DEBUG Table:101 - No alter strings for table: vehicle
2026-03-25 15:19:08 DEBUG Table:101 - No alter strings for table: vehicle_SEQ
2026-03-25 15:19:08 DEBUG SQL:126 - 
    alter table four_wheeler 
       add constraint FK3cau1dw821e2i9pqxg0j4k00y 
       foreign key (id) 
       references vehicle (id)
2026-03-25 15:19:08 WARN  ExceptionHandlerLoggedImpl:25 - GenerationTarget encountered exception accepting command : Error executing DDL "
    alter table four_wheeler 
       add constraint FK3cau1dw821e2i9pqxg0j4k00y 
       foreign key (id) 
       references vehicle (id)" via JDBC [Cannot add or update a child row: a foreign key constraint fails (`mla`.`#sql-1b34_83`, CONSTRAINT `FK3cau1dw821e2i9pqxg0j4k00y` FOREIGN KEY (`id`) REFERENCES `vehicle` (`id`))]
org.hibernate.tool.schema.spi.CommandAcceptanceException: Error executing DDL "
    alter table four_wheeler 
       add constraint FK3cau1dw821e2i9pqxg0j4k00y 
       foreign key (id) 
       references vehicle (id)" via JDBC [Cannot add or update a child row: a foreign key constraint fails (`mla`.`#sql-1b34_83`, CONSTRAINT `FK3cau1dw821e2i9pqxg0j4k00y` FOREIGN KEY (`id`) REFERENCES `vehicle` (`id`))]
	at org.hibernate.tool.schema.internal.exec.GenerationTargetToDatabase.accept(GenerationTargetToDatabase.java:81) ~[hibernate-core-7.3.0.Final.jar:7.3.0.Final]
	at org.hibernate.tool.schema.internal.AbstractSchemaMigrator.applySqlString(AbstractSchemaMigrator.java:566) [hibernate-core-7.3.0.Final.jar:7.3.0.Final]
	at org.hibernate.tool.schema.internal.AbstractSchemaMigrator.applySqlStrings(AbstractSchemaMigrator.java:506) [hibernate-core-7.3.0.Final.jar:7.3.0.Final]
	at org.hibernate.tool.schema.internal.AbstractSchemaMigrator.applyForeignKeys(AbstractSchemaMigrator.java:438) [hibernate-core-7.3.0.Final.jar:7.3.0.Final]
	at org.hibernate.tool.schema.internal.AbstractSchemaMigrator.performMigration(AbstractSchemaMigrator.java:256) [hibernate-core-7.3.0.Final.jar:7.3.0.Final]
	at org.hibernate.tool.schema.internal.AbstractSchemaMigrator.doMigration(AbstractSchemaMigrator.java:96) [hibernate-core-7.3.0.Final.jar:7.3.0.Final]
	at org.hibernate.tool.schema.spi.SchemaManagementToolCoordinator.performDatabaseAction(SchemaManagementToolCoordinator.java:269) [hibernate-core-7.3.0.Final.jar:7.3.0.Final]
	at org.hibernate.tool.schema.spi.SchemaManagementToolCoordinator.lambda$process$1(SchemaManagementToolCoordinator.java:101) [hibernate-core-7.3.0.Final.jar:7.3.0.Final]
	at java.util.HashMap.forEach(HashMap.java:1430) [?:?]
	at org.hibernate.tool.schema.spi.SchemaManagementToolCoordinator.process(SchemaManagementToolCoordinator.java:100) [hibernate-core-7.3.0.Final.jar:7.3.0.Final]
	at org.hibernate.boot.internal.SessionFactoryObserverForSchemaExport.sessionFactoryCreated(SessionFactoryObserverForSchemaExport.java:35) [hibernate-core-7.3.0.Final.jar:7.3.0.Final]
	at org.hibernate.internal.SessionFactoryObserverChain.sessionFactoryCreated(SessionFactoryObserverChain.java:33) [hibernate-core-7.3.0.Final.jar:7.3.0.Final]
	at org.hibernate.internal.SessionFactoryImpl.<init>(SessionFactoryImpl.java:323) [hibernate-core-7.3.0.Final.jar:7.3.0.Final]
	at org.hibernate.internal.SessionFactoryRegistry.instantiateSessionFactory(SessionFactoryRegistry.java:64) [hibernate-core-7.3.0.Final.jar:7.3.0.Final]
	at org.hibernate.boot.internal.SessionFactoryBuilderImpl.build(SessionFactoryBuilderImpl.java:444) [hibernate-core-7.3.0.Final.jar:7.3.0.Final]
	at org.hibernate.cfg.Configuration.buildSessionFactory(Configuration.java:1112) [hibernate-core-7.3.0.Final.jar:7.3.0.Final]
	at org.hibernate.cfg.Configuration.buildSessionFactory(Configuration.java:1131) [hibernate-core-7.3.0.Final.jar:7.3.0.Final]
	at com.test.InheritanceDemo.main(InheritanceDemo.java:13) [classes/:?]
Caused by: java.sql.SQLIntegrityConstraintViolationException: Cannot add or update a child row: a foreign key constraint fails (`mla`.`#sql-1b34_83`, CONSTRAINT `FK3cau1dw821e2i9pqxg0j4k00y` FOREIGN KEY (`id`) REFERENCES `vehicle` (`id`))
	at com.mysql.cj.jdbc.exceptions.SQLError.createSQLException(SQLError.java:118) ~[mysql-connector-j-8.0.33.jar:8.0.33]
	at com.mysql.cj.jdbc.exceptions.SQLExceptionsMapping.translateException(SQLExceptionsMapping.java:122) ~[mysql-connector-j-8.0.33.jar:8.0.33]
	at com.mysql.cj.jdbc.StatementImpl.executeInternal(StatementImpl.java:763) ~[mysql-connector-j-8.0.33.jar:8.0.33]
	at com.mysql.cj.jdbc.StatementImpl.execute(StatementImpl.java:648) ~[mysql-connector-j-8.0.33.jar:8.0.33]
	at org.hibernate.tool.schema.internal.exec.GenerationTargetToDatabase.accept(GenerationTargetToDatabase.java:76) ~[hibernate-core-7.3.0.Final.jar:7.3.0.Final]
	... 17 more
2026-03-25 15:19:08 DEBUG SQL:126 - 
    alter table two_wheeler 
       add constraint FK5oet9f45jc84c7gnma39jy9x8 
       foreign key (id) 
       references vehicle (id)
2026-03-25 15:19:08 WARN  ExceptionHandlerLoggedImpl:25 - GenerationTarget encountered exception accepting command : Error executing DDL "
    alter table two_wheeler 
       add constraint FK5oet9f45jc84c7gnma39jy9x8 
       foreign key (id) 
       references vehicle (id)" via JDBC [Cannot add or update a child row: a foreign key constraint fails (`mla`.`#sql-1b34_83`, CONSTRAINT `FK5oet9f45jc84c7gnma39jy9x8` FOREIGN KEY (`id`) REFERENCES `vehicle` (`id`))]
org.hibernate.tool.schema.spi.CommandAcceptanceException: Error executing DDL "
    alter table two_wheeler 
       add constraint FK5oet9f45jc84c7gnma39jy9x8 
       foreign key (id) 
       references vehicle (id)" via JDBC [Cannot add or update a child row: a foreign key constraint fails (`mla`.`#sql-1b34_83`, CONSTRAINT `FK5oet9f45jc84c7gnma39jy9x8` FOREIGN KEY (`id`) REFERENCES `vehicle` (`id`))]
	at org.hibernate.tool.schema.internal.exec.GenerationTargetToDatabase.accept(GenerationTargetToDatabase.java:81) ~[hibernate-core-7.3.0.Final.jar:7.3.0.Final]
	at org.hibernate.tool.schema.internal.AbstractSchemaMigrator.applySqlString(AbstractSchemaMigrator.java:566) [hibernate-core-7.3.0.Final.jar:7.3.0.Final]
	at org.hibernate.tool.schema.internal.AbstractSchemaMigrator.applySqlStrings(AbstractSchemaMigrator.java:506) [hibernate-core-7.3.0.Final.jar:7.3.0.Final]
	at org.hibernate.tool.schema.internal.AbstractSchemaMigrator.applyForeignKeys(AbstractSchemaMigrator.java:438) [hibernate-core-7.3.0.Final.jar:7.3.0.Final]
	at org.hibernate.tool.schema.internal.AbstractSchemaMigrator.performMigration(AbstractSchemaMigrator.java:256) [hibernate-core-7.3.0.Final.jar:7.3.0.Final]
	at org.hibernate.tool.schema.internal.AbstractSchemaMigrator.doMigration(AbstractSchemaMigrator.java:96) [hibernate-core-7.3.0.Final.jar:7.3.0.Final]
	at org.hibernate.tool.schema.spi.SchemaManagementToolCoordinator.performDatabaseAction(SchemaManagementToolCoordinator.java:269) [hibernate-core-7.3.0.Final.jar:7.3.0.Final]
	at org.hibernate.tool.schema.spi.SchemaManagementToolCoordinator.lambda$process$1(SchemaManagementToolCoordinator.java:101) [hibernate-core-7.3.0.Final.jar:7.3.0.Final]
	at java.util.HashMap.forEach(HashMap.java:1430) [?:?]
	at org.hibernate.tool.schema.spi.SchemaManagementToolCoordinator.process(SchemaManagementToolCoordinator.java:100) [hibernate-core-7.3.0.Final.jar:7.3.0.Final]
	at org.hibernate.boot.internal.SessionFactoryObserverForSchemaExport.sessionFactoryCreated(SessionFactoryObserverForSchemaExport.java:35) [hibernate-core-7.3.0.Final.jar:7.3.0.Final]
	at org.hibernate.internal.SessionFactoryObserverChain.sessionFactoryCreated(SessionFactoryObserverChain.java:33) [hibernate-core-7.3.0.Final.jar:7.3.0.Final]
	at org.hibernate.internal.SessionFactoryImpl.<init>(SessionFactoryImpl.java:323) [hibernate-core-7.3.0.Final.jar:7.3.0.Final]
	at org.hibernate.internal.SessionFactoryRegistry.instantiateSessionFactory(SessionFactoryRegistry.java:64) [hibernate-core-7.3.0.Final.jar:7.3.0.Final]
	at org.hibernate.boot.internal.SessionFactoryBuilderImpl.build(SessionFactoryBuilderImpl.java:444) [hibernate-core-7.3.0.Final.jar:7.3.0.Final]
	at org.hibernate.cfg.Configuration.buildSessionFactory(Configuration.java:1112) [hibernate-core-7.3.0.Final.jar:7.3.0.Final]
	at org.hibernate.cfg.Configuration.buildSessionFactory(Configuration.java:1131) [hibernate-core-7.3.0.Final.jar:7.3.0.Final]
	at com.test.InheritanceDemo.main(InheritanceDemo.java:13) [classes/:?]
Caused by: java.sql.SQLIntegrityConstraintViolationException: Cannot add or update a child row: a foreign key constraint fails (`mla`.`#sql-1b34_83`, CONSTRAINT `FK5oet9f45jc84c7gnma39jy9x8` FOREIGN KEY (`id`) REFERENCES `vehicle` (`id`))
	at com.mysql.cj.jdbc.exceptions.SQLError.createSQLException(SQLError.java:118) ~[mysql-connector-j-8.0.33.jar:8.0.33]
	at com.mysql.cj.jdbc.exceptions.SQLExceptionsMapping.translateException(SQLExceptionsMapping.java:122) ~[mysql-connector-j-8.0.33.jar:8.0.33]
	at com.mysql.cj.jdbc.StatementImpl.executeInternal(StatementImpl.java:763) ~[mysql-connector-j-8.0.33.jar:8.0.33]
	at com.mysql.cj.jdbc.StatementImpl.execute(StatementImpl.java:648) ~[mysql-connector-j-8.0.33.jar:8.0.33]
	at org.hibernate.tool.schema.internal.exec.GenerationTargetToDatabase.accept(GenerationTargetToDatabase.java:76) ~[hibernate-core-7.3.0.Final.jar:7.3.0.Final]
	... 17 more
2026-03-25 15:19:08 DEBUG factoryRegistry:86 - HHH020384: Registering SessionFactory [3b6f81d4-9d66-4a6a-a615-6d4a41fa8eca] (<unnamed>)
2026-03-25 15:19:08 DEBUG core:151 - HHH006588: Opening session [tenant=null]
2026-03-25 15:19:08 DEBUG core:74 - HHH006583: Beginning transaction
2026-03-25 15:19:08 DEBUG SQL:126 - 
    select
        next_val as id_val 
    from
        vehicle_SEQ 
    for
        update
2026-03-25 15:19:08 DEBUG SQL:126 - 
    update
        vehicle_SEQ 
    set
        next_val= ? 
    where
        next_val=?
2026-03-25 15:19:08 DEBUG core:87 - HHH006584: Committing transaction
2026-03-25 15:19:08 DEBUG event:98 - HHH90060071: Flushed: 4 insertions, 0 updates, 0 deletions to 4 objects
2026-03-25 15:19:08 DEBUG event:104 - HHH90060072: Flushed: 0 (re)creations, 0 updates, 0 removals to 0 collections
2026-03-25 15:19:08 DEBUG core:102 - Listing entities:
2026-03-25 15:19:08 DEBUG core:111 - com.test.TwoWheeler{lcn_no=43365, steeringHandle=scooty Steering handle, id=504, v_name=scooter}
2026-03-25 15:19:08 DEBUG core:111 - com.test.FourWheeler{steeringWheel=Ai Steering wheel, lcn_no=0, id=505, v_name=truck}
2026-03-25 15:19:08 DEBUG core:111 - com.test.Vehicle{lcn_no=1234543, id=502, v_name=car}
2026-03-25 15:19:08 DEBUG core:111 - com.test.TwoWheeler{lcn_no=132465, steeringHandle=Bike Steering handle, id=503, v_name=Bike}
2026-03-25 15:19:08 DEBUG SQL:126 - 
    insert 
    into
        vehicle
        (lcn_no, v_name, id) 
    values
        (?, ?, ?)
2026-03-25 15:19:09 DEBUG SQL:126 - 
    insert 
    into
        vehicle
        (lcn_no, v_name, id) 
    values
        (?, ?, ?)
2026-03-25 15:19:09 DEBUG SQL:126 - 
    insert 
    into
        two_wheeler
        (steeringHandle, id) 
    values
        (?, ?)
2026-03-25 15:19:09 WARN  error:143 - HHH000247: ErrorCode: 1364, SQLState: HY000
2026-03-25 15:19:09 WARN  error:144 - Field 'lcn_no' doesn't have a default value
2026-03-25 15:19:09 DEBUG error:150 - could not execute statement [insert into two_wheeler (steeringHandle,id) values (?,?)]
java.sql.SQLException: Field 'lcn_no' doesn't have a default value
	at com.mysql.cj.jdbc.exceptions.SQLError.createSQLException(SQLError.java:130) ~[mysql-connector-j-8.0.33.jar:8.0.33]
	at com.mysql.cj.jdbc.exceptions.SQLExceptionsMapping.translateException(SQLExceptionsMapping.java:122) ~[mysql-connector-j-8.0.33.jar:8.0.33]
	at com.mysql.cj.jdbc.ClientPreparedStatement.executeInternal(ClientPreparedStatement.java:916) ~[mysql-connector-j-8.0.33.jar:8.0.33]
	at com.mysql.cj.jdbc.ClientPreparedStatement.executeUpdateInternal(ClientPreparedStatement.java:1061) ~[mysql-connector-j-8.0.33.jar:8.0.33]
	at com.mysql.cj.jdbc.ClientPreparedStatement.executeUpdateInternal(ClientPreparedStatement.java:1009) ~[mysql-connector-j-8.0.33.jar:8.0.33]
	at com.mysql.cj.jdbc.ClientPreparedStatement.executeLargeUpdate(ClientPreparedStatement.java:1320) ~[mysql-connector-j-8.0.33.jar:8.0.33]
	at com.mysql.cj.jdbc.ClientPreparedStatement.executeUpdate(ClientPreparedStatement.java:994) ~[mysql-connector-j-8.0.33.jar:8.0.33]
	at org.hibernate.engine.jdbc.internal.ResultSetReturnImpl.executeUpdate(ResultSetReturnImpl.java:185) [hibernate-core-7.3.0.Final.jar:7.3.0.Final]
	at org.hibernate.engine.jdbc.mutation.internal.AbstractMutationExecutor.performNonBatchedMutation(AbstractMutationExecutor.java:145) [hibernate-core-7.3.0.Final.jar:7.3.0.Final]
	at org.hibernate.engine.jdbc.mutation.internal.MutationExecutorStandard.lambda$performNonBatchedOperations$1(MutationExecutorStandard.java:268) [hibernate-core-7.3.0.Final.jar:7.3.0.Final]
	at java.util.TreeMap.forEach(TreeMap.java:1318) [?:?]
	at org.hibernate.engine.jdbc.mutation.internal.PreparedStatementGroupStandard.forEachStatement(PreparedStatementGroupStandard.java:86) [hibernate-core-7.3.0.Final.jar:7.3.0.Final]
	at org.hibernate.engine.jdbc.mutation.internal.MutationExecutorStandard.performNonBatchedOperations(MutationExecutorStandard.java:268) [hibernate-core-7.3.0.Final.jar:7.3.0.Final]
	at org.hibernate.engine.jdbc.mutation.internal.AbstractMutationExecutor.execute(AbstractMutationExecutor.java:65) [hibernate-core-7.3.0.Final.jar:7.3.0.Final]
	at org.hibernate.engine.jdbc.mutation.internal.AbstractMutationExecutor.execute(AbstractMutationExecutor.java:54) [hibernate-core-7.3.0.Final.jar:7.3.0.Final]
	at org.hibernate.persister.entity.mutation.InsertCoordinatorStandard.doStaticInserts(InsertCoordinatorStandard.java:180) [hibernate-core-7.3.0.Final.jar:7.3.0.Final]
	at org.hibernate.persister.entity.mutation.InsertCoordinatorStandard.coordinateInsert(InsertCoordinatorStandard.java:120) [hibernate-core-7.3.0.Final.jar:7.3.0.Final]
	at org.hibernate.persister.entity.mutation.InsertCoordinatorStandard.insert(InsertCoordinatorStandard.java:93) [hibernate-core-7.3.0.Final.jar:7.3.0.Final]
	at org.hibernate.action.internal.EntityInsertAction.execute(EntityInsertAction.java:108) [hibernate-core-7.3.0.Final.jar:7.3.0.Final]
	at org.hibernate.engine.spi.ActionQueue.executeActions(ActionQueue.java:634) [hibernate-core-7.3.0.Final.jar:7.3.0.Final]
	at org.hibernate.engine.spi.ActionQueue.executeActions(ActionQueue.java:505) [hibernate-core-7.3.0.Final.jar:7.3.0.Final]
	at org.hibernate.event.internal.AbstractFlushingEventListener.performExecutions(AbstractFlushingEventListener.java:381) [hibernate-core-7.3.0.Final.jar:7.3.0.Final]
	at org.hibernate.event.internal.DefaultFlushEventListener.onFlush(DefaultFlushEventListener.java:40) [hibernate-core-7.3.0.Final.jar:7.3.0.Final]
	at org.hibernate.event.service.internal.EventListenerGroupImpl.fireEventOnEachListener(EventListenerGroupImpl.java:138) [hibernate-core-7.3.0.Final.jar:7.3.0.Final]
	at org.hibernate.internal.SessionImpl.fireFlush(SessionImpl.java:1451) [hibernate-core-7.3.0.Final.jar:7.3.0.Final]
	at org.hibernate.internal.SessionImpl.managedFlush(SessionImpl.java:482) [hibernate-core-7.3.0.Final.jar:7.3.0.Final]
	at org.hibernate.internal.SessionImpl.flushBeforeTransactionCompletion(SessionImpl.java:2078) [hibernate-core-7.3.0.Final.jar:7.3.0.Final]
	at org.hibernate.internal.SessionImpl.beforeTransactionCompletion(SessionImpl.java:2000) [hibernate-core-7.3.0.Final.jar:7.3.0.Final]
	at org.hibernate.engine.jdbc.internal.JdbcCoordinatorImpl.beforeTransactionCompletion(JdbcCoordinatorImpl.java:426) [hibernate-core-7.3.0.Final.jar:7.3.0.Final]
	at org.hibernate.resource.transaction.backend.jdbc.internal.JdbcResourceLocalTransactionCoordinatorImpl.beforeCompletionCallback(JdbcResourceLocalTransactionCoordinatorImpl.java:166) [hibernate-core-7.3.0.Final.jar:7.3.0.Final]
	at org.hibernate.resource.transaction.backend.jdbc.internal.JdbcResourceLocalTransactionCoordinatorImpl$TransactionDriverControlImpl.commitNoRollbackOnly(JdbcResourceLocalTransactionCoordinatorImpl.java:251) [hibernate-core-7.3.0.Final.jar:7.3.0.Final]
	at org.hibernate.resource.transaction.backend.jdbc.internal.JdbcResourceLocalTransactionCoordinatorImpl$TransactionDriverControlImpl.commit(JdbcResourceLocalTransactionCoordinatorImpl.java:241) [hibernate-core-7.3.0.Final.jar:7.3.0.Final]
	at org.hibernate.engine.transaction.internal.TransactionImpl.commit(TransactionImpl.java:89) [hibernate-core-7.3.0.Final.jar:7.3.0.Final]
	at com.test.InheritanceDemo.main(InheritanceDemo.java:37) [classes/:?]
2026-03-25 15:19:50 DEBUG service:41 - HHH010455: Adding integrator: org.hibernate.boot.beanvalidation.BeanValidationIntegrator
2026-03-25 15:19:50 DEBUG service:41 - HHH010455: Adding integrator: org.hibernate.cache.internal.CollectionCacheInvalidator
2026-03-25 15:19:50 INFO  core:41 - HHH000001: Hibernate ORM core version 7.3.0.Final
2026-03-25 15:19:50 DEBUG core:155 - HHH000206: 'hibernate.properties' not found
2026-03-25 15:19:50 DEBUG boot:97 - HHH160204: cfg.xml document did not define namespaces; wrapping in custom event reader to introduce namespace information
2026-03-25 15:19:51 DEBUG cache:116 - HHH90001031: Cannot default RegionFactory since no RegionFactory strategies were registered
2026-03-25 15:19:51 DEBUG cache:46 - HHH90001029: Second-level cache disabled
2026-03-25 15:19:51 WARN  pooling:86 - HHH10001002: Using built-in connection pool (not intended for production use)
2026-03-25 15:19:51 DEBUG pooling:34 - HHH10001014: Initializing connection pool with 1 connections
2026-03-25 15:19:51 DEBUG jdbc:457 - HHH100017: Database:
	name: MySQL
	version: 8.0.42
	major: 8
	minor: 0
2026-03-25 15:19:51 DEBUG jdbc:463 - HHH100018: Driver:
	name: MySQL Connector/J
	version: mysql-connector-j-8.0.33 (Revision: 7d6b0800528b6b25c68b52dc10d6c1c8429c100c)
	major: 8
	minor: 0
	JDBC version: 4.2
2026-03-25 15:19:51 WARN  deprecation:152 - HHH90000025: MySQLDialect does not need to be specified explicitly using 'hibernate.dialect' (remove the property setting and it will be selected by default)
2026-03-25 15:19:51 DEBUG dialect:93 - HHH035001: Using dialect: org.hibernate.dialect.MySQLDialect, version: 8.0.42
2026-03-25 15:19:51 DEBUG IdentifierHelperBuilder:205 - IdentifierCaseStrategy for both quoted and unquoted identifiers was set to the same strategy [LOWER]; that will likely lead to problems in schema update and validation if using quoted identifiers
2026-03-25 15:19:51 DEBUG jdbc:379 - HHH100122: Using default JDBC fetch size: 0
2026-03-25 15:19:51 INFO  pooling:179 - HHH10001005: Database info:
	Database JDBC URL [jdbc:mysql://localhost:3306/mla]
	Database driver: MySQL Connector/J
	Database dialect: MySQLDialect
	Database version: 8.0.42
	Default catalog/schema: mla/undefined
	Autocommit mode: false
	Isolation level: REPEATABLE_READ
	JDBC fetch size: none
	Pool: DriverManagerConnectionProvider
	Minimum pool size: 1
	Maximum pool size: 20
2026-03-25 15:19:52 DEBUG factory:230 - HHH90020001: Instantiating factory [7caccb45-49c5-45ac-8a43-297d92af9b4f] with settings: {hibernate.format_sql=true, java.specification.version=25, sun.cpu.isalist=amd64, sun.jnu.encoding=Cp1252, hibernate.dialect=org.hibernate.dialect.MySQLDialect, java.class.path=C:\Users\yashaswini.hs\Desktop\Spring-advance\HibernateInheritance\target\classes;C:\Users\yashaswini.hs\.m2\repository\com\mysql\mysql-connector-j\8.0.33\mysql-connector-j-8.0.33.jar;C:\Users\yashaswini.hs\.m2\repository\com\google\protobuf\protobuf-java\3.21.9\protobuf-java-3.21.9.jar;C:\Users\yashaswini.hs\.m2\repository\org\hibernate\orm\hibernate-core\7.3.0.Final\hibernate-core-7.3.0.Final.jar;C:\Users\yashaswini.hs\.m2\repository\jakarta\persistence\jakarta.persistence-api\3.2.0\jakarta.persistence-api-3.2.0.jar;C:\Users\yashaswini.hs\.m2\repository\jakarta\transaction\jakarta.transaction-api\2.0.1\jakarta.transaction-api-2.0.1.jar;C:\Users\yashaswini.hs\.m2\repository\org\jboss\logging\jboss-logging\3.6.1.Final\jboss-logging-3.6.1.Final.jar;C:\Users\yashaswini.hs\.m2\repository\org\hibernate\models\hibernate-models\1.1.0\hibernate-models-1.1.0.jar;C:\Users\yashaswini.hs\.m2\repository\net\bytebuddy\byte-buddy\1.18.7\byte-buddy-1.18.7.jar;C:\Users\yashaswini.hs\.m2\repository\jakarta\xml\bind\jakarta.xml.bind-api\4.0.4\jakarta.xml.bind-api-4.0.4.jar;C:\Users\yashaswini.hs\.m2\repository\jakarta\activation\jakarta.activation-api\2.1.4\jakarta.activation-api-2.1.4.jar;C:\Users\yashaswini.hs\.m2\repository\org\glassfish\jaxb\jaxb-runtime\4.0.6\jaxb-runtime-4.0.6.jar;C:\Users\yashaswini.hs\.m2\repository\org\glassfish\jaxb\jaxb-core\4.0.6\jaxb-core-4.0.6.jar;C:\Users\yashaswini.hs\.m2\repository\org\eclipse\angus\angus-activation\2.0.3\angus-activation-2.0.3.jar;C:\Users\yashaswini.hs\.m2\repository\org\glassfish\jaxb\txw2\4.0.6\txw2-4.0.6.jar;C:\Users\yashaswini.hs\.m2\repository\com\sun\istack\istack-commons-runtime\4.1.2\istack-commons-runtime-4.1.2.jar;C:\Users\yashaswini.hs\.m2\repository\jakarta\inject\jakarta.inject-api\2.0.1\jakarta.inject-api-2.0.1.jar;C:\Users\yashaswini.hs\.m2\repository\org\antlr\antlr4-runtime\4.13.2\antlr4-runtime-4.13.2.jar;C:\Users\yashaswini.hs\.m2\repository\org\apache\logging\log4j\log4j-core\2.17.1\log4j-core-2.17.1.jar;C:\Users\yashaswini.hs\.m2\repository\org\apache\logging\log4j\log4j-api\2.17.1\log4j-api-2.17.1.jar;C:\Users\yashaswini.hs\.m2\repository\org\apache\logging\log4j\log4j-slf4j-impl\2.17.1\log4j-slf4j-impl-2.17.1.jar;C:\Users\yashaswini.hs\.m2\repository\org\slf4j\slf4j-api\1.7.25\slf4j-api-1.7.25.jar, java.vm.vendor=Eclipse Adoptium, sun.arch.data.model=64, hbm2ddl.auto=update, user.variant=, java.vendor.url=https://adoptium.net/, user.timezone=Asia/Calcutta, java.vm.specification.version=25, os.name=Windows 11, sun.java.launcher=SUN_STANDARD, user.country=US, sun.boot.library.path=C:\Users\yashaswini.hs\Downloads\sts-5.1.1.RELEASE\plugins\org.eclipse.justj.openjdk.hotspot.jre.full.win32.x86_64_25.0.2.v20260203-1141\jre\bin, sun.java.command=com.test.InheritanceDemo, jdk.debug=release, sun.cpu.endian=little, user.home=C:\Users\yashaswini.hs, user.language=en, java.specification.vendor=Oracle Corporation, java.version.date=2026-01-20, java.home=C:\Users\yashaswini.hs\Downloads\sts-5.1.1.RELEASE\plugins\org.eclipse.justj.openjdk.hotspot.jre.full.win32.x86_64_25.0.2.v20260203-1141\jre, file.separator=\, java.vm.compressedOopsMode=Zero based, line.separator=
, java.vm.specification.vendor=Oracle Corporation, java.specification.name=Java Platform API Specification, hibernate.hbm2ddl.auto=update, user.script=, sun.management.compiler=HotSpot 64-Bit Tiered Compilers, java.runtime.version=25.0.2+10-LTS, user.name=yashaswini.hs, stdout.encoding=UTF-8, path.separator=;, hibernate.connection.username=****, os.version=10.0, java.runtime.name=OpenJDK Runtime Environment, hibernate.connection.url=jdbc:mysql://localhost:3306/mla, file.encoding=UTF-8, format_sql=true, java.vm.name=OpenJDK 64-Bit Server VM, hibernate.show_sql=true, java.vendor.version=Temurin-25.0.2+10, show_sql=true, hibernate.connection.driver_class=com.mysql.cj.jdbc.Driver, java.vendor.url.bug=https://github.com/adoptium/adoptium-support/issues, java.io.tmpdir=C:\Users\YASHAS~1.HS\AppData\Local\Temp\, java.version=25.0.2, user.dir=C:\Users\yashaswini.hs\Desktop\Spring-advance\HibernateInheritance, os.arch=amd64, java.vm.specification.name=Java Virtual Machine Specification, hibernate.connection.password=****, sun.os.patch.level=, hibernate.boot.CfgXmlAccessService.key=org.hibernate.boot.cfgxml.spi.LoadedConfig@5bf9ea6b, native.encoding=Cp1252, java.library.path=C:\Users\yashaswini.hs\Downloads\sts-5.1.1.RELEASE\plugins\org.eclipse.justj.openjdk.hotspot.jre.full.win32.x86_64_25.0.2.v20260203-1141\jre\bin;C:\WINDOWS\Sun\Java\bin;C:\WINDOWS\system32;C:\WINDOWS;C:/Users/yashaswini.hs/Downloads/sts-5.1.1.RELEASE//plugins/org.eclipse.justj.openjdk.hotspot.jre.full.win32.x86_64_25.0.2.v20260203-1141/jre/bin/server;C:/Users/yashaswini.hs/Downloads/sts-5.1.1.RELEASE//plugins/org.eclipse.justj.openjdk.hotspot.jre.full.win32.x86_64_25.0.2.v20260203-1141/jre/bin;C:\Program Files\Microsoft\jdk-11.0.23.9-hotspot\bin;C:\Program Files\Microsoft\jdk-17.0.15.6-hotspot\bin;C:\Program Files\Python313\Scripts\;C:\Program Files\Python313\;%SystemRoot%\system32;%SystemRoot%;%SystemRoot%\System32\Wbem;%SYSTEMROOT%\System32\WindowsPowerShell\v1.0\;%SYSTEMROOT%\System32\OpenSSH\;C:\Program Files\Git\cmd;C:\Program Files\dotnet\;C:\Program Files\apache-maven-3.9.10\bin;C:\Program Files\nodejs\;C:\Program Files\Microsoft VS Code\bin;C:\Program Files\PuTTY\;C:\Program Files (x86)\Microsoft SQL Server\160\DTS\Binn\;C:\Program Files (x86)\Microsoft SQL Server\160\Tools\Binn\;C:\Program Files\Microsoft SQL Server\160\Tools\Binn\;C:\Program Files\Microsoft SQL Server\Client SDK\ODBC\170\Tools\Binn\;C:\Program Files\Microsoft SQL Server\160\DTS\Binn\;C:\Program Files\apache-maven-3.9.10\bin;C:\Program Files\apache-maven-3.9.10\bin;C:\Program Files\apache-maven-3.9.10\bin;C:\Users\yashaswini.hs\AppData\Local\Microsoft\WindowsApps;;C:\Users\yashaswini.hs\Downloads\sts-5.1.1.RELEASE;;., stderr.encoding=UTF-8, java.vendor=Eclipse Adoptium, java.vm.info=mixed mode, sharing, stdin.encoding=Cp1252, java.vm.version=25.0.2+10-LTS, sun.io.unicode.encoding=UnicodeLittle, java.class.version=69.0}
2026-03-25 15:19:52 DEBUG HQL_FUNCTIONS:155 - Available HQL Functions:
	abs(NUMERIC arg)
	Double acos(NUMERIC arg)
	adddate(DATE datetime, INTEGER days)
	addtime(TIME datetime, TIME time)
	Boolean any(BOOLEAN arg)
	Integer ascii(STRING arg)
	Double asin(NUMERIC arg)
	Double atan(NUMERIC arg)
	Double atan2(NUMERIC arg0, NUMERIC arg1)
	avg(arg)
	bit_and(arg)
	Integer bit_length(STRING_OR_CLOB arg)
	bit_or(arg)
	bitand(arg0, arg1)
	bitnot(arg)
	bitor(arg0, arg1)
	bitxor(arg0, arg1)
	cast(arg as Type)
	ceiling(NUMERIC arg)
	Character char(INTEGER arg)
	Integer character_length(STRING_OR_CLOB arg)
	Character chr(INTEGER arg)
	coalesce(arg0[, arg1[, ...]])
	String collate(STRING string as COLLATION collation)
	String concat(STRING string0[, STRING string1[, ...]])
	Double cos(NUMERIC arg)
	Double cosh(NUMERIC arg)
	Double cot(NUMERIC arg)
	Long count([distinct ]{arg|*})
	Integer crc32(arg)
	Double cume_dist([arg0[, ...]])
	Date curdate()
	Date current date
	Date current time
	Date current timestamp
	Date current_date
	Instant current_instant
	Date current_time
	Date current_timestamp
	Date curtime()
	Date date(arg)
	dateadd(TEMPORAL_UNIT field, INTEGER magnitude, TEMPORAL datetime)
	Integer datediff(DATE end, DATE start)
	Integer day(DATE arg)
	String dayname(DATE arg)
	Integer dayofmonth(DATE arg)
	Integer dayofweek(DATE arg)
	Integer dayofyear(DATE arg)
	Double degrees(NUMERIC arg)
	Long dense_rank([arg0[, ...]])
	Boolean every(BOOLEAN arg)
	Double exp(NUMERIC arg)
	extract(TEMPORAL_UNIT field from TEMPORAL arg)
	first_valueANY value
	floor(NUMERIC arg)
	String format(TEMPORAL datetime as STRING pattern)
	greatest(COMPARABLE arg0, COMPARABLE arg1[, arg2[, ...]])
	String hex(arg)
	Integer hour(TIME arg)
	ifnull(arg0, arg1)
	String insert(STRING string, INTEGER start, INTEGER length, STRING replacement)
	Instant instant
	Integer instr(STRING string, STRING pattern[, INTEGER start[, INTEGER occurrence]])
	String json_array([arg0[, ...]])
	String json_array_append(IMPLICIT_JSON arg0, STRING arg1, ANY arg2)
	String json_array_insert(IMPLICIT_JSON arg0, STRING arg1, ANY arg2)
	String json_arrayagg(arg0[, arg1])
	Boolean json_exists(IMPLICIT_JSON arg0, STRING arg1)
	String json_insert(IMPLICIT_JSON arg0, STRING arg1, ANY arg2)
	String json_mergepatch(IMPLICIT_JSON arg0, IMPLICIT_JSON arg1[, arg2[, ...]])
	String json_object( ... )
	String json_objectagg(arg0, arg1[, arg2, arg3])
	String json_query( ... )
	String json_remove(IMPLICIT_JSON arg0, STRING arg1)
	String json_replace(IMPLICIT_JSON arg0, STRING arg1, ANY arg2)
	String json_set(IMPLICIT_JSON arg0, STRING arg1, ANY arg2)
	json_value( ... )
	lagANY value[, INTEGER offset[, ANY default]]
	Date last_day(DATE arg)
	last_valueANY value
	leadANY value[, INTEGER offset[, ANY default]]
	least(COMPARABLE arg0, COMPARABLE arg1[, arg2[, ...]])
	String left(STRING string, INTEGER length)
	Integer length(STRING_OR_CLOB arg)
	String listagg(STRING arg0, STRING arg1)
	Double ln(NUMERIC arg)
	LocalDate local date
	LocalDateTime local datetime
	LocalTime local time
	LocalDate local_date
	LocalDateTime local_datetime
	LocalTime local_time
	Date localtime
	Date localtimestamp
	Integer locate(STRING pattern, STRING string[, INTEGER start])
	Double log(NUMERIC arg0[, NUMERIC arg1])
	Double log10(NUMERIC arg)
	Double log2(NUMERIC arg)
	String lower(STRING string)
	String lpad(string, length[, padding])
	String ltrim(STRING string[, STRING characters])
	Date makedate(INTEGER year, INTEGER dayofyear)
	Date maketime(INTEGER hour, INTEGER min, INTEGER sec)
	max(COMPARABLE arg)
	byte[] md5(arg)
	Integer microsecond(TIME arg)
	min(COMPARABLE arg)
	Integer minute(TIME arg)
	Integer mod(INTEGER arg0, INTEGER arg1)
	Integer month(DATE arg)
	String monthname(DATE arg)
	Date now()
	nth_valueANY value, INTEGER nth
	nullif(arg0, arg1)
	Integer octet_length(STRING_OR_CLOB arg)
	OffsetDateTime offset datetime
	OffsetDateTime offset_datetime
	Integer ordinal(ENUM arg)
	String overlay(STRING string placing STRING replacement from INTEGER start[ for INTEGER length])
	String pad(STRING string with INTEGER length {leading|trailing}[ STRING character])
	Double percent_rank([arg0[, ...]])
	Double pi
	Integer position(STRING pattern in STRING string)
	Double power(NUMERIC arg0, NUMERIC arg1)
	Integer quarter(DATE arg)
	Double radians(NUMERIC arg)
	Double rand([INTEGER seed])
	Long rank([arg0[, ...]])
	Boolean regexp_like(STRING arg0, STRING arg1[, STRING arg2])
	String repeat(STRING string, INTEGER times)
	String replace(STRING string, STRING pattern, STRING replacement)
	String reverse(STRING arg)
	String right(STRING string, INTEGER length)
	round(NUMERIC number[, INTEGER places])
	Long row_number()
	String rpad(string, length[, padding])
	String rtrim(STRING string[, STRING characters])
	Integer second(TIME arg)
	byte[] sha(arg)
	String sha1(arg)
	String sha2(arg0, arg1)
	Integer sign(NUMERIC arg)
	Double sin(NUMERIC arg)
	Double sinh(NUMERIC arg)
	String soundex(arg)
	String space(INTEGER arg)
	sql
	Double sqrt(NUMERIC arg)
	Double stddev(NUMERIC arg)
	Double stddev_pop(NUMERIC arg)
	Double stddev_samp(NUMERIC arg)
	String str(arg)
	String string(ENUM arg)
	subdate(DATE datetime, INTEGER days)
	String substr(STRING string, INTEGER start[, INTEGER length])
	String substring(STRING string{ from|,} INTEGER start[{ for|,} INTEGER length])
	subtime(TIME datetime, TIME time)
	sum(arg)
	Date sysdate()
	Double tan(NUMERIC arg)
	Double tanh(NUMERIC arg)
	String time(arg)
	Date timestamp(arg0[, arg1])
	timestampadd(TEMPORAL_UNIT field, INTEGER magnitude, TEMPORAL datetime)
	Long|Double timestampdiff(TEMPORAL_UNIT field, TEMPORAL start, TEMPORAL end)
	String trim([[{leading|trailing|both} ][STRING arg0 ]from] STRING arg1)
	trunc( ... )
	truncate( ... )
	String upper(STRING string)
	Date utc_date
	Date utc_time
	Date utc_timestamp
	Double var_pop(NUMERIC arg)
	Double var_samp(NUMERIC arg)
	Double variance(NUMERIC arg)
	Integer week(DATE arg)
	Integer year(DATE arg)

2026-03-25 15:19:52 DEBUG core:211 - HHH000513: Unable to create the ReflectionOptimizer for [com.test.FourWheeler]: private accessor [lcn_no]
2026-03-25 15:19:52 DEBUG core:211 - HHH000513: Unable to create the ReflectionOptimizer for [com.test.TwoWheeler]: private accessor [lcn_no]
2026-03-25 15:19:52 DEBUG core:211 - HHH000513: Unable to create the ReflectionOptimizer for [com.test.Vehicle]: private accessor [lcn_no]
2026-03-25 15:19:52 INFO  core:53 - HHH000489: No JTA platform available (set 'hibernate.transaction.jta.platform' to enable JTA platform integration)
2026-03-25 15:19:52 DEBUG service:102 - HHH010454: EventListenerRegistry access via ServiceRegistry is deprecated - use 'sessionFactory.getEventEngine().getListenerRegistry()' instead
2026-03-25 15:19:52 DEBUG SQL:126 - 
    create table four_wheeler (
        steeringWheel varchar(255),
        id integer not null,
        primary key (id)
    ) engine=InnoDB
2026-03-25 15:19:53 DEBUG SQL:126 - 
    create table two_wheeler (
        steeringHandle varchar(255),
        id integer not null,
        primary key (id)
    ) engine=InnoDB
2026-03-25 15:19:53 DEBUG SQL:126 - 
    create table vehicle (
        id integer not null,
        lcn_no integer not null,
        v_name varchar(255),
        primary key (id)
    ) engine=InnoDB
2026-03-25 15:19:53 DEBUG Table:101 - No alter strings for table: vehicle_SEQ
2026-03-25 15:19:53 DEBUG SQL:126 - 
    alter table four_wheeler 
       add constraint FK3cau1dw821e2i9pqxg0j4k00y 
       foreign key (id) 
       references vehicle (id)
2026-03-25 15:19:54 DEBUG SQL:126 - 
    alter table two_wheeler 
       add constraint FK5oet9f45jc84c7gnma39jy9x8 
       foreign key (id) 
       references vehicle (id)
2026-03-25 15:19:55 DEBUG factoryRegistry:86 - HHH020384: Registering SessionFactory [7caccb45-49c5-45ac-8a43-297d92af9b4f] (<unnamed>)
2026-03-25 15:19:55 DEBUG core:151 - HHH006588: Opening session [tenant=null]
2026-03-25 15:19:55 DEBUG core:74 - HHH006583: Beginning transaction
2026-03-25 15:19:55 DEBUG SQL:126 - 
    select
        next_val as id_val 
    from
        vehicle_SEQ 
    for
        update
2026-03-25 15:19:55 DEBUG SQL:126 - 
    update
        vehicle_SEQ 
    set
        next_val= ? 
    where
        next_val=?
2026-03-25 15:19:55 DEBUG core:87 - HHH006584: Committing transaction
2026-03-25 15:19:55 DEBUG event:98 - HHH90060071: Flushed: 4 insertions, 0 updates, 0 deletions to 4 objects
2026-03-25 15:19:55 DEBUG event:104 - HHH90060072: Flushed: 0 (re)creations, 0 updates, 0 removals to 0 collections
2026-03-25 15:19:55 DEBUG core:102 - Listing entities:
2026-03-25 15:19:55 DEBUG core:111 - com.test.TwoWheeler{lcn_no=43365, steeringHandle=scooty Steering handle, id=554, v_name=scooter}
2026-03-25 15:19:55 DEBUG core:111 - com.test.FourWheeler{steeringWheel=Ai Steering wheel, lcn_no=0, id=555, v_name=truck}
2026-03-25 15:19:55 DEBUG core:111 - com.test.Vehicle{lcn_no=1234543, id=552, v_name=car}
2026-03-25 15:19:55 DEBUG core:111 - com.test.TwoWheeler{lcn_no=132465, steeringHandle=Bike Steering handle, id=553, v_name=Bike}
2026-03-25 15:19:55 DEBUG SQL:126 - 
    insert 
    into
        vehicle
        (lcn_no, v_name, id) 
    values
        (?, ?, ?)
2026-03-25 15:19:55 DEBUG SQL:126 - 
    insert 
    into
        vehicle
        (lcn_no, v_name, id) 
    values
        (?, ?, ?)
2026-03-25 15:19:55 DEBUG SQL:126 - 
    insert 
    into
        two_wheeler
        (steeringHandle, id) 
    values
        (?, ?)
2026-03-25 15:19:55 DEBUG SQL:126 - 
    insert 
    into
        vehicle
        (lcn_no, v_name, id) 
    values
        (?, ?, ?)
2026-03-25 15:19:55 DEBUG SQL:126 - 
    insert 
    into
        two_wheeler
        (steeringHandle, id) 
    values
        (?, ?)
2026-03-25 15:19:55 DEBUG SQL:126 - 
    insert 
    into
        vehicle
        (lcn_no, v_name, id) 
    values
        (?, ?, ?)
2026-03-25 15:19:55 DEBUG SQL:126 - 
    insert 
    into
        four_wheeler
        (steeringWheel, id) 
    values
        (?, ?)
