2026-03-25 17:20:14 DEBUG service:41 - HHH010455: Adding integrator: org.hibernate.boot.beanvalidation.BeanValidationIntegrator
2026-03-25 17:20:14 DEBUG service:41 - HHH010455: Adding integrator: org.hibernate.cache.internal.CollectionCacheInvalidator
2026-03-25 17:20:14 INFO  core:41 - HHH000001: Hibernate ORM core version 7.3.0.Final
2026-03-25 17:20:14 DEBUG core:155 - HHH000206: 'hibernate.properties' not found
2026-03-25 17:20:14 DEBUG boot:97 - HHH160204: cfg.xml document did not define namespaces; wrapping in custom event reader to introduce namespace information
2026-03-25 17:22:40 DEBUG service:41 - HHH010455: Adding integrator: org.hibernate.boot.beanvalidation.BeanValidationIntegrator
2026-03-25 17:22:40 DEBUG service:41 - HHH010455: Adding integrator: org.hibernate.cache.internal.CollectionCacheInvalidator
2026-03-25 17:22:41 INFO  core:41 - HHH000001: Hibernate ORM core version 7.3.0.Final
2026-03-25 17:22:41 DEBUG core:155 - HHH000206: 'hibernate.properties' not found
2026-03-25 17:22:41 DEBUG service:41 - HHH010455: Adding integrator: org.hibernate.boot.beanvalidation.BeanValidationIntegrator
2026-03-25 17:22:41 DEBUG service:41 - HHH010455: Adding integrator: org.hibernate.cache.internal.CollectionCacheInvalidator
2026-03-25 17:22:41 DEBUG cache:116 - HHH90001031: Cannot default RegionFactory since no RegionFactory strategies were registered
2026-03-25 17:22:41 DEBUG cache:46 - HHH90001029: Second-level cache disabled
2026-03-25 17:22:41 WARN  pooling:86 - HHH10001002: Using built-in connection pool (not intended for production use)
2026-03-25 17:22:41 DEBUG pooling:34 - HHH10001014: Initializing connection pool with 1 connections
2026-03-25 17:22:41 DEBUG jdbc:457 - HHH100017: Database:
	name: MySQL
	version: 8.0.42
	major: 8
	minor: 0
2026-03-25 17:22:41 DEBUG jdbc:463 - HHH100018: Driver:
	name: MySQL Connector/J
	version: mysql-connector-j-8.0.33 (Revision: 7d6b0800528b6b25c68b52dc10d6c1c8429c100c)
	major: 8
	minor: 0
	JDBC version: 4.2
2026-03-25 17:22:41 DEBUG dialect:93 - HHH035001: Using dialect: org.hibernate.dialect.MySQLDialect, version: 8.0.42
2026-03-25 17:22:41 DEBUG IdentifierHelperBuilder:205 - IdentifierCaseStrategy for both quoted and unquoted identifiers was set to the same strategy [LOWER]; that will likely lead to problems in schema update and validation if using quoted identifiers
2026-03-25 17:22:41 DEBUG jdbc:379 - HHH100122: Using default JDBC fetch size: 0
2026-03-25 17:22:41 INFO  pooling:179 - HHH10001005: Database info:
	Database JDBC URL [jdbc:mysql://localhost:3306/mla]
	Database driver: MySQL Connector/J
	Database dialect: MySQLDialect
	Database version: 8.0.42
	Default catalog/schema: mla/undefined
	Autocommit mode: false
	Isolation level: REPEATABLE_READ
	JDBC fetch size: none
	Pool: DriverManagerConnectionProvider
	Minimum pool size: 1
	Maximum pool size: 20
2026-03-25 17:24:28 DEBUG service:41 - HHH010455: Adding integrator: org.hibernate.boot.beanvalidation.BeanValidationIntegrator
2026-03-25 17:24:28 DEBUG service:41 - HHH010455: Adding integrator: org.hibernate.cache.internal.CollectionCacheInvalidator
2026-03-25 17:24:28 INFO  core:41 - HHH000001: Hibernate ORM core version 7.3.0.Final
2026-03-25 17:24:28 DEBUG core:155 - HHH000206: 'hibernate.properties' not found
2026-03-25 17:24:28 DEBUG service:41 - HHH010455: Adding integrator: org.hibernate.boot.beanvalidation.BeanValidationIntegrator
2026-03-25 17:24:28 DEBUG service:41 - HHH010455: Adding integrator: org.hibernate.cache.internal.CollectionCacheInvalidator
2026-03-25 17:24:28 DEBUG cache:116 - HHH90001031: Cannot default RegionFactory since no RegionFactory strategies were registered
2026-03-25 17:24:28 DEBUG cache:46 - HHH90001029: Second-level cache disabled
2026-03-25 17:24:28 WARN  pooling:86 - HHH10001002: Using built-in connection pool (not intended for production use)
2026-03-25 17:24:29 DEBUG pooling:34 - HHH10001014: Initializing connection pool with 1 connections
2026-03-25 17:24:29 DEBUG jdbc:457 - HHH100017: Database:
	name: MySQL
	version: 8.0.42
	major: 8
	minor: 0
2026-03-25 17:24:29 DEBUG jdbc:463 - HHH100018: Driver:
	name: MySQL Connector/J
	version: mysql-connector-j-8.0.33 (Revision: 7d6b0800528b6b25c68b52dc10d6c1c8429c100c)
	major: 8
	minor: 0
	JDBC version: 4.2
2026-03-25 17:24:29 DEBUG dialect:93 - HHH035001: Using dialect: org.hibernate.dialect.MySQLDialect, version: 8.0.42
2026-03-25 17:24:29 DEBUG IdentifierHelperBuilder:205 - IdentifierCaseStrategy for both quoted and unquoted identifiers was set to the same strategy [LOWER]; that will likely lead to problems in schema update and validation if using quoted identifiers
2026-03-25 17:24:29 DEBUG jdbc:379 - HHH100122: Using default JDBC fetch size: 0
2026-03-25 17:24:29 INFO  pooling:179 - HHH10001005: Database info:
	Database JDBC URL [jdbc:mysql://localhost:3306/mla]
	Database driver: MySQL Connector/J
	Database dialect: MySQLDialect
	Database version: 8.0.42
	Default catalog/schema: mla/undefined
	Autocommit mode: false
	Isolation level: REPEATABLE_READ
	JDBC fetch size: none
	Pool: DriverManagerConnectionProvider
	Minimum pool size: 1
	Maximum pool size: 20
2026-03-25 17:24:29 DEBUG factory:230 - HHH90020001: Instantiating factory [3809afd1-63ae-46d2-aa16-d006a532e06e] with settings: {java.specification.version=25, sun.cpu.isalist=amd64, sun.jnu.encoding=Cp1252, java.class.path=C:\Users\yashaswini.hs\Desktop\Spring-advance\Assignment\target\classes;C:\Users\yashaswini.hs\.m2\repository\com\mysql\mysql-connector-j\8.0.33\mysql-connector-j-8.0.33.jar;C:\Users\yashaswini.hs\.m2\repository\com\google\protobuf\protobuf-java\3.21.9\protobuf-java-3.21.9.jar;C:\Users\yashaswini.hs\.m2\repository\org\hibernate\orm\hibernate-core\7.3.0.Final\hibernate-core-7.3.0.Final.jar;C:\Users\yashaswini.hs\.m2\repository\jakarta\persistence\jakarta.persistence-api\3.2.0\jakarta.persistence-api-3.2.0.jar;C:\Users\yashaswini.hs\.m2\repository\jakarta\transaction\jakarta.transaction-api\2.0.1\jakarta.transaction-api-2.0.1.jar;C:\Users\yashaswini.hs\.m2\repository\org\jboss\logging\jboss-logging\3.6.1.Final\jboss-logging-3.6.1.Final.jar;C:\Users\yashaswini.hs\.m2\repository\org\hibernate\models\hibernate-models\1.1.0\hibernate-models-1.1.0.jar;C:\Users\yashaswini.hs\.m2\repository\net\bytebuddy\byte-buddy\1.18.7\byte-buddy-1.18.7.jar;C:\Users\yashaswini.hs\.m2\repository\jakarta\xml\bind\jakarta.xml.bind-api\4.0.4\jakarta.xml.bind-api-4.0.4.jar;C:\Users\yashaswini.hs\.m2\repository\jakarta\activation\jakarta.activation-api\2.1.4\jakarta.activation-api-2.1.4.jar;C:\Users\yashaswini.hs\.m2\repository\org\glassfish\jaxb\jaxb-runtime\4.0.6\jaxb-runtime-4.0.6.jar;C:\Users\yashaswini.hs\.m2\repository\org\glassfish\jaxb\jaxb-core\4.0.6\jaxb-core-4.0.6.jar;C:\Users\yashaswini.hs\.m2\repository\org\eclipse\angus\angus-activation\2.0.3\angus-activation-2.0.3.jar;C:\Users\yashaswini.hs\.m2\repository\org\glassfish\jaxb\txw2\4.0.6\txw2-4.0.6.jar;C:\Users\yashaswini.hs\.m2\repository\com\sun\istack\istack-commons-runtime\4.1.2\istack-commons-runtime-4.1.2.jar;C:\Users\yashaswini.hs\.m2\repository\jakarta\inject\jakarta.inject-api\2.0.1\jakarta.inject-api-2.0.1.jar;C:\Users\yashaswini.hs\.m2\repository\org\antlr\antlr4-runtime\4.13.2\antlr4-runtime-4.13.2.jar;C:\Users\yashaswini.hs\.m2\repository\org\apache\logging\log4j\log4j-core\2.17.1\log4j-core-2.17.1.jar;C:\Users\yashaswini.hs\.m2\repository\org\apache\logging\log4j\log4j-api\2.17.1\log4j-api-2.17.1.jar;C:\Users\yashaswini.hs\.m2\repository\org\apache\logging\log4j\log4j-slf4j-impl\2.17.1\log4j-slf4j-impl-2.17.1.jar;C:\Users\yashaswini.hs\.m2\repository\org\slf4j\slf4j-api\1.7.25\slf4j-api-1.7.25.jar, java.vm.vendor=Eclipse Adoptium, sun.arch.data.model=64, user.variant=, java.vendor.url=https://adoptium.net/, user.timezone=Asia/Calcutta, java.vm.specification.version=25, os.name=Windows 11, sun.java.launcher=SUN_STANDARD, user.country=US, sun.boot.library.path=C:\Users\yashaswini.hs\Downloads\sts-5.1.1.RELEASE\plugins\org.eclipse.justj.openjdk.hotspot.jre.full.win32.x86_64_25.0.2.v20260203-1141\jre\bin, sun.java.command=com.test.CollegeDemo, jdk.debug=release, sun.cpu.endian=little, user.home=C:\Users\yashaswini.hs, user.language=en, java.specification.vendor=Oracle Corporation, java.version.date=2026-01-20, java.home=C:\Users\yashaswini.hs\Downloads\sts-5.1.1.RELEASE\plugins\org.eclipse.justj.openjdk.hotspot.jre.full.win32.x86_64_25.0.2.v20260203-1141\jre, file.separator=\, java.vm.compressedOopsMode=Zero based, line.separator=
, java.vm.specification.vendor=Oracle Corporation, java.specification.name=Java Platform API Specification, hibernate.hbm2ddl.auto=update, user.script=, sun.management.compiler=HotSpot 64-Bit Tiered Compilers, java.runtime.version=25.0.2+10-LTS, user.name=yashaswini.hs, stdout.encoding=UTF-8, path.separator=;, hibernate.connection.username=****, os.version=10.0, java.runtime.name=OpenJDK Runtime Environment, hibernate.connection.url=jdbc:mysql://localhost:3306/mla, file.encoding=UTF-8, java.vm.name=OpenJDK 64-Bit Server VM, hibernate.show_sql=true, java.vendor.version=Temurin-25.0.2+10, hibernate.current_session_context_class=thread, hibernate.connection.driver_class=com.mysql.cj.jdbc.Driver, java.vendor.url.bug=https://github.com/adoptium/adoptium-support/issues, java.io.tmpdir=C:\Users\YASHAS~1.HS\AppData\Local\Temp\, java.version=25.0.2, user.dir=C:\Users\yashaswini.hs\Desktop\Spring-advance\Assignment, os.arch=amd64, java.vm.specification.name=Java Virtual Machine Specification, hibernate.connection.password=****, sun.os.patch.level=, hibernate.boot.CfgXmlAccessService.key=org.hibernate.boot.cfgxml.spi.LoadedConfig@18d003cd, native.encoding=Cp1252, java.library.path=C:\Users\yashaswini.hs\Downloads\sts-5.1.1.RELEASE\plugins\org.eclipse.justj.openjdk.hotspot.jre.full.win32.x86_64_25.0.2.v20260203-1141\jre\bin;C:\WINDOWS\Sun\Java\bin;C:\WINDOWS\system32;C:\WINDOWS;C:/Users/yashaswini.hs/Downloads/sts-5.1.1.RELEASE//plugins/org.eclipse.justj.openjdk.hotspot.jre.full.win32.x86_64_25.0.2.v20260203-1141/jre/bin/server;C:/Users/yashaswini.hs/Downloads/sts-5.1.1.RELEASE//plugins/org.eclipse.justj.openjdk.hotspot.jre.full.win32.x86_64_25.0.2.v20260203-1141/jre/bin;C:\Program Files\Microsoft\jdk-11.0.23.9-hotspot\bin;C:\Program Files\Microsoft\jdk-17.0.15.6-hotspot\bin;C:\Program Files\Python313\Scripts\;C:\Program Files\Python313\;%SystemRoot%\system32;%SystemRoot%;%SystemRoot%\System32\Wbem;%SYSTEMROOT%\System32\WindowsPowerShell\v1.0\;%SYSTEMROOT%\System32\OpenSSH\;C:\Program Files\Git\cmd;C:\Program Files\dotnet\;C:\Program Files\apache-maven-3.9.10\bin;C:\Program Files\nodejs\;C:\Program Files\Microsoft VS Code\bin;C:\Program Files\PuTTY\;C:\Program Files (x86)\Microsoft SQL Server\160\DTS\Binn\;C:\Program Files (x86)\Microsoft SQL Server\160\Tools\Binn\;C:\Program Files\Microsoft SQL Server\160\Tools\Binn\;C:\Program Files\Microsoft SQL Server\Client SDK\ODBC\170\Tools\Binn\;C:\Program Files\Microsoft SQL Server\160\DTS\Binn\;C:\Program Files\apache-maven-3.9.10\bin;C:\Program Files\apache-maven-3.9.10\bin;C:\Program Files\apache-maven-3.9.10\bin;C:\Users\yashaswini.hs\AppData\Local\Microsoft\WindowsApps;;C:\Users\yashaswini.hs\Downloads\sts-5.1.1.RELEASE;;., stderr.encoding=UTF-8, java.vendor=Eclipse Adoptium, java.vm.info=mixed mode, sharing, java.vm.version=25.0.2+10-LTS, stdin.encoding=Cp1252, sun.io.unicode.encoding=UnicodeLittle, java.class.version=69.0}
2026-03-25 17:24:29 DEBUG HQL_FUNCTIONS:155 - Available HQL Functions:
	abs(NUMERIC arg)
	Double acos(NUMERIC arg)
	adddate(DATE datetime, INTEGER days)
	addtime(TIME datetime, TIME time)
	Boolean any(BOOLEAN arg)
	Integer ascii(STRING arg)
	Double asin(NUMERIC arg)
	Double atan(NUMERIC arg)
	Double atan2(NUMERIC arg0, NUMERIC arg1)
	avg(arg)
	bit_and(arg)
	Integer bit_length(STRING_OR_CLOB arg)
	bit_or(arg)
	bitand(arg0, arg1)
	bitnot(arg)
	bitor(arg0, arg1)
	bitxor(arg0, arg1)
	cast(arg as Type)
	ceiling(NUMERIC arg)
	Character char(INTEGER arg)
	Integer character_length(STRING_OR_CLOB arg)
	Character chr(INTEGER arg)
	coalesce(arg0[, arg1[, ...]])
	String collate(STRING string as COLLATION collation)
	String concat(STRING string0[, STRING string1[, ...]])
	Double cos(NUMERIC arg)
	Double cosh(NUMERIC arg)
	Double cot(NUMERIC arg)
	Long count([distinct ]{arg|*})
	Integer crc32(arg)
	Double cume_dist([arg0[, ...]])
	Date curdate()
	Date current date
	Date current time
	Date current timestamp
	Date current_date
	Instant current_instant
	Date current_time
	Date current_timestamp
	Date curtime()
	Date date(arg)
	dateadd(TEMPORAL_UNIT field, INTEGER magnitude, TEMPORAL datetime)
	Integer datediff(DATE end, DATE start)
	Integer day(DATE arg)
	String dayname(DATE arg)
	Integer dayofmonth(DATE arg)
	Integer dayofweek(DATE arg)
	Integer dayofyear(DATE arg)
	Double degrees(NUMERIC arg)
	Long dense_rank([arg0[, ...]])
	Boolean every(BOOLEAN arg)
	Double exp(NUMERIC arg)
	extract(TEMPORAL_UNIT field from TEMPORAL arg)
	first_valueANY value
	floor(NUMERIC arg)
	String format(TEMPORAL datetime as STRING pattern)
	greatest(COMPARABLE arg0, COMPARABLE arg1[, arg2[, ...]])
	String hex(arg)
	Integer hour(TIME arg)
	ifnull(arg0, arg1)
	String insert(STRING string, INTEGER start, INTEGER length, STRING replacement)
	Instant instant
	Integer instr(STRING string, STRING pattern[, INTEGER start[, INTEGER occurrence]])
	String json_array([arg0[, ...]])
	String json_array_append(IMPLICIT_JSON arg0, STRING arg1, ANY arg2)
	String json_array_insert(IMPLICIT_JSON arg0, STRING arg1, ANY arg2)
	String json_arrayagg(arg0[, arg1])
	Boolean json_exists(IMPLICIT_JSON arg0, STRING arg1)
	String json_insert(IMPLICIT_JSON arg0, STRING arg1, ANY arg2)
	String json_mergepatch(IMPLICIT_JSON arg0, IMPLICIT_JSON arg1[, arg2[, ...]])
	String json_object( ... )
	String json_objectagg(arg0, arg1[, arg2, arg3])
	String json_query( ... )
	String json_remove(IMPLICIT_JSON arg0, STRING arg1)
	String json_replace(IMPLICIT_JSON arg0, STRING arg1, ANY arg2)
	String json_set(IMPLICIT_JSON arg0, STRING arg1, ANY arg2)
	json_value( ... )
	lagANY value[, INTEGER offset[, ANY default]]
	Date last_day(DATE arg)
	last_valueANY value
	leadANY value[, INTEGER offset[, ANY default]]
	least(COMPARABLE arg0, COMPARABLE arg1[, arg2[, ...]])
	String left(STRING string, INTEGER length)
	Integer length(STRING_OR_CLOB arg)
	String listagg(STRING arg0, STRING arg1)
	Double ln(NUMERIC arg)
	LocalDate local date
	LocalDateTime local datetime
	LocalTime local time
	LocalDate local_date
	LocalDateTime local_datetime
	LocalTime local_time
	Date localtime
	Date localtimestamp
	Integer locate(STRING pattern, STRING string[, INTEGER start])
	Double log(NUMERIC arg0[, NUMERIC arg1])
	Double log10(NUMERIC arg)
	Double log2(NUMERIC arg)
	String lower(STRING string)
	String lpad(string, length[, padding])
	String ltrim(STRING string[, STRING characters])
	Date makedate(INTEGER year, INTEGER dayofyear)
	Date maketime(INTEGER hour, INTEGER min, INTEGER sec)
	max(COMPARABLE arg)
	byte[] md5(arg)
	Integer microsecond(TIME arg)
	min(COMPARABLE arg)
	Integer minute(TIME arg)
	Integer mod(INTEGER arg0, INTEGER arg1)
	Integer month(DATE arg)
	String monthname(DATE arg)
	Date now()
	nth_valueANY value, INTEGER nth
	nullif(arg0, arg1)
	Integer octet_length(STRING_OR_CLOB arg)
	OffsetDateTime offset datetime
	OffsetDateTime offset_datetime
	Integer ordinal(ENUM arg)
	String overlay(STRING string placing STRING replacement from INTEGER start[ for INTEGER length])
	String pad(STRING string with INTEGER length {leading|trailing}[ STRING character])
	Double percent_rank([arg0[, ...]])
	Double pi
	Integer position(STRING pattern in STRING string)
	Double power(NUMERIC arg0, NUMERIC arg1)
	Integer quarter(DATE arg)
	Double radians(NUMERIC arg)
	Double rand([INTEGER seed])
	Long rank([arg0[, ...]])
	Boolean regexp_like(STRING arg0, STRING arg1[, STRING arg2])
	String repeat(STRING string, INTEGER times)
	String replace(STRING string, STRING pattern, STRING replacement)
	String reverse(STRING arg)
	String right(STRING string, INTEGER length)
	round(NUMERIC number[, INTEGER places])
	Long row_number()
	String rpad(string, length[, padding])
	String rtrim(STRING string[, STRING characters])
	Integer second(TIME arg)
	byte[] sha(arg)
	String sha1(arg)
	String sha2(arg0, arg1)
	Integer sign(NUMERIC arg)
	Double sin(NUMERIC arg)
	Double sinh(NUMERIC arg)
	String soundex(arg)
	String space(INTEGER arg)
	sql
	Double sqrt(NUMERIC arg)
	Double stddev(NUMERIC arg)
	Double stddev_pop(NUMERIC arg)
	Double stddev_samp(NUMERIC arg)
	String str(arg)
	String string(ENUM arg)
	subdate(DATE datetime, INTEGER days)
	String substr(STRING string, INTEGER start[, INTEGER length])
	String substring(STRING string{ from|,} INTEGER start[{ for|,} INTEGER length])
	subtime(TIME datetime, TIME time)
	sum(arg)
	Date sysdate()
	Double tan(NUMERIC arg)
	Double tanh(NUMERIC arg)
	String time(arg)
	Date timestamp(arg0[, arg1])
	timestampadd(TEMPORAL_UNIT field, INTEGER magnitude, TEMPORAL datetime)
	Long|Double timestampdiff(TEMPORAL_UNIT field, TEMPORAL start, TEMPORAL end)
	String trim([[{leading|trailing|both} ][STRING arg0 ]from] STRING arg1)
	trunc( ... )
	truncate( ... )
	String upper(STRING string)
	Date utc_date
	Date utc_time
	Date utc_timestamp
	Double var_pop(NUMERIC arg)
	Double var_samp(NUMERIC arg)
	Double variance(NUMERIC arg)
	Integer week(DATE arg)
	Integer year(DATE arg)

2026-03-25 17:24:30 DEBUG core:211 - HHH000513: Unable to create the ReflectionOptimizer for [com.test.College]: private accessor [clg_city]
2026-03-25 17:24:30 DEBUG service:102 - HHH010454: EventListenerRegistry access via ServiceRegistry is deprecated - use 'sessionFactory.getEventEngine().getListenerRegistry()' instead
2026-03-25 17:24:30 DEBUG SQL:126 - create table college (id integer not null, clg_city varchar(255), clg_name varchar(255), clg_pincode integer not null, year integer not null, primary key (id)) engine=InnoDB
2026-03-25 17:24:30 DEBUG SQL:126 - create table college_SEQ (next_val bigint) engine=InnoDB
2026-03-25 17:24:31 DEBUG SQL:126 - insert into college_SEQ ( next_val ) values ( 1 )
2026-03-25 17:24:31 DEBUG factoryRegistry:86 - HHH020384: Registering SessionFactory [3809afd1-63ae-46d2-aa16-d006a532e06e] (<unnamed>)
2026-03-25 17:24:31 DEBUG core:151 - HHH006588: Opening session [tenant=null]
2026-03-25 17:24:31 DEBUG core:74 - HHH006583: Beginning transaction
2026-03-25 17:24:31 DEBUG SQL:126 - select next_val as id_val from college_SEQ for update
2026-03-25 17:24:31 DEBUG SQL:126 - update college_SEQ set next_val= ? where next_val=?
2026-03-25 17:24:31 DEBUG core:87 - HHH006584: Committing transaction
2026-03-25 17:24:31 DEBUG event:98 - HHH90060071: Flushed: 1 insertions, 0 updates, 0 deletions to 1 objects
2026-03-25 17:24:31 DEBUG event:104 - HHH90060072: Flushed: 0 (re)creations, 0 updates, 0 removals to 0 collections
2026-03-25 17:24:31 DEBUG core:102 - Listing entities:
2026-03-25 17:24:31 DEBUG core:111 - com.test.College{year=1999, clg_pincode=560058, clg_name=Ramaiah, id=1, clg_city=Bengaluru}
2026-03-25 17:24:31 DEBUG SQL:126 - insert into college (clg_city,clg_name,clg_pincode,year,id) values (?,?,?,?,?)
2026-03-25 17:24:31 DEBUG metrics:277 - HHH000401: Logging session metrics:
	15884300 ns acquiring 2 JDBC connections
	2774500 ns releasing 2 JDBC connections
	668400 ns preparing 3 JDBC statements
	4620500 ns executing 3 JDBC statements
	0 ns executing 0 JDBC batches
	0 ns performing 0 second-level cache puts
	0 ns performing 0 second-level cache hits
	0 ns performing 0 second-level cache misses
	20556200 ns executing 1 flushes (flushing a total of 1 entities and 0 collections)
	0 ns executing 0 pre-partial-flushes
	0 ns executing 0 partial-flushes (flushing a total of 0 entities and 0 collections)

2026-03-25 17:24:31 DEBUG core:151 - HHH006588: Opening session [tenant=null]
2026-03-25 17:27:18 DEBUG service:41 - HHH010455: Adding integrator: org.hibernate.boot.beanvalidation.BeanValidationIntegrator
2026-03-25 17:27:18 DEBUG service:41 - HHH010455: Adding integrator: org.hibernate.cache.internal.CollectionCacheInvalidator
2026-03-25 17:27:18 INFO  core:41 - HHH000001: Hibernate ORM core version 7.3.0.Final
2026-03-25 17:27:18 DEBUG core:155 - HHH000206: 'hibernate.properties' not found
2026-03-25 17:27:18 DEBUG service:41 - HHH010455: Adding integrator: org.hibernate.boot.beanvalidation.BeanValidationIntegrator
2026-03-25 17:27:18 DEBUG service:41 - HHH010455: Adding integrator: org.hibernate.cache.internal.CollectionCacheInvalidator
2026-03-25 17:27:18 DEBUG cache:116 - HHH90001031: Cannot default RegionFactory since no RegionFactory strategies were registered
2026-03-25 17:27:18 DEBUG cache:46 - HHH90001029: Second-level cache disabled
2026-03-25 17:27:18 WARN  pooling:86 - HHH10001002: Using built-in connection pool (not intended for production use)
2026-03-25 17:27:18 DEBUG pooling:34 - HHH10001014: Initializing connection pool with 1 connections
2026-03-25 17:27:18 DEBUG jdbc:457 - HHH100017: Database:
	name: MySQL
	version: 8.0.42
	major: 8
	minor: 0
2026-03-25 17:27:18 DEBUG jdbc:463 - HHH100018: Driver:
	name: MySQL Connector/J
	version: mysql-connector-j-8.0.33 (Revision: 7d6b0800528b6b25c68b52dc10d6c1c8429c100c)
	major: 8
	minor: 0
	JDBC version: 4.2
2026-03-25 17:27:19 DEBUG dialect:93 - HHH035001: Using dialect: org.hibernate.dialect.MySQLDialect, version: 8.0.42
2026-03-25 17:27:19 DEBUG IdentifierHelperBuilder:205 - IdentifierCaseStrategy for both quoted and unquoted identifiers was set to the same strategy [LOWER]; that will likely lead to problems in schema update and validation if using quoted identifiers
2026-03-25 17:27:19 DEBUG jdbc:379 - HHH100122: Using default JDBC fetch size: 0
2026-03-25 17:27:19 INFO  pooling:179 - HHH10001005: Database info:
	Database JDBC URL [jdbc:mysql://localhost:3306/mla]
	Database driver: MySQL Connector/J
	Database dialect: MySQLDialect
	Database version: 8.0.42
	Default catalog/schema: mla/undefined
	Autocommit mode: false
	Isolation level: REPEATABLE_READ
	JDBC fetch size: none
	Pool: DriverManagerConnectionProvider
	Minimum pool size: 1
	Maximum pool size: 20
2026-03-25 17:27:19 DEBUG factory:230 - HHH90020001: Instantiating factory [7ca25610-a019-4972-a72e-46acd8466f1b] with settings: {java.specification.version=25, sun.cpu.isalist=amd64, sun.jnu.encoding=Cp1252, java.class.path=C:\Users\yashaswini.hs\Desktop\Spring-advance\Assignment\target\classes;C:\Users\yashaswini.hs\.m2\repository\com\mysql\mysql-connector-j\8.0.33\mysql-connector-j-8.0.33.jar;C:\Users\yashaswini.hs\.m2\repository\com\google\protobuf\protobuf-java\3.21.9\protobuf-java-3.21.9.jar;C:\Users\yashaswini.hs\.m2\repository\org\hibernate\orm\hibernate-core\7.3.0.Final\hibernate-core-7.3.0.Final.jar;C:\Users\yashaswini.hs\.m2\repository\jakarta\persistence\jakarta.persistence-api\3.2.0\jakarta.persistence-api-3.2.0.jar;C:\Users\yashaswini.hs\.m2\repository\jakarta\transaction\jakarta.transaction-api\2.0.1\jakarta.transaction-api-2.0.1.jar;C:\Users\yashaswini.hs\.m2\repository\org\jboss\logging\jboss-logging\3.6.1.Final\jboss-logging-3.6.1.Final.jar;C:\Users\yashaswini.hs\.m2\repository\org\hibernate\models\hibernate-models\1.1.0\hibernate-models-1.1.0.jar;C:\Users\yashaswini.hs\.m2\repository\net\bytebuddy\byte-buddy\1.18.7\byte-buddy-1.18.7.jar;C:\Users\yashaswini.hs\.m2\repository\jakarta\xml\bind\jakarta.xml.bind-api\4.0.4\jakarta.xml.bind-api-4.0.4.jar;C:\Users\yashaswini.hs\.m2\repository\jakarta\activation\jakarta.activation-api\2.1.4\jakarta.activation-api-2.1.4.jar;C:\Users\yashaswini.hs\.m2\repository\org\glassfish\jaxb\jaxb-runtime\4.0.6\jaxb-runtime-4.0.6.jar;C:\Users\yashaswini.hs\.m2\repository\org\glassfish\jaxb\jaxb-core\4.0.6\jaxb-core-4.0.6.jar;C:\Users\yashaswini.hs\.m2\repository\org\eclipse\angus\angus-activation\2.0.3\angus-activation-2.0.3.jar;C:\Users\yashaswini.hs\.m2\repository\org\glassfish\jaxb\txw2\4.0.6\txw2-4.0.6.jar;C:\Users\yashaswini.hs\.m2\repository\com\sun\istack\istack-commons-runtime\4.1.2\istack-commons-runtime-4.1.2.jar;C:\Users\yashaswini.hs\.m2\repository\jakarta\inject\jakarta.inject-api\2.0.1\jakarta.inject-api-2.0.1.jar;C:\Users\yashaswini.hs\.m2\repository\org\antlr\antlr4-runtime\4.13.2\antlr4-runtime-4.13.2.jar;C:\Users\yashaswini.hs\.m2\repository\org\apache\logging\log4j\log4j-core\2.17.1\log4j-core-2.17.1.jar;C:\Users\yashaswini.hs\.m2\repository\org\apache\logging\log4j\log4j-api\2.17.1\log4j-api-2.17.1.jar;C:\Users\yashaswini.hs\.m2\repository\org\apache\logging\log4j\log4j-slf4j-impl\2.17.1\log4j-slf4j-impl-2.17.1.jar;C:\Users\yashaswini.hs\.m2\repository\org\slf4j\slf4j-api\1.7.25\slf4j-api-1.7.25.jar, java.vm.vendor=Eclipse Adoptium, sun.arch.data.model=64, user.variant=, java.vendor.url=https://adoptium.net/, user.timezone=Asia/Calcutta, java.vm.specification.version=25, os.name=Windows 11, sun.java.launcher=SUN_STANDARD, user.country=US, sun.boot.library.path=C:\Users\yashaswini.hs\Downloads\sts-5.1.1.RELEASE\plugins\org.eclipse.justj.openjdk.hotspot.jre.full.win32.x86_64_25.0.2.v20260203-1141\jre\bin, sun.java.command=com.test.CollegeDemo, jdk.debug=release, sun.cpu.endian=little, user.home=C:\Users\yashaswini.hs, user.language=en, java.specification.vendor=Oracle Corporation, java.version.date=2026-01-20, java.home=C:\Users\yashaswini.hs\Downloads\sts-5.1.1.RELEASE\plugins\org.eclipse.justj.openjdk.hotspot.jre.full.win32.x86_64_25.0.2.v20260203-1141\jre, file.separator=\, java.vm.compressedOopsMode=Zero based, line.separator=
, java.vm.specification.vendor=Oracle Corporation, java.specification.name=Java Platform API Specification, hibernate.hbm2ddl.auto=update, user.script=, sun.management.compiler=HotSpot 64-Bit Tiered Compilers, java.runtime.version=25.0.2+10-LTS, user.name=yashaswini.hs, stdout.encoding=UTF-8, path.separator=;, hibernate.connection.username=****, os.version=10.0, java.runtime.name=OpenJDK Runtime Environment, hibernate.connection.url=jdbc:mysql://localhost:3306/mla, file.encoding=UTF-8, java.vm.name=OpenJDK 64-Bit Server VM, hibernate.show_sql=true, java.vendor.version=Temurin-25.0.2+10, hibernate.current_session_context_class=thread, hibernate.connection.driver_class=com.mysql.cj.jdbc.Driver, java.vendor.url.bug=https://github.com/adoptium/adoptium-support/issues, java.io.tmpdir=C:\Users\YASHAS~1.HS\AppData\Local\Temp\, java.version=25.0.2, user.dir=C:\Users\yashaswini.hs\Desktop\Spring-advance\Assignment, os.arch=amd64, java.vm.specification.name=Java Virtual Machine Specification, hibernate.connection.password=****, sun.os.patch.level=, hibernate.boot.CfgXmlAccessService.key=org.hibernate.boot.cfgxml.spi.LoadedConfig@18d003cd, native.encoding=Cp1252, java.library.path=C:\Users\yashaswini.hs\Downloads\sts-5.1.1.RELEASE\plugins\org.eclipse.justj.openjdk.hotspot.jre.full.win32.x86_64_25.0.2.v20260203-1141\jre\bin;C:\WINDOWS\Sun\Java\bin;C:\WINDOWS\system32;C:\WINDOWS;C:/Users/yashaswini.hs/Downloads/sts-5.1.1.RELEASE//plugins/org.eclipse.justj.openjdk.hotspot.jre.full.win32.x86_64_25.0.2.v20260203-1141/jre/bin/server;C:/Users/yashaswini.hs/Downloads/sts-5.1.1.RELEASE//plugins/org.eclipse.justj.openjdk.hotspot.jre.full.win32.x86_64_25.0.2.v20260203-1141/jre/bin;C:\Program Files\Microsoft\jdk-11.0.23.9-hotspot\bin;C:\Program Files\Microsoft\jdk-17.0.15.6-hotspot\bin;C:\Program Files\Python313\Scripts\;C:\Program Files\Python313\;%SystemRoot%\system32;%SystemRoot%;%SystemRoot%\System32\Wbem;%SYSTEMROOT%\System32\WindowsPowerShell\v1.0\;%SYSTEMROOT%\System32\OpenSSH\;C:\Program Files\Git\cmd;C:\Program Files\dotnet\;C:\Program Files\apache-maven-3.9.10\bin;C:\Program Files\nodejs\;C:\Program Files\Microsoft VS Code\bin;C:\Program Files\PuTTY\;C:\Program Files (x86)\Microsoft SQL Server\160\DTS\Binn\;C:\Program Files (x86)\Microsoft SQL Server\160\Tools\Binn\;C:\Program Files\Microsoft SQL Server\160\Tools\Binn\;C:\Program Files\Microsoft SQL Server\Client SDK\ODBC\170\Tools\Binn\;C:\Program Files\Microsoft SQL Server\160\DTS\Binn\;C:\Program Files\apache-maven-3.9.10\bin;C:\Program Files\apache-maven-3.9.10\bin;C:\Program Files\apache-maven-3.9.10\bin;C:\Users\yashaswini.hs\AppData\Local\Microsoft\WindowsApps;;C:\Users\yashaswini.hs\Downloads\sts-5.1.1.RELEASE;;., stderr.encoding=UTF-8, java.vendor=Eclipse Adoptium, java.vm.info=mixed mode, sharing, java.vm.version=25.0.2+10-LTS, stdin.encoding=Cp1252, sun.io.unicode.encoding=UnicodeLittle, java.class.version=69.0}
2026-03-25 17:27:19 DEBUG HQL_FUNCTIONS:155 - Available HQL Functions:
	abs(NUMERIC arg)
	Double acos(NUMERIC arg)
	adddate(DATE datetime, INTEGER days)
	addtime(TIME datetime, TIME time)
	Boolean any(BOOLEAN arg)
	Integer ascii(STRING arg)
	Double asin(NUMERIC arg)
	Double atan(NUMERIC arg)
	Double atan2(NUMERIC arg0, NUMERIC arg1)
	avg(arg)
	bit_and(arg)
	Integer bit_length(STRING_OR_CLOB arg)
	bit_or(arg)
	bitand(arg0, arg1)
	bitnot(arg)
	bitor(arg0, arg1)
	bitxor(arg0, arg1)
	cast(arg as Type)
	ceiling(NUMERIC arg)
	Character char(INTEGER arg)
	Integer character_length(STRING_OR_CLOB arg)
	Character chr(INTEGER arg)
	coalesce(arg0[, arg1[, ...]])
	String collate(STRING string as COLLATION collation)
	String concat(STRING string0[, STRING string1[, ...]])
	Double cos(NUMERIC arg)
	Double cosh(NUMERIC arg)
	Double cot(NUMERIC arg)
	Long count([distinct ]{arg|*})
	Integer crc32(arg)
	Double cume_dist([arg0[, ...]])
	Date curdate()
	Date current date
	Date current time
	Date current timestamp
	Date current_date
	Instant current_instant
	Date current_time
	Date current_timestamp
	Date curtime()
	Date date(arg)
	dateadd(TEMPORAL_UNIT field, INTEGER magnitude, TEMPORAL datetime)
	Integer datediff(DATE end, DATE start)
	Integer day(DATE arg)
	String dayname(DATE arg)
	Integer dayofmonth(DATE arg)
	Integer dayofweek(DATE arg)
	Integer dayofyear(DATE arg)
	Double degrees(NUMERIC arg)
	Long dense_rank([arg0[, ...]])
	Boolean every(BOOLEAN arg)
	Double exp(NUMERIC arg)
	extract(TEMPORAL_UNIT field from TEMPORAL arg)
	first_valueANY value
	floor(NUMERIC arg)
	String format(TEMPORAL datetime as STRING pattern)
	greatest(COMPARABLE arg0, COMPARABLE arg1[, arg2[, ...]])
	String hex(arg)
	Integer hour(TIME arg)
	ifnull(arg0, arg1)
	String insert(STRING string, INTEGER start, INTEGER length, STRING replacement)
	Instant instant
	Integer instr(STRING string, STRING pattern[, INTEGER start[, INTEGER occurrence]])
	String json_array([arg0[, ...]])
	String json_array_append(IMPLICIT_JSON arg0, STRING arg1, ANY arg2)
	String json_array_insert(IMPLICIT_JSON arg0, STRING arg1, ANY arg2)
	String json_arrayagg(arg0[, arg1])
	Boolean json_exists(IMPLICIT_JSON arg0, STRING arg1)
	String json_insert(IMPLICIT_JSON arg0, STRING arg1, ANY arg2)
	String json_mergepatch(IMPLICIT_JSON arg0, IMPLICIT_JSON arg1[, arg2[, ...]])
	String json_object( ... )
	String json_objectagg(arg0, arg1[, arg2, arg3])
	String json_query( ... )
	String json_remove(IMPLICIT_JSON arg0, STRING arg1)
	String json_replace(IMPLICIT_JSON arg0, STRING arg1, ANY arg2)
	String json_set(IMPLICIT_JSON arg0, STRING arg1, ANY arg2)
	json_value( ... )
	lagANY value[, INTEGER offset[, ANY default]]
	Date last_day(DATE arg)
	last_valueANY value
	leadANY value[, INTEGER offset[, ANY default]]
	least(COMPARABLE arg0, COMPARABLE arg1[, arg2[, ...]])
	String left(STRING string, INTEGER length)
	Integer length(STRING_OR_CLOB arg)
	String listagg(STRING arg0, STRING arg1)
	Double ln(NUMERIC arg)
	LocalDate local date
	LocalDateTime local datetime
	LocalTime local time
	LocalDate local_date
	LocalDateTime local_datetime
	LocalTime local_time
	Date localtime
	Date localtimestamp
	Integer locate(STRING pattern, STRING string[, INTEGER start])
	Double log(NUMERIC arg0[, NUMERIC arg1])
	Double log10(NUMERIC arg)
	Double log2(NUMERIC arg)
	String lower(STRING string)
	String lpad(string, length[, padding])
	String ltrim(STRING string[, STRING characters])
	Date makedate(INTEGER year, INTEGER dayofyear)
	Date maketime(INTEGER hour, INTEGER min, INTEGER sec)
	max(COMPARABLE arg)
	byte[] md5(arg)
	Integer microsecond(TIME arg)
	min(COMPARABLE arg)
	Integer minute(TIME arg)
	Integer mod(INTEGER arg0, INTEGER arg1)
	Integer month(DATE arg)
	String monthname(DATE arg)
	Date now()
	nth_valueANY value, INTEGER nth
	nullif(arg0, arg1)
	Integer octet_length(STRING_OR_CLOB arg)
	OffsetDateTime offset datetime
	OffsetDateTime offset_datetime
	Integer ordinal(ENUM arg)
	String overlay(STRING string placing STRING replacement from INTEGER start[ for INTEGER length])
	String pad(STRING string with INTEGER length {leading|trailing}[ STRING character])
	Double percent_rank([arg0[, ...]])
	Double pi
	Integer position(STRING pattern in STRING string)
	Double power(NUMERIC arg0, NUMERIC arg1)
	Integer quarter(DATE arg)
	Double radians(NUMERIC arg)
	Double rand([INTEGER seed])
	Long rank([arg0[, ...]])
	Boolean regexp_like(STRING arg0, STRING arg1[, STRING arg2])
	String repeat(STRING string, INTEGER times)
	String replace(STRING string, STRING pattern, STRING replacement)
	String reverse(STRING arg)
	String right(STRING string, INTEGER length)
	round(NUMERIC number[, INTEGER places])
	Long row_number()
	String rpad(string, length[, padding])
	String rtrim(STRING string[, STRING characters])
	Integer second(TIME arg)
	byte[] sha(arg)
	String sha1(arg)
	String sha2(arg0, arg1)
	Integer sign(NUMERIC arg)
	Double sin(NUMERIC arg)
	Double sinh(NUMERIC arg)
	String soundex(arg)
	String space(INTEGER arg)
	sql
	Double sqrt(NUMERIC arg)
	Double stddev(NUMERIC arg)
	Double stddev_pop(NUMERIC arg)
	Double stddev_samp(NUMERIC arg)
	String str(arg)
	String string(ENUM arg)
	subdate(DATE datetime, INTEGER days)
	String substr(STRING string, INTEGER start[, INTEGER length])
	String substring(STRING string{ from|,} INTEGER start[{ for|,} INTEGER length])
	subtime(TIME datetime, TIME time)
	sum(arg)
	Date sysdate()
	Double tan(NUMERIC arg)
	Double tanh(NUMERIC arg)
	String time(arg)
	Date timestamp(arg0[, arg1])
	timestampadd(TEMPORAL_UNIT field, INTEGER magnitude, TEMPORAL datetime)
	Long|Double timestampdiff(TEMPORAL_UNIT field, TEMPORAL start, TEMPORAL end)
	String trim([[{leading|trailing|both} ][STRING arg0 ]from] STRING arg1)
	trunc( ... )
	truncate( ... )
	String upper(STRING string)
	Date utc_date
	Date utc_time
	Date utc_timestamp
	Double var_pop(NUMERIC arg)
	Double var_samp(NUMERIC arg)
	Double variance(NUMERIC arg)
	Integer week(DATE arg)
	Integer year(DATE arg)

2026-03-25 17:27:19 DEBUG core:211 - HHH000513: Unable to create the ReflectionOptimizer for [com.test.College]: private accessor [clg_city]
2026-03-25 17:27:20 DEBUG service:102 - HHH010454: EventListenerRegistry access via ServiceRegistry is deprecated - use 'sessionFactory.getEventEngine().getListenerRegistry()' instead
2026-03-25 17:27:20 DEBUG Table:101 - No alter strings for table: college
2026-03-25 17:27:20 DEBUG Table:101 - No alter strings for table: college_SEQ
2026-03-25 17:27:20 DEBUG factoryRegistry:86 - HHH020384: Registering SessionFactory [7ca25610-a019-4972-a72e-46acd8466f1b] (<unnamed>)
2026-03-25 17:27:20 DEBUG core:151 - HHH006588: Opening session [tenant=null]
2026-03-25 17:27:20 DEBUG core:74 - HHH006583: Beginning transaction
2026-03-25 17:27:20 DEBUG SQL:126 - select next_val as id_val from college_SEQ for update
2026-03-25 17:27:20 DEBUG SQL:126 - update college_SEQ set next_val= ? where next_val=?
2026-03-25 17:27:20 DEBUG core:87 - HHH006584: Committing transaction
2026-03-25 17:27:20 DEBUG event:98 - HHH90060071: Flushed: 1 insertions, 0 updates, 0 deletions to 1 objects
2026-03-25 17:27:20 DEBUG event:104 - HHH90060072: Flushed: 0 (re)creations, 0 updates, 0 removals to 0 collections
2026-03-25 17:27:20 DEBUG core:102 - Listing entities:
2026-03-25 17:27:20 DEBUG core:111 - com.test.College{year=1999, clg_pincode=560058, clg_name=Ramaiah, id=2, clg_city=Bengaluru}
2026-03-25 17:27:20 DEBUG SQL:126 - insert into college (clg_city,clg_name,clg_pincode,year,id) values (?,?,?,?,?)
2026-03-25 17:27:20 DEBUG metrics:277 - HHH000401: Logging session metrics:
	16330700 ns acquiring 2 JDBC connections
	2122700 ns releasing 2 JDBC connections
	685600 ns preparing 3 JDBC statements
	4214200 ns executing 3 JDBC statements
	0 ns executing 0 JDBC batches
	0 ns performing 0 second-level cache puts
	0 ns performing 0 second-level cache hits
	0 ns performing 0 second-level cache misses
	22158900 ns executing 1 flushes (flushing a total of 1 entities and 0 collections)
	0 ns executing 0 pre-partial-flushes
	0 ns executing 0 partial-flushes (flushing a total of 0 entities and 0 collections)

2026-03-25 17:27:20 DEBUG core:151 - HHH006588: Opening session [tenant=null]
2026-03-25 17:27:47 DEBUG service:41 - HHH010455: Adding integrator: org.hibernate.boot.beanvalidation.BeanValidationIntegrator
2026-03-25 17:27:47 DEBUG service:41 - HHH010455: Adding integrator: org.hibernate.cache.internal.CollectionCacheInvalidator
2026-03-25 17:27:47 INFO  core:41 - HHH000001: Hibernate ORM core version 7.3.0.Final
2026-03-25 17:27:47 DEBUG core:155 - HHH000206: 'hibernate.properties' not found
2026-03-25 17:27:47 DEBUG service:41 - HHH010455: Adding integrator: org.hibernate.boot.beanvalidation.BeanValidationIntegrator
2026-03-25 17:27:47 DEBUG service:41 - HHH010455: Adding integrator: org.hibernate.cache.internal.CollectionCacheInvalidator
2026-03-25 17:27:47 DEBUG cache:116 - HHH90001031: Cannot default RegionFactory since no RegionFactory strategies were registered
2026-03-25 17:27:47 DEBUG cache:46 - HHH90001029: Second-level cache disabled
2026-03-25 17:27:47 WARN  pooling:86 - HHH10001002: Using built-in connection pool (not intended for production use)
2026-03-25 17:27:48 DEBUG pooling:34 - HHH10001014: Initializing connection pool with 1 connections
2026-03-25 17:27:48 DEBUG jdbc:457 - HHH100017: Database:
	name: MySQL
	version: 8.0.42
	major: 8
	minor: 0
2026-03-25 17:27:48 DEBUG jdbc:463 - HHH100018: Driver:
	name: MySQL Connector/J
	version: mysql-connector-j-8.0.33 (Revision: 7d6b0800528b6b25c68b52dc10d6c1c8429c100c)
	major: 8
	minor: 0
	JDBC version: 4.2
2026-03-25 17:27:48 DEBUG dialect:93 - HHH035001: Using dialect: org.hibernate.dialect.MySQLDialect, version: 8.0.42
2026-03-25 17:27:48 DEBUG IdentifierHelperBuilder:205 - IdentifierCaseStrategy for both quoted and unquoted identifiers was set to the same strategy [LOWER]; that will likely lead to problems in schema update and validation if using quoted identifiers
2026-03-25 17:27:48 DEBUG jdbc:379 - HHH100122: Using default JDBC fetch size: 0
2026-03-25 17:27:48 INFO  pooling:179 - HHH10001005: Database info:
	Database JDBC URL [jdbc:mysql://localhost:3306/mla]
	Database driver: MySQL Connector/J
	Database dialect: MySQLDialect
	Database version: 8.0.42
	Default catalog/schema: mla/undefined
	Autocommit mode: false
	Isolation level: REPEATABLE_READ
	JDBC fetch size: none
	Pool: DriverManagerConnectionProvider
	Minimum pool size: 1
	Maximum pool size: 20
2026-03-25 17:27:48 DEBUG factory:230 - HHH90020001: Instantiating factory [e555644e-e6e9-4da9-ac9b-15bfa33380ee] with settings: {java.specification.version=25, sun.cpu.isalist=amd64, sun.jnu.encoding=Cp1252, java.class.path=C:\Users\yashaswini.hs\Desktop\Spring-advance\Assignment\target\classes;C:\Users\yashaswini.hs\.m2\repository\com\mysql\mysql-connector-j\8.0.33\mysql-connector-j-8.0.33.jar;C:\Users\yashaswini.hs\.m2\repository\com\google\protobuf\protobuf-java\3.21.9\protobuf-java-3.21.9.jar;C:\Users\yashaswini.hs\.m2\repository\org\hibernate\orm\hibernate-core\7.3.0.Final\hibernate-core-7.3.0.Final.jar;C:\Users\yashaswini.hs\.m2\repository\jakarta\persistence\jakarta.persistence-api\3.2.0\jakarta.persistence-api-3.2.0.jar;C:\Users\yashaswini.hs\.m2\repository\jakarta\transaction\jakarta.transaction-api\2.0.1\jakarta.transaction-api-2.0.1.jar;C:\Users\yashaswini.hs\.m2\repository\org\jboss\logging\jboss-logging\3.6.1.Final\jboss-logging-3.6.1.Final.jar;C:\Users\yashaswini.hs\.m2\repository\org\hibernate\models\hibernate-models\1.1.0\hibernate-models-1.1.0.jar;C:\Users\yashaswini.hs\.m2\repository\net\bytebuddy\byte-buddy\1.18.7\byte-buddy-1.18.7.jar;C:\Users\yashaswini.hs\.m2\repository\jakarta\xml\bind\jakarta.xml.bind-api\4.0.4\jakarta.xml.bind-api-4.0.4.jar;C:\Users\yashaswini.hs\.m2\repository\jakarta\activation\jakarta.activation-api\2.1.4\jakarta.activation-api-2.1.4.jar;C:\Users\yashaswini.hs\.m2\repository\org\glassfish\jaxb\jaxb-runtime\4.0.6\jaxb-runtime-4.0.6.jar;C:\Users\yashaswini.hs\.m2\repository\org\glassfish\jaxb\jaxb-core\4.0.6\jaxb-core-4.0.6.jar;C:\Users\yashaswini.hs\.m2\repository\org\eclipse\angus\angus-activation\2.0.3\angus-activation-2.0.3.jar;C:\Users\yashaswini.hs\.m2\repository\org\glassfish\jaxb\txw2\4.0.6\txw2-4.0.6.jar;C:\Users\yashaswini.hs\.m2\repository\com\sun\istack\istack-commons-runtime\4.1.2\istack-commons-runtime-4.1.2.jar;C:\Users\yashaswini.hs\.m2\repository\jakarta\inject\jakarta.inject-api\2.0.1\jakarta.inject-api-2.0.1.jar;C:\Users\yashaswini.hs\.m2\repository\org\antlr\antlr4-runtime\4.13.2\antlr4-runtime-4.13.2.jar;C:\Users\yashaswini.hs\.m2\repository\org\apache\logging\log4j\log4j-core\2.17.1\log4j-core-2.17.1.jar;C:\Users\yashaswini.hs\.m2\repository\org\apache\logging\log4j\log4j-api\2.17.1\log4j-api-2.17.1.jar;C:\Users\yashaswini.hs\.m2\repository\org\apache\logging\log4j\log4j-slf4j-impl\2.17.1\log4j-slf4j-impl-2.17.1.jar;C:\Users\yashaswini.hs\.m2\repository\org\slf4j\slf4j-api\1.7.25\slf4j-api-1.7.25.jar, java.vm.vendor=Eclipse Adoptium, sun.arch.data.model=64, user.variant=, java.vendor.url=https://adoptium.net/, user.timezone=Asia/Calcutta, java.vm.specification.version=25, os.name=Windows 11, sun.java.launcher=SUN_STANDARD, user.country=US, sun.boot.library.path=C:\Users\yashaswini.hs\Downloads\sts-5.1.1.RELEASE\plugins\org.eclipse.justj.openjdk.hotspot.jre.full.win32.x86_64_25.0.2.v20260203-1141\jre\bin, sun.java.command=com.test.CollegeDemo, jdk.debug=release, sun.cpu.endian=little, user.home=C:\Users\yashaswini.hs, user.language=en, java.specification.vendor=Oracle Corporation, java.version.date=2026-01-20, java.home=C:\Users\yashaswini.hs\Downloads\sts-5.1.1.RELEASE\plugins\org.eclipse.justj.openjdk.hotspot.jre.full.win32.x86_64_25.0.2.v20260203-1141\jre, file.separator=\, java.vm.compressedOopsMode=Zero based, line.separator=
, java.vm.specification.vendor=Oracle Corporation, java.specification.name=Java Platform API Specification, hibernate.hbm2ddl.auto=create, user.script=, sun.management.compiler=HotSpot 64-Bit Tiered Compilers, java.runtime.version=25.0.2+10-LTS, user.name=yashaswini.hs, stdout.encoding=UTF-8, path.separator=;, hibernate.connection.username=****, os.version=10.0, java.runtime.name=OpenJDK Runtime Environment, hibernate.connection.url=jdbc:mysql://localhost:3306/mla, file.encoding=UTF-8, java.vm.name=OpenJDK 64-Bit Server VM, hibernate.show_sql=true, java.vendor.version=Temurin-25.0.2+10, hibernate.current_session_context_class=thread, hibernate.connection.driver_class=com.mysql.cj.jdbc.Driver, java.vendor.url.bug=https://github.com/adoptium/adoptium-support/issues, java.io.tmpdir=C:\Users\YASHAS~1.HS\AppData\Local\Temp\, java.version=25.0.2, user.dir=C:\Users\yashaswini.hs\Desktop\Spring-advance\Assignment, os.arch=amd64, java.vm.specification.name=Java Virtual Machine Specification, hibernate.connection.password=****, sun.os.patch.level=, hibernate.boot.CfgXmlAccessService.key=org.hibernate.boot.cfgxml.spi.LoadedConfig@18d003cd, native.encoding=Cp1252, java.library.path=C:\Users\yashaswini.hs\Downloads\sts-5.1.1.RELEASE\plugins\org.eclipse.justj.openjdk.hotspot.jre.full.win32.x86_64_25.0.2.v20260203-1141\jre\bin;C:\WINDOWS\Sun\Java\bin;C:\WINDOWS\system32;C:\WINDOWS;C:/Users/yashaswini.hs/Downloads/sts-5.1.1.RELEASE//plugins/org.eclipse.justj.openjdk.hotspot.jre.full.win32.x86_64_25.0.2.v20260203-1141/jre/bin/server;C:/Users/yashaswini.hs/Downloads/sts-5.1.1.RELEASE//plugins/org.eclipse.justj.openjdk.hotspot.jre.full.win32.x86_64_25.0.2.v20260203-1141/jre/bin;C:\Program Files\Microsoft\jdk-11.0.23.9-hotspot\bin;C:\Program Files\Microsoft\jdk-17.0.15.6-hotspot\bin;C:\Program Files\Python313\Scripts\;C:\Program Files\Python313\;%SystemRoot%\system32;%SystemRoot%;%SystemRoot%\System32\Wbem;%SYSTEMROOT%\System32\WindowsPowerShell\v1.0\;%SYSTEMROOT%\System32\OpenSSH\;C:\Program Files\Git\cmd;C:\Program Files\dotnet\;C:\Program Files\apache-maven-3.9.10\bin;C:\Program Files\nodejs\;C:\Program Files\Microsoft VS Code\bin;C:\Program Files\PuTTY\;C:\Program Files (x86)\Microsoft SQL Server\160\DTS\Binn\;C:\Program Files (x86)\Microsoft SQL Server\160\Tools\Binn\;C:\Program Files\Microsoft SQL Server\160\Tools\Binn\;C:\Program Files\Microsoft SQL Server\Client SDK\ODBC\170\Tools\Binn\;C:\Program Files\Microsoft SQL Server\160\DTS\Binn\;C:\Program Files\apache-maven-3.9.10\bin;C:\Program Files\apache-maven-3.9.10\bin;C:\Program Files\apache-maven-3.9.10\bin;C:\Users\yashaswini.hs\AppData\Local\Microsoft\WindowsApps;;C:\Users\yashaswini.hs\Downloads\sts-5.1.1.RELEASE;;., stderr.encoding=UTF-8, java.vendor=Eclipse Adoptium, java.vm.info=mixed mode, sharing, java.vm.version=25.0.2+10-LTS, stdin.encoding=Cp1252, sun.io.unicode.encoding=UnicodeLittle, java.class.version=69.0}
2026-03-25 17:27:48 DEBUG HQL_FUNCTIONS:155 - Available HQL Functions:
	abs(NUMERIC arg)
	Double acos(NUMERIC arg)
	adddate(DATE datetime, INTEGER days)
	addtime(TIME datetime, TIME time)
	Boolean any(BOOLEAN arg)
	Integer ascii(STRING arg)
	Double asin(NUMERIC arg)
	Double atan(NUMERIC arg)
	Double atan2(NUMERIC arg0, NUMERIC arg1)
	avg(arg)
	bit_and(arg)
	Integer bit_length(STRING_OR_CLOB arg)
	bit_or(arg)
	bitand(arg0, arg1)
	bitnot(arg)
	bitor(arg0, arg1)
	bitxor(arg0, arg1)
	cast(arg as Type)
	ceiling(NUMERIC arg)
	Character char(INTEGER arg)
	Integer character_length(STRING_OR_CLOB arg)
	Character chr(INTEGER arg)
	coalesce(arg0[, arg1[, ...]])
	String collate(STRING string as COLLATION collation)
	String concat(STRING string0[, STRING string1[, ...]])
	Double cos(NUMERIC arg)
	Double cosh(NUMERIC arg)
	Double cot(NUMERIC arg)
	Long count([distinct ]{arg|*})
	Integer crc32(arg)
	Double cume_dist([arg0[, ...]])
	Date curdate()
	Date current date
	Date current time
	Date current timestamp
	Date current_date
	Instant current_instant
	Date current_time
	Date current_timestamp
	Date curtime()
	Date date(arg)
	dateadd(TEMPORAL_UNIT field, INTEGER magnitude, TEMPORAL datetime)
	Integer datediff(DATE end, DATE start)
	Integer day(DATE arg)
	String dayname(DATE arg)
	Integer dayofmonth(DATE arg)
	Integer dayofweek(DATE arg)
	Integer dayofyear(DATE arg)
	Double degrees(NUMERIC arg)
	Long dense_rank([arg0[, ...]])
	Boolean every(BOOLEAN arg)
	Double exp(NUMERIC arg)
	extract(TEMPORAL_UNIT field from TEMPORAL arg)
	first_valueANY value
	floor(NUMERIC arg)
	String format(TEMPORAL datetime as STRING pattern)
	greatest(COMPARABLE arg0, COMPARABLE arg1[, arg2[, ...]])
	String hex(arg)
	Integer hour(TIME arg)
	ifnull(arg0, arg1)
	String insert(STRING string, INTEGER start, INTEGER length, STRING replacement)
	Instant instant
	Integer instr(STRING string, STRING pattern[, INTEGER start[, INTEGER occurrence]])
	String json_array([arg0[, ...]])
	String json_array_append(IMPLICIT_JSON arg0, STRING arg1, ANY arg2)
	String json_array_insert(IMPLICIT_JSON arg0, STRING arg1, ANY arg2)
	String json_arrayagg(arg0[, arg1])
	Boolean json_exists(IMPLICIT_JSON arg0, STRING arg1)
	String json_insert(IMPLICIT_JSON arg0, STRING arg1, ANY arg2)
	String json_mergepatch(IMPLICIT_JSON arg0, IMPLICIT_JSON arg1[, arg2[, ...]])
	String json_object( ... )
	String json_objectagg(arg0, arg1[, arg2, arg3])
	String json_query( ... )
	String json_remove(IMPLICIT_JSON arg0, STRING arg1)
	String json_replace(IMPLICIT_JSON arg0, STRING arg1, ANY arg2)
	String json_set(IMPLICIT_JSON arg0, STRING arg1, ANY arg2)
	json_value( ... )
	lagANY value[, INTEGER offset[, ANY default]]
	Date last_day(DATE arg)
	last_valueANY value
	leadANY value[, INTEGER offset[, ANY default]]
	least(COMPARABLE arg0, COMPARABLE arg1[, arg2[, ...]])
	String left(STRING string, INTEGER length)
	Integer length(STRING_OR_CLOB arg)
	String listagg(STRING arg0, STRING arg1)
	Double ln(NUMERIC arg)
	LocalDate local date
	LocalDateTime local datetime
	LocalTime local time
	LocalDate local_date
	LocalDateTime local_datetime
	LocalTime local_time
	Date localtime
	Date localtimestamp
	Integer locate(STRING pattern, STRING string[, INTEGER start])
	Double log(NUMERIC arg0[, NUMERIC arg1])
	Double log10(NUMERIC arg)
	Double log2(NUMERIC arg)
	String lower(STRING string)
	String lpad(string, length[, padding])
	String ltrim(STRING string[, STRING characters])
	Date makedate(INTEGER year, INTEGER dayofyear)
	Date maketime(INTEGER hour, INTEGER min, INTEGER sec)
	max(COMPARABLE arg)
	byte[] md5(arg)
	Integer microsecond(TIME arg)
	min(COMPARABLE arg)
	Integer minute(TIME arg)
	Integer mod(INTEGER arg0, INTEGER arg1)
	Integer month(DATE arg)
	String monthname(DATE arg)
	Date now()
	nth_valueANY value, INTEGER nth
	nullif(arg0, arg1)
	Integer octet_length(STRING_OR_CLOB arg)
	OffsetDateTime offset datetime
	OffsetDateTime offset_datetime
	Integer ordinal(ENUM arg)
	String overlay(STRING string placing STRING replacement from INTEGER start[ for INTEGER length])
	String pad(STRING string with INTEGER length {leading|trailing}[ STRING character])
	Double percent_rank([arg0[, ...]])
	Double pi
	Integer position(STRING pattern in STRING string)
	Double power(NUMERIC arg0, NUMERIC arg1)
	Integer quarter(DATE arg)
	Double radians(NUMERIC arg)
	Double rand([INTEGER seed])
	Long rank([arg0[, ...]])
	Boolean regexp_like(STRING arg0, STRING arg1[, STRING arg2])
	String repeat(STRING string, INTEGER times)
	String replace(STRING string, STRING pattern, STRING replacement)
	String reverse(STRING arg)
	String right(STRING string, INTEGER length)
	round(NUMERIC number[, INTEGER places])
	Long row_number()
	String rpad(string, length[, padding])
	String rtrim(STRING string[, STRING characters])
	Integer second(TIME arg)
	byte[] sha(arg)
	String sha1(arg)
	String sha2(arg0, arg1)
	Integer sign(NUMERIC arg)
	Double sin(NUMERIC arg)
	Double sinh(NUMERIC arg)
	String soundex(arg)
	String space(INTEGER arg)
	sql
	Double sqrt(NUMERIC arg)
	Double stddev(NUMERIC arg)
	Double stddev_pop(NUMERIC arg)
	Double stddev_samp(NUMERIC arg)
	String str(arg)
	String string(ENUM arg)
	subdate(DATE datetime, INTEGER days)
	String substr(STRING string, INTEGER start[, INTEGER length])
	String substring(STRING string{ from|,} INTEGER start[{ for|,} INTEGER length])
	subtime(TIME datetime, TIME time)
	sum(arg)
	Date sysdate()
	Double tan(NUMERIC arg)
	Double tanh(NUMERIC arg)
	String time(arg)
	Date timestamp(arg0[, arg1])
	timestampadd(TEMPORAL_UNIT field, INTEGER magnitude, TEMPORAL datetime)
	Long|Double timestampdiff(TEMPORAL_UNIT field, TEMPORAL start, TEMPORAL end)
	String trim([[{leading|trailing|both} ][STRING arg0 ]from] STRING arg1)
	trunc( ... )
	truncate( ... )
	String upper(STRING string)
	Date utc_date
	Date utc_time
	Date utc_timestamp
	Double var_pop(NUMERIC arg)
	Double var_samp(NUMERIC arg)
	Double variance(NUMERIC arg)
	Integer week(DATE arg)
	Integer year(DATE arg)

2026-03-25 17:27:49 DEBUG core:211 - HHH000513: Unable to create the ReflectionOptimizer for [com.test.College]: private accessor [clg_city]
2026-03-25 17:27:49 DEBUG service:102 - HHH010454: EventListenerRegistry access via ServiceRegistry is deprecated - use 'sessionFactory.getEventEngine().getListenerRegistry()' instead
2026-03-25 17:27:49 DEBUG SQL:126 - drop table if exists college
2026-03-25 17:27:49 DEBUG SQL:126 - drop table if exists college_SEQ
2026-03-25 17:27:50 DEBUG SQL:126 - create table college (clg_pincode integer not null, id integer not null, year integer not null, clg_city varchar(255), clg_name varchar(255), primary key (id)) engine=InnoDB
2026-03-25 17:27:50 DEBUG SQL:126 - create table college_SEQ (next_val bigint) engine=InnoDB
2026-03-25 17:27:50 DEBUG SQL:126 - insert into college_SEQ ( next_val ) values ( 1 )
2026-03-25 17:27:50 DEBUG factoryRegistry:86 - HHH020384: Registering SessionFactory [e555644e-e6e9-4da9-ac9b-15bfa33380ee] (<unnamed>)
2026-03-25 17:27:50 DEBUG core:151 - HHH006588: Opening session [tenant=null]
2026-03-25 17:27:51 DEBUG core:74 - HHH006583: Beginning transaction
2026-03-25 17:27:51 DEBUG SQL:126 - select next_val as id_val from college_SEQ for update
2026-03-25 17:27:51 DEBUG SQL:126 - update college_SEQ set next_val= ? where next_val=?
2026-03-25 17:27:51 DEBUG core:87 - HHH006584: Committing transaction
2026-03-25 17:27:51 DEBUG event:98 - HHH90060071: Flushed: 1 insertions, 0 updates, 0 deletions to 1 objects
2026-03-25 17:27:51 DEBUG event:104 - HHH90060072: Flushed: 0 (re)creations, 0 updates, 0 removals to 0 collections
2026-03-25 17:27:51 DEBUG core:102 - Listing entities:
2026-03-25 17:27:51 DEBUG core:111 - com.test.College{year=1999, clg_pincode=560058, clg_name=Ramaiah, id=1, clg_city=Bengaluru}
2026-03-25 17:27:51 DEBUG SQL:126 - insert into college (clg_city,clg_name,clg_pincode,year,id) values (?,?,?,?,?)
2026-03-25 17:27:51 DEBUG metrics:277 - HHH000401: Logging session metrics:
	14987700 ns acquiring 2 JDBC connections
	1408000 ns releasing 2 JDBC connections
	4742300 ns preparing 3 JDBC statements
	4549200 ns executing 3 JDBC statements
	0 ns executing 0 JDBC batches
	0 ns performing 0 second-level cache puts
	0 ns performing 0 second-level cache hits
	0 ns performing 0 second-level cache misses
	21106200 ns executing 1 flushes (flushing a total of 1 entities and 0 collections)
	0 ns executing 0 pre-partial-flushes
	0 ns executing 0 partial-flushes (flushing a total of 0 entities and 0 collections)

2026-03-25 17:27:51 DEBUG core:151 - HHH006588: Opening session [tenant=null]
2026-03-25 17:29:08 DEBUG service:41 - HHH010455: Adding integrator: org.hibernate.boot.beanvalidation.BeanValidationIntegrator
2026-03-25 17:29:08 DEBUG service:41 - HHH010455: Adding integrator: org.hibernate.cache.internal.CollectionCacheInvalidator
2026-03-25 17:29:08 INFO  core:41 - HHH000001: Hibernate ORM core version 7.3.0.Final
2026-03-25 17:29:08 DEBUG core:155 - HHH000206: 'hibernate.properties' not found
2026-03-25 17:29:08 DEBUG service:41 - HHH010455: Adding integrator: org.hibernate.boot.beanvalidation.BeanValidationIntegrator
2026-03-25 17:29:08 DEBUG service:41 - HHH010455: Adding integrator: org.hibernate.cache.internal.CollectionCacheInvalidator
2026-03-25 17:29:08 DEBUG cache:116 - HHH90001031: Cannot default RegionFactory since no RegionFactory strategies were registered
2026-03-25 17:29:08 DEBUG cache:46 - HHH90001029: Second-level cache disabled
2026-03-25 17:29:08 WARN  pooling:86 - HHH10001002: Using built-in connection pool (not intended for production use)
2026-03-25 17:29:09 DEBUG pooling:34 - HHH10001014: Initializing connection pool with 1 connections
2026-03-25 17:29:09 DEBUG jdbc:457 - HHH100017: Database:
	name: MySQL
	version: 8.0.42
	major: 8
	minor: 0
2026-03-25 17:29:09 DEBUG jdbc:463 - HHH100018: Driver:
	name: MySQL Connector/J
	version: mysql-connector-j-8.0.33 (Revision: 7d6b0800528b6b25c68b52dc10d6c1c8429c100c)
	major: 8
	minor: 0
	JDBC version: 4.2
2026-03-25 17:29:09 DEBUG dialect:93 - HHH035001: Using dialect: org.hibernate.dialect.MySQLDialect, version: 8.0.42
2026-03-25 17:29:09 DEBUG IdentifierHelperBuilder:205 - IdentifierCaseStrategy for both quoted and unquoted identifiers was set to the same strategy [LOWER]; that will likely lead to problems in schema update and validation if using quoted identifiers
2026-03-25 17:29:09 DEBUG jdbc:379 - HHH100122: Using default JDBC fetch size: 0
2026-03-25 17:29:09 INFO  pooling:179 - HHH10001005: Database info:
	Database JDBC URL [jdbc:mysql://localhost:3306/mla]
	Database driver: MySQL Connector/J
	Database dialect: MySQLDialect
	Database version: 8.0.42
	Default catalog/schema: mla/undefined
	Autocommit mode: false
	Isolation level: REPEATABLE_READ
	JDBC fetch size: none
	Pool: DriverManagerConnectionProvider
	Minimum pool size: 1
	Maximum pool size: 20
2026-03-25 17:29:09 DEBUG factory:230 - HHH90020001: Instantiating factory [0691bc69-e4c9-4a15-855d-ff5069127228] with settings: {java.specification.version=25, sun.cpu.isalist=amd64, sun.jnu.encoding=Cp1252, java.class.path=C:\Users\yashaswini.hs\Desktop\Spring-advance\Assignment\target\classes;C:\Users\yashaswini.hs\.m2\repository\com\mysql\mysql-connector-j\8.0.33\mysql-connector-j-8.0.33.jar;C:\Users\yashaswini.hs\.m2\repository\com\google\protobuf\protobuf-java\3.21.9\protobuf-java-3.21.9.jar;C:\Users\yashaswini.hs\.m2\repository\org\hibernate\orm\hibernate-core\7.3.0.Final\hibernate-core-7.3.0.Final.jar;C:\Users\yashaswini.hs\.m2\repository\jakarta\persistence\jakarta.persistence-api\3.2.0\jakarta.persistence-api-3.2.0.jar;C:\Users\yashaswini.hs\.m2\repository\jakarta\transaction\jakarta.transaction-api\2.0.1\jakarta.transaction-api-2.0.1.jar;C:\Users\yashaswini.hs\.m2\repository\org\jboss\logging\jboss-logging\3.6.1.Final\jboss-logging-3.6.1.Final.jar;C:\Users\yashaswini.hs\.m2\repository\org\hibernate\models\hibernate-models\1.1.0\hibernate-models-1.1.0.jar;C:\Users\yashaswini.hs\.m2\repository\net\bytebuddy\byte-buddy\1.18.7\byte-buddy-1.18.7.jar;C:\Users\yashaswini.hs\.m2\repository\jakarta\xml\bind\jakarta.xml.bind-api\4.0.4\jakarta.xml.bind-api-4.0.4.jar;C:\Users\yashaswini.hs\.m2\repository\jakarta\activation\jakarta.activation-api\2.1.4\jakarta.activation-api-2.1.4.jar;C:\Users\yashaswini.hs\.m2\repository\org\glassfish\jaxb\jaxb-runtime\4.0.6\jaxb-runtime-4.0.6.jar;C:\Users\yashaswini.hs\.m2\repository\org\glassfish\jaxb\jaxb-core\4.0.6\jaxb-core-4.0.6.jar;C:\Users\yashaswini.hs\.m2\repository\org\eclipse\angus\angus-activation\2.0.3\angus-activation-2.0.3.jar;C:\Users\yashaswini.hs\.m2\repository\org\glassfish\jaxb\txw2\4.0.6\txw2-4.0.6.jar;C:\Users\yashaswini.hs\.m2\repository\com\sun\istack\istack-commons-runtime\4.1.2\istack-commons-runtime-4.1.2.jar;C:\Users\yashaswini.hs\.m2\repository\jakarta\inject\jakarta.inject-api\2.0.1\jakarta.inject-api-2.0.1.jar;C:\Users\yashaswini.hs\.m2\repository\org\antlr\antlr4-runtime\4.13.2\antlr4-runtime-4.13.2.jar;C:\Users\yashaswini.hs\.m2\repository\org\apache\logging\log4j\log4j-core\2.17.1\log4j-core-2.17.1.jar;C:\Users\yashaswini.hs\.m2\repository\org\apache\logging\log4j\log4j-api\2.17.1\log4j-api-2.17.1.jar;C:\Users\yashaswini.hs\.m2\repository\org\apache\logging\log4j\log4j-slf4j-impl\2.17.1\log4j-slf4j-impl-2.17.1.jar;C:\Users\yashaswini.hs\.m2\repository\org\slf4j\slf4j-api\1.7.25\slf4j-api-1.7.25.jar, java.vm.vendor=Eclipse Adoptium, sun.arch.data.model=64, user.variant=, java.vendor.url=https://adoptium.net/, user.timezone=Asia/Calcutta, java.vm.specification.version=25, os.name=Windows 11, sun.java.launcher=SUN_STANDARD, user.country=US, sun.boot.library.path=C:\Users\yashaswini.hs\Downloads\sts-5.1.1.RELEASE\plugins\org.eclipse.justj.openjdk.hotspot.jre.full.win32.x86_64_25.0.2.v20260203-1141\jre\bin, sun.java.command=com.test.CollegeDemo, jdk.debug=release, sun.cpu.endian=little, user.home=C:\Users\yashaswini.hs, user.language=en, java.specification.vendor=Oracle Corporation, java.version.date=2026-01-20, java.home=C:\Users\yashaswini.hs\Downloads\sts-5.1.1.RELEASE\plugins\org.eclipse.justj.openjdk.hotspot.jre.full.win32.x86_64_25.0.2.v20260203-1141\jre, file.separator=\, java.vm.compressedOopsMode=Zero based, line.separator=
, java.vm.specification.vendor=Oracle Corporation, java.specification.name=Java Platform API Specification, hibernate.hbm2ddl.auto=create, user.script=, sun.management.compiler=HotSpot 64-Bit Tiered Compilers, java.runtime.version=25.0.2+10-LTS, user.name=yashaswini.hs, stdout.encoding=UTF-8, path.separator=;, hibernate.connection.username=****, os.version=10.0, java.runtime.name=OpenJDK Runtime Environment, hibernate.connection.url=jdbc:mysql://localhost:3306/mla, file.encoding=UTF-8, java.vm.name=OpenJDK 64-Bit Server VM, hibernate.show_sql=true, java.vendor.version=Temurin-25.0.2+10, hibernate.current_session_context_class=thread, hibernate.connection.driver_class=com.mysql.cj.jdbc.Driver, java.vendor.url.bug=https://github.com/adoptium/adoptium-support/issues, java.io.tmpdir=C:\Users\YASHAS~1.HS\AppData\Local\Temp\, java.version=25.0.2, user.dir=C:\Users\yashaswini.hs\Desktop\Spring-advance\Assignment, os.arch=amd64, java.vm.specification.name=Java Virtual Machine Specification, hibernate.connection.password=****, sun.os.patch.level=, hibernate.boot.CfgXmlAccessService.key=org.hibernate.boot.cfgxml.spi.LoadedConfig@18d003cd, native.encoding=Cp1252, java.library.path=C:\Users\yashaswini.hs\Downloads\sts-5.1.1.RELEASE\plugins\org.eclipse.justj.openjdk.hotspot.jre.full.win32.x86_64_25.0.2.v20260203-1141\jre\bin;C:\WINDOWS\Sun\Java\bin;C:\WINDOWS\system32;C:\WINDOWS;C:/Users/yashaswini.hs/Downloads/sts-5.1.1.RELEASE//plugins/org.eclipse.justj.openjdk.hotspot.jre.full.win32.x86_64_25.0.2.v20260203-1141/jre/bin/server;C:/Users/yashaswini.hs/Downloads/sts-5.1.1.RELEASE//plugins/org.eclipse.justj.openjdk.hotspot.jre.full.win32.x86_64_25.0.2.v20260203-1141/jre/bin;C:\Program Files\Microsoft\jdk-11.0.23.9-hotspot\bin;C:\Program Files\Microsoft\jdk-17.0.15.6-hotspot\bin;C:\Program Files\Python313\Scripts\;C:\Program Files\Python313\;%SystemRoot%\system32;%SystemRoot%;%SystemRoot%\System32\Wbem;%SYSTEMROOT%\System32\WindowsPowerShell\v1.0\;%SYSTEMROOT%\System32\OpenSSH\;C:\Program Files\Git\cmd;C:\Program Files\dotnet\;C:\Program Files\apache-maven-3.9.10\bin;C:\Program Files\nodejs\;C:\Program Files\Microsoft VS Code\bin;C:\Program Files\PuTTY\;C:\Program Files (x86)\Microsoft SQL Server\160\DTS\Binn\;C:\Program Files (x86)\Microsoft SQL Server\160\Tools\Binn\;C:\Program Files\Microsoft SQL Server\160\Tools\Binn\;C:\Program Files\Microsoft SQL Server\Client SDK\ODBC\170\Tools\Binn\;C:\Program Files\Microsoft SQL Server\160\DTS\Binn\;C:\Program Files\apache-maven-3.9.10\bin;C:\Program Files\apache-maven-3.9.10\bin;C:\Program Files\apache-maven-3.9.10\bin;C:\Users\yashaswini.hs\AppData\Local\Microsoft\WindowsApps;;C:\Users\yashaswini.hs\Downloads\sts-5.1.1.RELEASE;;., stderr.encoding=UTF-8, java.vendor=Eclipse Adoptium, java.vm.info=mixed mode, sharing, java.vm.version=25.0.2+10-LTS, stdin.encoding=Cp1252, sun.io.unicode.encoding=UnicodeLittle, java.class.version=69.0}
2026-03-25 17:29:09 DEBUG HQL_FUNCTIONS:155 - Available HQL Functions:
	abs(NUMERIC arg)
	Double acos(NUMERIC arg)
	adddate(DATE datetime, INTEGER days)
	addtime(TIME datetime, TIME time)
	Boolean any(BOOLEAN arg)
	Integer ascii(STRING arg)
	Double asin(NUMERIC arg)
	Double atan(NUMERIC arg)
	Double atan2(NUMERIC arg0, NUMERIC arg1)
	avg(arg)
	bit_and(arg)
	Integer bit_length(STRING_OR_CLOB arg)
	bit_or(arg)
	bitand(arg0, arg1)
	bitnot(arg)
	bitor(arg0, arg1)
	bitxor(arg0, arg1)
	cast(arg as Type)
	ceiling(NUMERIC arg)
	Character char(INTEGER arg)
	Integer character_length(STRING_OR_CLOB arg)
	Character chr(INTEGER arg)
	coalesce(arg0[, arg1[, ...]])
	String collate(STRING string as COLLATION collation)
	String concat(STRING string0[, STRING string1[, ...]])
	Double cos(NUMERIC arg)
	Double cosh(NUMERIC arg)
	Double cot(NUMERIC arg)
	Long count([distinct ]{arg|*})
	Integer crc32(arg)
	Double cume_dist([arg0[, ...]])
	Date curdate()
	Date current date
	Date current time
	Date current timestamp
	Date current_date
	Instant current_instant
	Date current_time
	Date current_timestamp
	Date curtime()
	Date date(arg)
	dateadd(TEMPORAL_UNIT field, INTEGER magnitude, TEMPORAL datetime)
	Integer datediff(DATE end, DATE start)
	Integer day(DATE arg)
	String dayname(DATE arg)
	Integer dayofmonth(DATE arg)
	Integer dayofweek(DATE arg)
	Integer dayofyear(DATE arg)
	Double degrees(NUMERIC arg)
	Long dense_rank([arg0[, ...]])
	Boolean every(BOOLEAN arg)
	Double exp(NUMERIC arg)
	extract(TEMPORAL_UNIT field from TEMPORAL arg)
	first_valueANY value
	floor(NUMERIC arg)
	String format(TEMPORAL datetime as STRING pattern)
	greatest(COMPARABLE arg0, COMPARABLE arg1[, arg2[, ...]])
	String hex(arg)
	Integer hour(TIME arg)
	ifnull(arg0, arg1)
	String insert(STRING string, INTEGER start, INTEGER length, STRING replacement)
	Instant instant
	Integer instr(STRING string, STRING pattern[, INTEGER start[, INTEGER occurrence]])
	String json_array([arg0[, ...]])
	String json_array_append(IMPLICIT_JSON arg0, STRING arg1, ANY arg2)
	String json_array_insert(IMPLICIT_JSON arg0, STRING arg1, ANY arg2)
	String json_arrayagg(arg0[, arg1])
	Boolean json_exists(IMPLICIT_JSON arg0, STRING arg1)
	String json_insert(IMPLICIT_JSON arg0, STRING arg1, ANY arg2)
	String json_mergepatch(IMPLICIT_JSON arg0, IMPLICIT_JSON arg1[, arg2[, ...]])
	String json_object( ... )
	String json_objectagg(arg0, arg1[, arg2, arg3])
	String json_query( ... )
	String json_remove(IMPLICIT_JSON arg0, STRING arg1)
	String json_replace(IMPLICIT_JSON arg0, STRING arg1, ANY arg2)
	String json_set(IMPLICIT_JSON arg0, STRING arg1, ANY arg2)
	json_value( ... )
	lagANY value[, INTEGER offset[, ANY default]]
	Date last_day(DATE arg)
	last_valueANY value
	leadANY value[, INTEGER offset[, ANY default]]
	least(COMPARABLE arg0, COMPARABLE arg1[, arg2[, ...]])
	String left(STRING string, INTEGER length)
	Integer length(STRING_OR_CLOB arg)
	String listagg(STRING arg0, STRING arg1)
	Double ln(NUMERIC arg)
	LocalDate local date
	LocalDateTime local datetime
	LocalTime local time
	LocalDate local_date
	LocalDateTime local_datetime
	LocalTime local_time
	Date localtime
	Date localtimestamp
	Integer locate(STRING pattern, STRING string[, INTEGER start])
	Double log(NUMERIC arg0[, NUMERIC arg1])
	Double log10(NUMERIC arg)
	Double log2(NUMERIC arg)
	String lower(STRING string)
	String lpad(string, length[, padding])
	String ltrim(STRING string[, STRING characters])
	Date makedate(INTEGER year, INTEGER dayofyear)
	Date maketime(INTEGER hour, INTEGER min, INTEGER sec)
	max(COMPARABLE arg)
	byte[] md5(arg)
	Integer microsecond(TIME arg)
	min(COMPARABLE arg)
	Integer minute(TIME arg)
	Integer mod(INTEGER arg0, INTEGER arg1)
	Integer month(DATE arg)
	String monthname(DATE arg)
	Date now()
	nth_valueANY value, INTEGER nth
	nullif(arg0, arg1)
	Integer octet_length(STRING_OR_CLOB arg)
	OffsetDateTime offset datetime
	OffsetDateTime offset_datetime
	Integer ordinal(ENUM arg)
	String overlay(STRING string placing STRING replacement from INTEGER start[ for INTEGER length])
	String pad(STRING string with INTEGER length {leading|trailing}[ STRING character])
	Double percent_rank([arg0[, ...]])
	Double pi
	Integer position(STRING pattern in STRING string)
	Double power(NUMERIC arg0, NUMERIC arg1)
	Integer quarter(DATE arg)
	Double radians(NUMERIC arg)
	Double rand([INTEGER seed])
	Long rank([arg0[, ...]])
	Boolean regexp_like(STRING arg0, STRING arg1[, STRING arg2])
	String repeat(STRING string, INTEGER times)
	String replace(STRING string, STRING pattern, STRING replacement)
	String reverse(STRING arg)
	String right(STRING string, INTEGER length)
	round(NUMERIC number[, INTEGER places])
	Long row_number()
	String rpad(string, length[, padding])
	String rtrim(STRING string[, STRING characters])
	Integer second(TIME arg)
	byte[] sha(arg)
	String sha1(arg)
	String sha2(arg0, arg1)
	Integer sign(NUMERIC arg)
	Double sin(NUMERIC arg)
	Double sinh(NUMERIC arg)
	String soundex(arg)
	String space(INTEGER arg)
	sql
	Double sqrt(NUMERIC arg)
	Double stddev(NUMERIC arg)
	Double stddev_pop(NUMERIC arg)
	Double stddev_samp(NUMERIC arg)
	String str(arg)
	String string(ENUM arg)
	subdate(DATE datetime, INTEGER days)
	String substr(STRING string, INTEGER start[, INTEGER length])
	String substring(STRING string{ from|,} INTEGER start[{ for|,} INTEGER length])
	subtime(TIME datetime, TIME time)
	sum(arg)
	Date sysdate()
	Double tan(NUMERIC arg)
	Double tanh(NUMERIC arg)
	String time(arg)
	Date timestamp(arg0[, arg1])
	timestampadd(TEMPORAL_UNIT field, INTEGER magnitude, TEMPORAL datetime)
	Long|Double timestampdiff(TEMPORAL_UNIT field, TEMPORAL start, TEMPORAL end)
	String trim([[{leading|trailing|both} ][STRING arg0 ]from] STRING arg1)
	trunc( ... )
	truncate( ... )
	String upper(STRING string)
	Date utc_date
	Date utc_time
	Date utc_timestamp
	Double var_pop(NUMERIC arg)
	Double var_samp(NUMERIC arg)
	Double variance(NUMERIC arg)
	Integer week(DATE arg)
	Integer year(DATE arg)

2026-03-25 17:29:10 DEBUG core:211 - HHH000513: Unable to create the ReflectionOptimizer for [com.test.College]: private accessor [clg_city]
2026-03-25 17:29:10 DEBUG service:102 - HHH010454: EventListenerRegistry access via ServiceRegistry is deprecated - use 'sessionFactory.getEventEngine().getListenerRegistry()' instead
2026-03-25 17:29:10 DEBUG SQL:126 - drop table if exists college
2026-03-25 17:29:10 DEBUG SQL:126 - drop table if exists college_SEQ
2026-03-25 17:29:10 DEBUG SQL:126 - create table college (clg_pincode integer not null, id integer not null, year integer not null, clg_city varchar(255), clg_name varchar(255), primary key (id)) engine=InnoDB
2026-03-25 17:29:11 DEBUG SQL:126 - create table college_SEQ (next_val bigint) engine=InnoDB
2026-03-25 17:29:11 DEBUG SQL:126 - insert into college_SEQ ( next_val ) values ( 1 )
2026-03-25 17:29:12 DEBUG factoryRegistry:86 - HHH020384: Registering SessionFactory [0691bc69-e4c9-4a15-855d-ff5069127228] (<unnamed>)
2026-03-25 17:29:12 DEBUG core:151 - HHH006588: Opening session [tenant=null]
2026-03-25 17:29:12 DEBUG core:74 - HHH006583: Beginning transaction
2026-03-25 17:29:12 DEBUG SQL:126 - select next_val as id_val from college_SEQ for update
2026-03-25 17:29:12 DEBUG SQL:126 - update college_SEQ set next_val= ? where next_val=?
2026-03-25 17:29:12 DEBUG core:87 - HHH006584: Committing transaction
2026-03-25 17:29:12 DEBUG event:98 - HHH90060071: Flushed: 1 insertions, 0 updates, 0 deletions to 1 objects
2026-03-25 17:29:12 DEBUG event:104 - HHH90060072: Flushed: 0 (re)creations, 0 updates, 0 removals to 0 collections
2026-03-25 17:29:12 DEBUG core:102 - Listing entities:
2026-03-25 17:29:12 DEBUG core:111 - com.test.College{year=1997, clg_pincode=560064, clg_name=presidency, id=1, clg_city=yelahanka}
2026-03-25 17:29:12 DEBUG SQL:126 - insert into college (clg_city,clg_name,clg_pincode,year,id) values (?,?,?,?,?)
2026-03-25 17:29:12 DEBUG metrics:277 - HHH000401: Logging session metrics:
	15578400 ns acquiring 2 JDBC connections
	1207800 ns releasing 2 JDBC connections
	4740300 ns preparing 3 JDBC statements
	50934600 ns executing 3 JDBC statements
	0 ns executing 0 JDBC batches
	0 ns performing 0 second-level cache puts
	0 ns performing 0 second-level cache hits
	0 ns performing 0 second-level cache misses
	69662600 ns executing 1 flushes (flushing a total of 1 entities and 0 collections)
	0 ns executing 0 pre-partial-flushes
	0 ns executing 0 partial-flushes (flushing a total of 0 entities and 0 collections)

2026-03-25 17:29:12 DEBUG core:151 - HHH006588: Opening session [tenant=null]
2026-03-25 17:31:14 DEBUG service:41 - HHH010455: Adding integrator: org.hibernate.boot.beanvalidation.BeanValidationIntegrator
2026-03-25 17:31:14 DEBUG service:41 - HHH010455: Adding integrator: org.hibernate.cache.internal.CollectionCacheInvalidator
2026-03-25 17:31:14 INFO  core:41 - HHH000001: Hibernate ORM core version 7.3.0.Final
2026-03-25 17:31:14 DEBUG core:155 - HHH000206: 'hibernate.properties' not found
2026-03-25 17:31:14 DEBUG service:41 - HHH010455: Adding integrator: org.hibernate.boot.beanvalidation.BeanValidationIntegrator
2026-03-25 17:31:14 DEBUG service:41 - HHH010455: Adding integrator: org.hibernate.cache.internal.CollectionCacheInvalidator
2026-03-25 17:31:14 DEBUG cache:116 - HHH90001031: Cannot default RegionFactory since no RegionFactory strategies were registered
2026-03-25 17:31:14 DEBUG cache:46 - HHH90001029: Second-level cache disabled
2026-03-25 17:31:14 WARN  pooling:86 - HHH10001002: Using built-in connection pool (not intended for production use)
2026-03-25 17:31:14 DEBUG pooling:34 - HHH10001014: Initializing connection pool with 1 connections
2026-03-25 17:31:14 DEBUG jdbc:457 - HHH100017: Database:
	name: MySQL
	version: 8.0.42
	major: 8
	minor: 0
2026-03-25 17:31:14 DEBUG jdbc:463 - HHH100018: Driver:
	name: MySQL Connector/J
	version: mysql-connector-j-8.0.33 (Revision: 7d6b0800528b6b25c68b52dc10d6c1c8429c100c)
	major: 8
	minor: 0
	JDBC version: 4.2
2026-03-25 17:31:14 DEBUG dialect:93 - HHH035001: Using dialect: org.hibernate.dialect.MySQLDialect, version: 8.0.42
2026-03-25 17:31:14 DEBUG IdentifierHelperBuilder:205 - IdentifierCaseStrategy for both quoted and unquoted identifiers was set to the same strategy [LOWER]; that will likely lead to problems in schema update and validation if using quoted identifiers
2026-03-25 17:31:15 DEBUG jdbc:379 - HHH100122: Using default JDBC fetch size: 0
2026-03-25 17:31:15 INFO  pooling:179 - HHH10001005: Database info:
	Database JDBC URL [jdbc:mysql://localhost:3306/mla]
	Database driver: MySQL Connector/J
	Database dialect: MySQLDialect
	Database version: 8.0.42
	Default catalog/schema: mla/undefined
	Autocommit mode: false
	Isolation level: REPEATABLE_READ
	JDBC fetch size: none
	Pool: DriverManagerConnectionProvider
	Minimum pool size: 1
	Maximum pool size: 20
2026-03-25 17:31:15 DEBUG factory:230 - HHH90020001: Instantiating factory [4d0e627c-a34f-42ae-aa1d-dce992268abd] with settings: {java.specification.version=25, sun.cpu.isalist=amd64, sun.jnu.encoding=Cp1252, java.class.path=C:\Users\yashaswini.hs\Desktop\Spring-advance\Assignment\target\classes;C:\Users\yashaswini.hs\.m2\repository\com\mysql\mysql-connector-j\8.0.33\mysql-connector-j-8.0.33.jar;C:\Users\yashaswini.hs\.m2\repository\com\google\protobuf\protobuf-java\3.21.9\protobuf-java-3.21.9.jar;C:\Users\yashaswini.hs\.m2\repository\org\hibernate\orm\hibernate-core\7.3.0.Final\hibernate-core-7.3.0.Final.jar;C:\Users\yashaswini.hs\.m2\repository\jakarta\persistence\jakarta.persistence-api\3.2.0\jakarta.persistence-api-3.2.0.jar;C:\Users\yashaswini.hs\.m2\repository\jakarta\transaction\jakarta.transaction-api\2.0.1\jakarta.transaction-api-2.0.1.jar;C:\Users\yashaswini.hs\.m2\repository\org\jboss\logging\jboss-logging\3.6.1.Final\jboss-logging-3.6.1.Final.jar;C:\Users\yashaswini.hs\.m2\repository\org\hibernate\models\hibernate-models\1.1.0\hibernate-models-1.1.0.jar;C:\Users\yashaswini.hs\.m2\repository\net\bytebuddy\byte-buddy\1.18.7\byte-buddy-1.18.7.jar;C:\Users\yashaswini.hs\.m2\repository\jakarta\xml\bind\jakarta.xml.bind-api\4.0.4\jakarta.xml.bind-api-4.0.4.jar;C:\Users\yashaswini.hs\.m2\repository\jakarta\activation\jakarta.activation-api\2.1.4\jakarta.activation-api-2.1.4.jar;C:\Users\yashaswini.hs\.m2\repository\org\glassfish\jaxb\jaxb-runtime\4.0.6\jaxb-runtime-4.0.6.jar;C:\Users\yashaswini.hs\.m2\repository\org\glassfish\jaxb\jaxb-core\4.0.6\jaxb-core-4.0.6.jar;C:\Users\yashaswini.hs\.m2\repository\org\eclipse\angus\angus-activation\2.0.3\angus-activation-2.0.3.jar;C:\Users\yashaswini.hs\.m2\repository\org\glassfish\jaxb\txw2\4.0.6\txw2-4.0.6.jar;C:\Users\yashaswini.hs\.m2\repository\com\sun\istack\istack-commons-runtime\4.1.2\istack-commons-runtime-4.1.2.jar;C:\Users\yashaswini.hs\.m2\repository\jakarta\inject\jakarta.inject-api\2.0.1\jakarta.inject-api-2.0.1.jar;C:\Users\yashaswini.hs\.m2\repository\org\antlr\antlr4-runtime\4.13.2\antlr4-runtime-4.13.2.jar;C:\Users\yashaswini.hs\.m2\repository\org\apache\logging\log4j\log4j-core\2.17.1\log4j-core-2.17.1.jar;C:\Users\yashaswini.hs\.m2\repository\org\apache\logging\log4j\log4j-api\2.17.1\log4j-api-2.17.1.jar;C:\Users\yashaswini.hs\.m2\repository\org\apache\logging\log4j\log4j-slf4j-impl\2.17.1\log4j-slf4j-impl-2.17.1.jar;C:\Users\yashaswini.hs\.m2\repository\org\slf4j\slf4j-api\1.7.25\slf4j-api-1.7.25.jar, java.vm.vendor=Eclipse Adoptium, sun.arch.data.model=64, user.variant=, java.vendor.url=https://adoptium.net/, user.timezone=Asia/Calcutta, java.vm.specification.version=25, os.name=Windows 11, sun.java.launcher=SUN_STANDARD, user.country=US, sun.boot.library.path=C:\Users\yashaswini.hs\Downloads\sts-5.1.1.RELEASE\plugins\org.eclipse.justj.openjdk.hotspot.jre.full.win32.x86_64_25.0.2.v20260203-1141\jre\bin, sun.java.command=com.test.CollegeDemo, jdk.debug=release, sun.cpu.endian=little, user.home=C:\Users\yashaswini.hs, user.language=en, java.specification.vendor=Oracle Corporation, java.version.date=2026-01-20, java.home=C:\Users\yashaswini.hs\Downloads\sts-5.1.1.RELEASE\plugins\org.eclipse.justj.openjdk.hotspot.jre.full.win32.x86_64_25.0.2.v20260203-1141\jre, file.separator=\, java.vm.compressedOopsMode=Zero based, line.separator=
, java.vm.specification.vendor=Oracle Corporation, java.specification.name=Java Platform API Specification, hibernate.hbm2ddl.auto=create, user.script=, sun.management.compiler=HotSpot 64-Bit Tiered Compilers, java.runtime.version=25.0.2+10-LTS, user.name=yashaswini.hs, stdout.encoding=UTF-8, path.separator=;, hibernate.connection.username=****, os.version=10.0, java.runtime.name=OpenJDK Runtime Environment, hibernate.connection.url=jdbc:mysql://localhost:3306/mla, file.encoding=UTF-8, java.vm.name=OpenJDK 64-Bit Server VM, hibernate.show_sql=true, java.vendor.version=Temurin-25.0.2+10, hibernate.current_session_context_class=thread, hibernate.connection.driver_class=com.mysql.cj.jdbc.Driver, java.vendor.url.bug=https://github.com/adoptium/adoptium-support/issues, java.io.tmpdir=C:\Users\YASHAS~1.HS\AppData\Local\Temp\, java.version=25.0.2, user.dir=C:\Users\yashaswini.hs\Desktop\Spring-advance\Assignment, os.arch=amd64, java.vm.specification.name=Java Virtual Machine Specification, hibernate.connection.password=****, sun.os.patch.level=, hibernate.boot.CfgXmlAccessService.key=org.hibernate.boot.cfgxml.spi.LoadedConfig@5cf8676a, native.encoding=Cp1252, java.library.path=C:\Users\yashaswini.hs\Downloads\sts-5.1.1.RELEASE\plugins\org.eclipse.justj.openjdk.hotspot.jre.full.win32.x86_64_25.0.2.v20260203-1141\jre\bin;C:\WINDOWS\Sun\Java\bin;C:\WINDOWS\system32;C:\WINDOWS;C:/Users/yashaswini.hs/Downloads/sts-5.1.1.RELEASE//plugins/org.eclipse.justj.openjdk.hotspot.jre.full.win32.x86_64_25.0.2.v20260203-1141/jre/bin/server;C:/Users/yashaswini.hs/Downloads/sts-5.1.1.RELEASE//plugins/org.eclipse.justj.openjdk.hotspot.jre.full.win32.x86_64_25.0.2.v20260203-1141/jre/bin;C:\Program Files\Microsoft\jdk-11.0.23.9-hotspot\bin;C:\Program Files\Microsoft\jdk-17.0.15.6-hotspot\bin;C:\Program Files\Python313\Scripts\;C:\Program Files\Python313\;%SystemRoot%\system32;%SystemRoot%;%SystemRoot%\System32\Wbem;%SYSTEMROOT%\System32\WindowsPowerShell\v1.0\;%SYSTEMROOT%\System32\OpenSSH\;C:\Program Files\Git\cmd;C:\Program Files\dotnet\;C:\Program Files\apache-maven-3.9.10\bin;C:\Program Files\nodejs\;C:\Program Files\Microsoft VS Code\bin;C:\Program Files\PuTTY\;C:\Program Files (x86)\Microsoft SQL Server\160\DTS\Binn\;C:\Program Files (x86)\Microsoft SQL Server\160\Tools\Binn\;C:\Program Files\Microsoft SQL Server\160\Tools\Binn\;C:\Program Files\Microsoft SQL Server\Client SDK\ODBC\170\Tools\Binn\;C:\Program Files\Microsoft SQL Server\160\DTS\Binn\;C:\Program Files\apache-maven-3.9.10\bin;C:\Program Files\apache-maven-3.9.10\bin;C:\Program Files\apache-maven-3.9.10\bin;C:\Users\yashaswini.hs\AppData\Local\Microsoft\WindowsApps;;C:\Users\yashaswini.hs\Downloads\sts-5.1.1.RELEASE;;., stderr.encoding=UTF-8, java.vendor=Eclipse Adoptium, java.vm.info=mixed mode, sharing, java.vm.version=25.0.2+10-LTS, stdin.encoding=Cp1252, sun.io.unicode.encoding=UnicodeLittle, java.class.version=69.0}
2026-03-25 17:31:15 DEBUG HQL_FUNCTIONS:155 - Available HQL Functions:
	abs(NUMERIC arg)
	Double acos(NUMERIC arg)
	adddate(DATE datetime, INTEGER days)
	addtime(TIME datetime, TIME time)
	Boolean any(BOOLEAN arg)
	Integer ascii(STRING arg)
	Double asin(NUMERIC arg)
	Double atan(NUMERIC arg)
	Double atan2(NUMERIC arg0, NUMERIC arg1)
	avg(arg)
	bit_and(arg)
	Integer bit_length(STRING_OR_CLOB arg)
	bit_or(arg)
	bitand(arg0, arg1)
	bitnot(arg)
	bitor(arg0, arg1)
	bitxor(arg0, arg1)
	cast(arg as Type)
	ceiling(NUMERIC arg)
	Character char(INTEGER arg)
	Integer character_length(STRING_OR_CLOB arg)
	Character chr(INTEGER arg)
	coalesce(arg0[, arg1[, ...]])
	String collate(STRING string as COLLATION collation)
	String concat(STRING string0[, STRING string1[, ...]])
	Double cos(NUMERIC arg)
	Double cosh(NUMERIC arg)
	Double cot(NUMERIC arg)
	Long count([distinct ]{arg|*})
	Integer crc32(arg)
	Double cume_dist([arg0[, ...]])
	Date curdate()
	Date current date
	Date current time
	Date current timestamp
	Date current_date
	Instant current_instant
	Date current_time
	Date current_timestamp
	Date curtime()
	Date date(arg)
	dateadd(TEMPORAL_UNIT field, INTEGER magnitude, TEMPORAL datetime)
	Integer datediff(DATE end, DATE start)
	Integer day(DATE arg)
	String dayname(DATE arg)
	Integer dayofmonth(DATE arg)
	Integer dayofweek(DATE arg)
	Integer dayofyear(DATE arg)
	Double degrees(NUMERIC arg)
	Long dense_rank([arg0[, ...]])
	Boolean every(BOOLEAN arg)
	Double exp(NUMERIC arg)
	extract(TEMPORAL_UNIT field from TEMPORAL arg)
	first_valueANY value
	floor(NUMERIC arg)
	String format(TEMPORAL datetime as STRING pattern)
	greatest(COMPARABLE arg0, COMPARABLE arg1[, arg2[, ...]])
	String hex(arg)
	Integer hour(TIME arg)
	ifnull(arg0, arg1)
	String insert(STRING string, INTEGER start, INTEGER length, STRING replacement)
	Instant instant
	Integer instr(STRING string, STRING pattern[, INTEGER start[, INTEGER occurrence]])
	String json_array([arg0[, ...]])
	String json_array_append(IMPLICIT_JSON arg0, STRING arg1, ANY arg2)
	String json_array_insert(IMPLICIT_JSON arg0, STRING arg1, ANY arg2)
	String json_arrayagg(arg0[, arg1])
	Boolean json_exists(IMPLICIT_JSON arg0, STRING arg1)
	String json_insert(IMPLICIT_JSON arg0, STRING arg1, ANY arg2)
	String json_mergepatch(IMPLICIT_JSON arg0, IMPLICIT_JSON arg1[, arg2[, ...]])
	String json_object( ... )
	String json_objectagg(arg0, arg1[, arg2, arg3])
	String json_query( ... )
	String json_remove(IMPLICIT_JSON arg0, STRING arg1)
	String json_replace(IMPLICIT_JSON arg0, STRING arg1, ANY arg2)
	String json_set(IMPLICIT_JSON arg0, STRING arg1, ANY arg2)
	json_value( ... )
	lagANY value[, INTEGER offset[, ANY default]]
	Date last_day(DATE arg)
	last_valueANY value
	leadANY value[, INTEGER offset[, ANY default]]
	least(COMPARABLE arg0, COMPARABLE arg1[, arg2[, ...]])
	String left(STRING string, INTEGER length)
	Integer length(STRING_OR_CLOB arg)
	String listagg(STRING arg0, STRING arg1)
	Double ln(NUMERIC arg)
	LocalDate local date
	LocalDateTime local datetime
	LocalTime local time
	LocalDate local_date
	LocalDateTime local_datetime
	LocalTime local_time
	Date localtime
	Date localtimestamp
	Integer locate(STRING pattern, STRING string[, INTEGER start])
	Double log(NUMERIC arg0[, NUMERIC arg1])
	Double log10(NUMERIC arg)
	Double log2(NUMERIC arg)
	String lower(STRING string)
	String lpad(string, length[, padding])
	String ltrim(STRING string[, STRING characters])
	Date makedate(INTEGER year, INTEGER dayofyear)
	Date maketime(INTEGER hour, INTEGER min, INTEGER sec)
	max(COMPARABLE arg)
	byte[] md5(arg)
	Integer microsecond(TIME arg)
	min(COMPARABLE arg)
	Integer minute(TIME arg)
	Integer mod(INTEGER arg0, INTEGER arg1)
	Integer month(DATE arg)
	String monthname(DATE arg)
	Date now()
	nth_valueANY value, INTEGER nth
	nullif(arg0, arg1)
	Integer octet_length(STRING_OR_CLOB arg)
	OffsetDateTime offset datetime
	OffsetDateTime offset_datetime
	Integer ordinal(ENUM arg)
	String overlay(STRING string placing STRING replacement from INTEGER start[ for INTEGER length])
	String pad(STRING string with INTEGER length {leading|trailing}[ STRING character])
	Double percent_rank([arg0[, ...]])
	Double pi
	Integer position(STRING pattern in STRING string)
	Double power(NUMERIC arg0, NUMERIC arg1)
	Integer quarter(DATE arg)
	Double radians(NUMERIC arg)
	Double rand([INTEGER seed])
	Long rank([arg0[, ...]])
	Boolean regexp_like(STRING arg0, STRING arg1[, STRING arg2])
	String repeat(STRING string, INTEGER times)
	String replace(STRING string, STRING pattern, STRING replacement)
	String reverse(STRING arg)
	String right(STRING string, INTEGER length)
	round(NUMERIC number[, INTEGER places])
	Long row_number()
	String rpad(string, length[, padding])
	String rtrim(STRING string[, STRING characters])
	Integer second(TIME arg)
	byte[] sha(arg)
	String sha1(arg)
	String sha2(arg0, arg1)
	Integer sign(NUMERIC arg)
	Double sin(NUMERIC arg)
	Double sinh(NUMERIC arg)
	String soundex(arg)
	String space(INTEGER arg)
	sql
	Double sqrt(NUMERIC arg)
	Double stddev(NUMERIC arg)
	Double stddev_pop(NUMERIC arg)
	Double stddev_samp(NUMERIC arg)
	String str(arg)
	String string(ENUM arg)
	subdate(DATE datetime, INTEGER days)
	String substr(STRING string, INTEGER start[, INTEGER length])
	String substring(STRING string{ from|,} INTEGER start[{ for|,} INTEGER length])
	subtime(TIME datetime, TIME time)
	sum(arg)
	Date sysdate()
	Double tan(NUMERIC arg)
	Double tanh(NUMERIC arg)
	String time(arg)
	Date timestamp(arg0[, arg1])
	timestampadd(TEMPORAL_UNIT field, INTEGER magnitude, TEMPORAL datetime)
	Long|Double timestampdiff(TEMPORAL_UNIT field, TEMPORAL start, TEMPORAL end)
	String trim([[{leading|trailing|both} ][STRING arg0 ]from] STRING arg1)
	trunc( ... )
	truncate( ... )
	String upper(STRING string)
	Date utc_date
	Date utc_time
	Date utc_timestamp
	Double var_pop(NUMERIC arg)
	Double var_samp(NUMERIC arg)
	Double variance(NUMERIC arg)
	Integer week(DATE arg)
	Integer year(DATE arg)

2026-03-25 17:31:15 DEBUG core:211 - HHH000513: Unable to create the ReflectionOptimizer for [com.test.College]: private accessor [clg_city]
2026-03-25 17:31:15 DEBUG service:102 - HHH010454: EventListenerRegistry access via ServiceRegistry is deprecated - use 'sessionFactory.getEventEngine().getListenerRegistry()' instead
2026-03-25 17:31:15 DEBUG SQL:126 - drop table if exists college
2026-03-25 17:31:16 DEBUG SQL:126 - drop table if exists college_SEQ
2026-03-25 17:31:16 DEBUG SQL:126 - create table college (clg_pincode integer not null, id integer not null, year integer not null, clg_city varchar(255), clg_name varchar(255), primary key (id)) engine=InnoDB
2026-03-25 17:31:17 DEBUG SQL:126 - create table college_SEQ (next_val bigint) engine=InnoDB
2026-03-25 17:31:17 DEBUG SQL:126 - insert into college_SEQ ( next_val ) values ( 1 )
2026-03-25 17:31:17 DEBUG factoryRegistry:86 - HHH020384: Registering SessionFactory [4d0e627c-a34f-42ae-aa1d-dce992268abd] (<unnamed>)
2026-03-25 17:31:17 DEBUG core:151 - HHH006588: Opening session [tenant=null]
2026-03-25 17:31:17 DEBUG core:74 - HHH006583: Beginning transaction
2026-03-25 17:31:17 DEBUG SQL:126 - select next_val as id_val from college_SEQ for update
2026-03-25 17:31:17 DEBUG SQL:126 - update college_SEQ set next_val= ? where next_val=?
2026-03-25 17:31:17 DEBUG core:87 - HHH006584: Committing transaction
2026-03-25 17:31:17 DEBUG event:98 - HHH90060071: Flushed: 1 insertions, 0 updates, 0 deletions to 1 objects
2026-03-25 17:31:17 DEBUG event:104 - HHH90060072: Flushed: 0 (re)creations, 0 updates, 0 removals to 0 collections
2026-03-25 17:31:17 DEBUG core:102 - Listing entities:
2026-03-25 17:31:17 DEBUG core:111 - com.test.College{year=1997, clg_pincode=560064, clg_name=presidency, id=1, clg_city=yelahanka}
2026-03-25 17:31:17 DEBUG SQL:126 - insert into college (clg_city,clg_name,clg_pincode,year,id) values (?,?,?,?,?)
2026-03-25 17:31:17 DEBUG metrics:277 - HHH000401: Logging session metrics:
	16481000 ns acquiring 2 JDBC connections
	1113400 ns releasing 2 JDBC connections
	5149200 ns preparing 3 JDBC statements
	4608500 ns executing 3 JDBC statements
	0 ns executing 0 JDBC batches
	0 ns performing 0 second-level cache puts
	0 ns performing 0 second-level cache hits
	0 ns performing 0 second-level cache misses
	23595200 ns executing 1 flushes (flushing a total of 1 entities and 0 collections)
	0 ns executing 0 pre-partial-flushes
	0 ns executing 0 partial-flushes (flushing a total of 0 entities and 0 collections)

2026-03-25 17:31:17 DEBUG core:151 - HHH006588: Opening session [tenant=null]
2026-03-25 17:32:12 DEBUG service:41 - HHH010455: Adding integrator: org.hibernate.boot.beanvalidation.BeanValidationIntegrator
2026-03-25 17:32:12 DEBUG service:41 - HHH010455: Adding integrator: org.hibernate.cache.internal.CollectionCacheInvalidator
2026-03-25 17:32:12 INFO  core:41 - HHH000001: Hibernate ORM core version 7.3.0.Final
2026-03-25 17:32:12 DEBUG core:155 - HHH000206: 'hibernate.properties' not found
2026-03-25 17:32:12 DEBUG service:41 - HHH010455: Adding integrator: org.hibernate.boot.beanvalidation.BeanValidationIntegrator
2026-03-25 17:32:12 DEBUG service:41 - HHH010455: Adding integrator: org.hibernate.cache.internal.CollectionCacheInvalidator
2026-03-25 17:32:12 DEBUG cache:116 - HHH90001031: Cannot default RegionFactory since no RegionFactory strategies were registered
2026-03-25 17:32:12 DEBUG cache:46 - HHH90001029: Second-level cache disabled
2026-03-25 17:32:12 WARN  pooling:86 - HHH10001002: Using built-in connection pool (not intended for production use)
2026-03-25 17:32:13 DEBUG pooling:34 - HHH10001014: Initializing connection pool with 1 connections
2026-03-25 17:32:13 DEBUG jdbc:457 - HHH100017: Database:
	name: MySQL
	version: 8.0.42
	major: 8
	minor: 0
2026-03-25 17:32:13 DEBUG jdbc:463 - HHH100018: Driver:
	name: MySQL Connector/J
	version: mysql-connector-j-8.0.33 (Revision: 7d6b0800528b6b25c68b52dc10d6c1c8429c100c)
	major: 8
	minor: 0
	JDBC version: 4.2
2026-03-25 17:32:13 DEBUG dialect:93 - HHH035001: Using dialect: org.hibernate.dialect.MySQLDialect, version: 8.0.42
2026-03-25 17:32:13 DEBUG IdentifierHelperBuilder:205 - IdentifierCaseStrategy for both quoted and unquoted identifiers was set to the same strategy [LOWER]; that will likely lead to problems in schema update and validation if using quoted identifiers
2026-03-25 17:32:13 DEBUG jdbc:379 - HHH100122: Using default JDBC fetch size: 0
2026-03-25 17:32:13 INFO  pooling:179 - HHH10001005: Database info:
	Database JDBC URL [jdbc:mysql://localhost:3306/mla]
	Database driver: MySQL Connector/J
	Database dialect: MySQLDialect
	Database version: 8.0.42
	Default catalog/schema: mla/undefined
	Autocommit mode: false
	Isolation level: REPEATABLE_READ
	JDBC fetch size: none
	Pool: DriverManagerConnectionProvider
	Minimum pool size: 1
	Maximum pool size: 20
2026-03-25 17:32:13 DEBUG factory:230 - HHH90020001: Instantiating factory [79148343-2408-4e91-8875-9eae1e32c78c] with settings: {java.specification.version=25, sun.cpu.isalist=amd64, sun.jnu.encoding=Cp1252, java.class.path=C:\Users\yashaswini.hs\Desktop\Spring-advance\Assignment\target\classes;C:\Users\yashaswini.hs\.m2\repository\com\mysql\mysql-connector-j\8.0.33\mysql-connector-j-8.0.33.jar;C:\Users\yashaswini.hs\.m2\repository\com\google\protobuf\protobuf-java\3.21.9\protobuf-java-3.21.9.jar;C:\Users\yashaswini.hs\.m2\repository\org\hibernate\orm\hibernate-core\7.3.0.Final\hibernate-core-7.3.0.Final.jar;C:\Users\yashaswini.hs\.m2\repository\jakarta\persistence\jakarta.persistence-api\3.2.0\jakarta.persistence-api-3.2.0.jar;C:\Users\yashaswini.hs\.m2\repository\jakarta\transaction\jakarta.transaction-api\2.0.1\jakarta.transaction-api-2.0.1.jar;C:\Users\yashaswini.hs\.m2\repository\org\jboss\logging\jboss-logging\3.6.1.Final\jboss-logging-3.6.1.Final.jar;C:\Users\yashaswini.hs\.m2\repository\org\hibernate\models\hibernate-models\1.1.0\hibernate-models-1.1.0.jar;C:\Users\yashaswini.hs\.m2\repository\net\bytebuddy\byte-buddy\1.18.7\byte-buddy-1.18.7.jar;C:\Users\yashaswini.hs\.m2\repository\jakarta\xml\bind\jakarta.xml.bind-api\4.0.4\jakarta.xml.bind-api-4.0.4.jar;C:\Users\yashaswini.hs\.m2\repository\jakarta\activation\jakarta.activation-api\2.1.4\jakarta.activation-api-2.1.4.jar;C:\Users\yashaswini.hs\.m2\repository\org\glassfish\jaxb\jaxb-runtime\4.0.6\jaxb-runtime-4.0.6.jar;C:\Users\yashaswini.hs\.m2\repository\org\glassfish\jaxb\jaxb-core\4.0.6\jaxb-core-4.0.6.jar;C:\Users\yashaswini.hs\.m2\repository\org\eclipse\angus\angus-activation\2.0.3\angus-activation-2.0.3.jar;C:\Users\yashaswini.hs\.m2\repository\org\glassfish\jaxb\txw2\4.0.6\txw2-4.0.6.jar;C:\Users\yashaswini.hs\.m2\repository\com\sun\istack\istack-commons-runtime\4.1.2\istack-commons-runtime-4.1.2.jar;C:\Users\yashaswini.hs\.m2\repository\jakarta\inject\jakarta.inject-api\2.0.1\jakarta.inject-api-2.0.1.jar;C:\Users\yashaswini.hs\.m2\repository\org\antlr\antlr4-runtime\4.13.2\antlr4-runtime-4.13.2.jar;C:\Users\yashaswini.hs\.m2\repository\org\apache\logging\log4j\log4j-core\2.17.1\log4j-core-2.17.1.jar;C:\Users\yashaswini.hs\.m2\repository\org\apache\logging\log4j\log4j-api\2.17.1\log4j-api-2.17.1.jar;C:\Users\yashaswini.hs\.m2\repository\org\apache\logging\log4j\log4j-slf4j-impl\2.17.1\log4j-slf4j-impl-2.17.1.jar;C:\Users\yashaswini.hs\.m2\repository\org\slf4j\slf4j-api\1.7.25\slf4j-api-1.7.25.jar, java.vm.vendor=Eclipse Adoptium, sun.arch.data.model=64, user.variant=, java.vendor.url=https://adoptium.net/, user.timezone=Asia/Calcutta, java.vm.specification.version=25, os.name=Windows 11, sun.java.launcher=SUN_STANDARD, user.country=US, sun.boot.library.path=C:\Users\yashaswini.hs\Downloads\sts-5.1.1.RELEASE\plugins\org.eclipse.justj.openjdk.hotspot.jre.full.win32.x86_64_25.0.2.v20260203-1141\jre\bin, sun.java.command=com.test.CollegeDemo, jdk.debug=release, sun.cpu.endian=little, user.home=C:\Users\yashaswini.hs, user.language=en, java.specification.vendor=Oracle Corporation, java.version.date=2026-01-20, java.home=C:\Users\yashaswini.hs\Downloads\sts-5.1.1.RELEASE\plugins\org.eclipse.justj.openjdk.hotspot.jre.full.win32.x86_64_25.0.2.v20260203-1141\jre, file.separator=\, java.vm.compressedOopsMode=Zero based, line.separator=
, java.vm.specification.vendor=Oracle Corporation, java.specification.name=Java Platform API Specification, hibernate.hbm2ddl.auto=create, user.script=, sun.management.compiler=HotSpot 64-Bit Tiered Compilers, java.runtime.version=25.0.2+10-LTS, user.name=yashaswini.hs, stdout.encoding=UTF-8, path.separator=;, hibernate.connection.username=****, os.version=10.0, java.runtime.name=OpenJDK Runtime Environment, hibernate.connection.url=jdbc:mysql://localhost:3306/mla, file.encoding=UTF-8, java.vm.name=OpenJDK 64-Bit Server VM, hibernate.show_sql=true, java.vendor.version=Temurin-25.0.2+10, hibernate.current_session_context_class=thread, hibernate.connection.driver_class=com.mysql.cj.jdbc.Driver, java.vendor.url.bug=https://github.com/adoptium/adoptium-support/issues, java.io.tmpdir=C:\Users\YASHAS~1.HS\AppData\Local\Temp\, java.version=25.0.2, user.dir=C:\Users\yashaswini.hs\Desktop\Spring-advance\Assignment, os.arch=amd64, java.vm.specification.name=Java Virtual Machine Specification, hibernate.connection.password=****, sun.os.patch.level=, hibernate.boot.CfgXmlAccessService.key=org.hibernate.boot.cfgxml.spi.LoadedConfig@5cf8676a, native.encoding=Cp1252, java.library.path=C:\Users\yashaswini.hs\Downloads\sts-5.1.1.RELEASE\plugins\org.eclipse.justj.openjdk.hotspot.jre.full.win32.x86_64_25.0.2.v20260203-1141\jre\bin;C:\WINDOWS\Sun\Java\bin;C:\WINDOWS\system32;C:\WINDOWS;C:/Users/yashaswini.hs/Downloads/sts-5.1.1.RELEASE//plugins/org.eclipse.justj.openjdk.hotspot.jre.full.win32.x86_64_25.0.2.v20260203-1141/jre/bin/server;C:/Users/yashaswini.hs/Downloads/sts-5.1.1.RELEASE//plugins/org.eclipse.justj.openjdk.hotspot.jre.full.win32.x86_64_25.0.2.v20260203-1141/jre/bin;C:\Program Files\Microsoft\jdk-11.0.23.9-hotspot\bin;C:\Program Files\Microsoft\jdk-17.0.15.6-hotspot\bin;C:\Program Files\Python313\Scripts\;C:\Program Files\Python313\;%SystemRoot%\system32;%SystemRoot%;%SystemRoot%\System32\Wbem;%SYSTEMROOT%\System32\WindowsPowerShell\v1.0\;%SYSTEMROOT%\System32\OpenSSH\;C:\Program Files\Git\cmd;C:\Program Files\dotnet\;C:\Program Files\apache-maven-3.9.10\bin;C:\Program Files\nodejs\;C:\Program Files\Microsoft VS Code\bin;C:\Program Files\PuTTY\;C:\Program Files (x86)\Microsoft SQL Server\160\DTS\Binn\;C:\Program Files (x86)\Microsoft SQL Server\160\Tools\Binn\;C:\Program Files\Microsoft SQL Server\160\Tools\Binn\;C:\Program Files\Microsoft SQL Server\Client SDK\ODBC\170\Tools\Binn\;C:\Program Files\Microsoft SQL Server\160\DTS\Binn\;C:\Program Files\apache-maven-3.9.10\bin;C:\Program Files\apache-maven-3.9.10\bin;C:\Program Files\apache-maven-3.9.10\bin;C:\Users\yashaswini.hs\AppData\Local\Microsoft\WindowsApps;;C:\Users\yashaswini.hs\Downloads\sts-5.1.1.RELEASE;;., stderr.encoding=UTF-8, java.vendor=Eclipse Adoptium, java.vm.info=mixed mode, sharing, java.vm.version=25.0.2+10-LTS, stdin.encoding=Cp1252, sun.io.unicode.encoding=UnicodeLittle, java.class.version=69.0}
2026-03-25 17:32:13 DEBUG HQL_FUNCTIONS:155 - Available HQL Functions:
	abs(NUMERIC arg)
	Double acos(NUMERIC arg)
	adddate(DATE datetime, INTEGER days)
	addtime(TIME datetime, TIME time)
	Boolean any(BOOLEAN arg)
	Integer ascii(STRING arg)
	Double asin(NUMERIC arg)
	Double atan(NUMERIC arg)
	Double atan2(NUMERIC arg0, NUMERIC arg1)
	avg(arg)
	bit_and(arg)
	Integer bit_length(STRING_OR_CLOB arg)
	bit_or(arg)
	bitand(arg0, arg1)
	bitnot(arg)
	bitor(arg0, arg1)
	bitxor(arg0, arg1)
	cast(arg as Type)
	ceiling(NUMERIC arg)
	Character char(INTEGER arg)
	Integer character_length(STRING_OR_CLOB arg)
	Character chr(INTEGER arg)
	coalesce(arg0[, arg1[, ...]])
	String collate(STRING string as COLLATION collation)
	String concat(STRING string0[, STRING string1[, ...]])
	Double cos(NUMERIC arg)
	Double cosh(NUMERIC arg)
	Double cot(NUMERIC arg)
	Long count([distinct ]{arg|*})
	Integer crc32(arg)
	Double cume_dist([arg0[, ...]])
	Date curdate()
	Date current date
	Date current time
	Date current timestamp
	Date current_date
	Instant current_instant
	Date current_time
	Date current_timestamp
	Date curtime()
	Date date(arg)
	dateadd(TEMPORAL_UNIT field, INTEGER magnitude, TEMPORAL datetime)
	Integer datediff(DATE end, DATE start)
	Integer day(DATE arg)
	String dayname(DATE arg)
	Integer dayofmonth(DATE arg)
	Integer dayofweek(DATE arg)
	Integer dayofyear(DATE arg)
	Double degrees(NUMERIC arg)
	Long dense_rank([arg0[, ...]])
	Boolean every(BOOLEAN arg)
	Double exp(NUMERIC arg)
	extract(TEMPORAL_UNIT field from TEMPORAL arg)
	first_valueANY value
	floor(NUMERIC arg)
	String format(TEMPORAL datetime as STRING pattern)
	greatest(COMPARABLE arg0, COMPARABLE arg1[, arg2[, ...]])
	String hex(arg)
	Integer hour(TIME arg)
	ifnull(arg0, arg1)
	String insert(STRING string, INTEGER start, INTEGER length, STRING replacement)
	Instant instant
	Integer instr(STRING string, STRING pattern[, INTEGER start[, INTEGER occurrence]])
	String json_array([arg0[, ...]])
	String json_array_append(IMPLICIT_JSON arg0, STRING arg1, ANY arg2)
	String json_array_insert(IMPLICIT_JSON arg0, STRING arg1, ANY arg2)
	String json_arrayagg(arg0[, arg1])
	Boolean json_exists(IMPLICIT_JSON arg0, STRING arg1)
	String json_insert(IMPLICIT_JSON arg0, STRING arg1, ANY arg2)
	String json_mergepatch(IMPLICIT_JSON arg0, IMPLICIT_JSON arg1[, arg2[, ...]])
	String json_object( ... )
	String json_objectagg(arg0, arg1[, arg2, arg3])
	String json_query( ... )
	String json_remove(IMPLICIT_JSON arg0, STRING arg1)
	String json_replace(IMPLICIT_JSON arg0, STRING arg1, ANY arg2)
	String json_set(IMPLICIT_JSON arg0, STRING arg1, ANY arg2)
	json_value( ... )
	lagANY value[, INTEGER offset[, ANY default]]
	Date last_day(DATE arg)
	last_valueANY value
	leadANY value[, INTEGER offset[, ANY default]]
	least(COMPARABLE arg0, COMPARABLE arg1[, arg2[, ...]])
	String left(STRING string, INTEGER length)
	Integer length(STRING_OR_CLOB arg)
	String listagg(STRING arg0, STRING arg1)
	Double ln(NUMERIC arg)
	LocalDate local date
	LocalDateTime local datetime
	LocalTime local time
	LocalDate local_date
	LocalDateTime local_datetime
	LocalTime local_time
	Date localtime
	Date localtimestamp
	Integer locate(STRING pattern, STRING string[, INTEGER start])
	Double log(NUMERIC arg0[, NUMERIC arg1])
	Double log10(NUMERIC arg)
	Double log2(NUMERIC arg)
	String lower(STRING string)
	String lpad(string, length[, padding])
	String ltrim(STRING string[, STRING characters])
	Date makedate(INTEGER year, INTEGER dayofyear)
	Date maketime(INTEGER hour, INTEGER min, INTEGER sec)
	max(COMPARABLE arg)
	byte[] md5(arg)
	Integer microsecond(TIME arg)
	min(COMPARABLE arg)
	Integer minute(TIME arg)
	Integer mod(INTEGER arg0, INTEGER arg1)
	Integer month(DATE arg)
	String monthname(DATE arg)
	Date now()
	nth_valueANY value, INTEGER nth
	nullif(arg0, arg1)
	Integer octet_length(STRING_OR_CLOB arg)
	OffsetDateTime offset datetime
	OffsetDateTime offset_datetime
	Integer ordinal(ENUM arg)
	String overlay(STRING string placing STRING replacement from INTEGER start[ for INTEGER length])
	String pad(STRING string with INTEGER length {leading|trailing}[ STRING character])
	Double percent_rank([arg0[, ...]])
	Double pi
	Integer position(STRING pattern in STRING string)
	Double power(NUMERIC arg0, NUMERIC arg1)
	Integer quarter(DATE arg)
	Double radians(NUMERIC arg)
	Double rand([INTEGER seed])
	Long rank([arg0[, ...]])
	Boolean regexp_like(STRING arg0, STRING arg1[, STRING arg2])
	String repeat(STRING string, INTEGER times)
	String replace(STRING string, STRING pattern, STRING replacement)
	String reverse(STRING arg)
	String right(STRING string, INTEGER length)
	round(NUMERIC number[, INTEGER places])
	Long row_number()
	String rpad(string, length[, padding])
	String rtrim(STRING string[, STRING characters])
	Integer second(TIME arg)
	byte[] sha(arg)
	String sha1(arg)
	String sha2(arg0, arg1)
	Integer sign(NUMERIC arg)
	Double sin(NUMERIC arg)
	Double sinh(NUMERIC arg)
	String soundex(arg)
	String space(INTEGER arg)
	sql
	Double sqrt(NUMERIC arg)
	Double stddev(NUMERIC arg)
	Double stddev_pop(NUMERIC arg)
	Double stddev_samp(NUMERIC arg)
	String str(arg)
	String string(ENUM arg)
	subdate(DATE datetime, INTEGER days)
	String substr(STRING string, INTEGER start[, INTEGER length])
	String substring(STRING string{ from|,} INTEGER start[{ for|,} INTEGER length])
	subtime(TIME datetime, TIME time)
	sum(arg)
	Date sysdate()
	Double tan(NUMERIC arg)
	Double tanh(NUMERIC arg)
	String time(arg)
	Date timestamp(arg0[, arg1])
	timestampadd(TEMPORAL_UNIT field, INTEGER magnitude, TEMPORAL datetime)
	Long|Double timestampdiff(TEMPORAL_UNIT field, TEMPORAL start, TEMPORAL end)
	String trim([[{leading|trailing|both} ][STRING arg0 ]from] STRING arg1)
	trunc( ... )
	truncate( ... )
	String upper(STRING string)
	Date utc_date
	Date utc_time
	Date utc_timestamp
	Double var_pop(NUMERIC arg)
	Double var_samp(NUMERIC arg)
	Double variance(NUMERIC arg)
	Integer week(DATE arg)
	Integer year(DATE arg)

2026-03-25 17:32:13 DEBUG core:211 - HHH000513: Unable to create the ReflectionOptimizer for [com.test.College]: private accessor [clg_city]
2026-03-25 17:32:14 DEBUG service:102 - HHH010454: EventListenerRegistry access via ServiceRegistry is deprecated - use 'sessionFactory.getEventEngine().getListenerRegistry()' instead
2026-03-25 17:32:14 DEBUG SQL:126 - drop table if exists colleg
2026-03-25 17:32:14 DEBUG SQL:126 - drop table if exists colleg_SEQ
2026-03-25 17:32:14 DEBUG SQL:126 - create table colleg (clg_pincode integer not null, id integer not null, year integer not null, clg_city varchar(255), clg_name varchar(255), primary key (id)) engine=InnoDB
2026-03-25 17:32:14 DEBUG SQL:126 - create table colleg_SEQ (next_val bigint) engine=InnoDB
2026-03-25 17:32:15 DEBUG SQL:126 - insert into colleg_SEQ ( next_val ) values ( 1 )
2026-03-25 17:32:15 DEBUG factoryRegistry:86 - HHH020384: Registering SessionFactory [79148343-2408-4e91-8875-9eae1e32c78c] (<unnamed>)
2026-03-25 17:32:15 DEBUG core:151 - HHH006588: Opening session [tenant=null]
2026-03-25 17:32:15 DEBUG core:74 - HHH006583: Beginning transaction
2026-03-25 17:32:15 DEBUG SQL:126 - select next_val as id_val from colleg_SEQ for update
2026-03-25 17:32:15 DEBUG SQL:126 - update colleg_SEQ set next_val= ? where next_val=?
2026-03-25 17:32:15 DEBUG core:87 - HHH006584: Committing transaction
2026-03-25 17:32:15 DEBUG event:98 - HHH90060071: Flushed: 1 insertions, 0 updates, 0 deletions to 1 objects
2026-03-25 17:32:15 DEBUG event:104 - HHH90060072: Flushed: 0 (re)creations, 0 updates, 0 removals to 0 collections
2026-03-25 17:32:15 DEBUG core:102 - Listing entities:
2026-03-25 17:32:15 DEBUG core:111 - com.test.College{year=1997, clg_pincode=560064, clg_name=presidency, id=1, clg_city=yelahanka}
2026-03-25 17:32:15 DEBUG SQL:126 - insert into colleg (clg_city,clg_name,clg_pincode,year,id) values (?,?,?,?,?)
2026-03-25 17:32:15 DEBUG metrics:277 - HHH000401: Logging session metrics:
	16470800 ns acquiring 2 JDBC connections
	1238800 ns releasing 2 JDBC connections
	5445700 ns preparing 3 JDBC statements
	5080500 ns executing 3 JDBC statements
	0 ns executing 0 JDBC batches
	0 ns performing 0 second-level cache puts
	0 ns performing 0 second-level cache hits
	0 ns performing 0 second-level cache misses
	22702100 ns executing 1 flushes (flushing a total of 1 entities and 0 collections)
	0 ns executing 0 pre-partial-flushes
	0 ns executing 0 partial-flushes (flushing a total of 0 entities and 0 collections)

2026-03-25 17:32:15 DEBUG core:151 - HHH006588: Opening session [tenant=null]
2026-03-25 17:32:16 DEBUG SQL:126 - select c1_0.id,c1_0.clg_city,c1_0.clg_name,c1_0.clg_pincode,c1_0.year from colleg c1_0
2026-03-25 17:32:16 DEBUG metrics:277 - HHH000401: Logging session metrics:
	755800 ns acquiring 1 JDBC connections
	652500 ns releasing 1 JDBC connections
	1053800 ns preparing 1 JDBC statements
	1085800 ns executing 1 JDBC statements
	0 ns executing 0 JDBC batches
	0 ns performing 0 second-level cache puts
	0 ns performing 0 second-level cache hits
	0 ns performing 0 second-level cache misses
	0 ns executing 0 flushes (flushing a total of 0 entities and 0 collections)
	0 ns executing 0 pre-partial-flushes
	0 ns executing 0 partial-flushes (flushing a total of 0 entities and 0 collections)

2026-03-25 17:32:54 DEBUG service:41 - HHH010455: Adding integrator: org.hibernate.boot.beanvalidation.BeanValidationIntegrator
2026-03-25 17:32:54 DEBUG service:41 - HHH010455: Adding integrator: org.hibernate.cache.internal.CollectionCacheInvalidator
2026-03-25 17:32:54 INFO  core:41 - HHH000001: Hibernate ORM core version 7.3.0.Final
2026-03-25 17:32:54 DEBUG core:155 - HHH000206: 'hibernate.properties' not found
2026-03-25 17:32:54 DEBUG service:41 - HHH010455: Adding integrator: org.hibernate.boot.beanvalidation.BeanValidationIntegrator
2026-03-25 17:32:54 DEBUG service:41 - HHH010455: Adding integrator: org.hibernate.cache.internal.CollectionCacheInvalidator
2026-03-25 17:32:55 DEBUG cache:116 - HHH90001031: Cannot default RegionFactory since no RegionFactory strategies were registered
2026-03-25 17:32:55 DEBUG cache:46 - HHH90001029: Second-level cache disabled
2026-03-25 17:32:55 WARN  pooling:86 - HHH10001002: Using built-in connection pool (not intended for production use)
2026-03-25 17:32:55 DEBUG pooling:34 - HHH10001014: Initializing connection pool with 1 connections
2026-03-25 17:32:55 DEBUG jdbc:457 - HHH100017: Database:
	name: MySQL
	version: 8.0.42
	major: 8
	minor: 0
2026-03-25 17:32:55 DEBUG jdbc:463 - HHH100018: Driver:
	name: MySQL Connector/J
	version: mysql-connector-j-8.0.33 (Revision: 7d6b0800528b6b25c68b52dc10d6c1c8429c100c)
	major: 8
	minor: 0
	JDBC version: 4.2
2026-03-25 17:32:55 DEBUG dialect:93 - HHH035001: Using dialect: org.hibernate.dialect.MySQLDialect, version: 8.0.42
2026-03-25 17:32:55 DEBUG IdentifierHelperBuilder:205 - IdentifierCaseStrategy for both quoted and unquoted identifiers was set to the same strategy [LOWER]; that will likely lead to problems in schema update and validation if using quoted identifiers
2026-03-25 17:32:55 DEBUG jdbc:379 - HHH100122: Using default JDBC fetch size: 0
2026-03-25 17:32:55 INFO  pooling:179 - HHH10001005: Database info:
	Database JDBC URL [jdbc:mysql://localhost:3306/mla]
	Database driver: MySQL Connector/J
	Database dialect: MySQLDialect
	Database version: 8.0.42
	Default catalog/schema: mla/undefined
	Autocommit mode: false
	Isolation level: REPEATABLE_READ
	JDBC fetch size: none
	Pool: DriverManagerConnectionProvider
	Minimum pool size: 1
	Maximum pool size: 20
2026-03-25 17:32:56 DEBUG factory:230 - HHH90020001: Instantiating factory [3e8a0147-65d4-44dc-a300-af7af000b90f] with settings: {java.specification.version=25, sun.cpu.isalist=amd64, sun.jnu.encoding=Cp1252, java.class.path=C:\Users\yashaswini.hs\Desktop\Spring-advance\Assignment\target\classes;C:\Users\yashaswini.hs\.m2\repository\com\mysql\mysql-connector-j\8.0.33\mysql-connector-j-8.0.33.jar;C:\Users\yashaswini.hs\.m2\repository\com\google\protobuf\protobuf-java\3.21.9\protobuf-java-3.21.9.jar;C:\Users\yashaswini.hs\.m2\repository\org\hibernate\orm\hibernate-core\7.3.0.Final\hibernate-core-7.3.0.Final.jar;C:\Users\yashaswini.hs\.m2\repository\jakarta\persistence\jakarta.persistence-api\3.2.0\jakarta.persistence-api-3.2.0.jar;C:\Users\yashaswini.hs\.m2\repository\jakarta\transaction\jakarta.transaction-api\2.0.1\jakarta.transaction-api-2.0.1.jar;C:\Users\yashaswini.hs\.m2\repository\org\jboss\logging\jboss-logging\3.6.1.Final\jboss-logging-3.6.1.Final.jar;C:\Users\yashaswini.hs\.m2\repository\org\hibernate\models\hibernate-models\1.1.0\hibernate-models-1.1.0.jar;C:\Users\yashaswini.hs\.m2\repository\net\bytebuddy\byte-buddy\1.18.7\byte-buddy-1.18.7.jar;C:\Users\yashaswini.hs\.m2\repository\jakarta\xml\bind\jakarta.xml.bind-api\4.0.4\jakarta.xml.bind-api-4.0.4.jar;C:\Users\yashaswini.hs\.m2\repository\jakarta\activation\jakarta.activation-api\2.1.4\jakarta.activation-api-2.1.4.jar;C:\Users\yashaswini.hs\.m2\repository\org\glassfish\jaxb\jaxb-runtime\4.0.6\jaxb-runtime-4.0.6.jar;C:\Users\yashaswini.hs\.m2\repository\org\glassfish\jaxb\jaxb-core\4.0.6\jaxb-core-4.0.6.jar;C:\Users\yashaswini.hs\.m2\repository\org\eclipse\angus\angus-activation\2.0.3\angus-activation-2.0.3.jar;C:\Users\yashaswini.hs\.m2\repository\org\glassfish\jaxb\txw2\4.0.6\txw2-4.0.6.jar;C:\Users\yashaswini.hs\.m2\repository\com\sun\istack\istack-commons-runtime\4.1.2\istack-commons-runtime-4.1.2.jar;C:\Users\yashaswini.hs\.m2\repository\jakarta\inject\jakarta.inject-api\2.0.1\jakarta.inject-api-2.0.1.jar;C:\Users\yashaswini.hs\.m2\repository\org\antlr\antlr4-runtime\4.13.2\antlr4-runtime-4.13.2.jar;C:\Users\yashaswini.hs\.m2\repository\org\apache\logging\log4j\log4j-core\2.17.1\log4j-core-2.17.1.jar;C:\Users\yashaswini.hs\.m2\repository\org\apache\logging\log4j\log4j-api\2.17.1\log4j-api-2.17.1.jar;C:\Users\yashaswini.hs\.m2\repository\org\apache\logging\log4j\log4j-slf4j-impl\2.17.1\log4j-slf4j-impl-2.17.1.jar;C:\Users\yashaswini.hs\.m2\repository\org\slf4j\slf4j-api\1.7.25\slf4j-api-1.7.25.jar, java.vm.vendor=Eclipse Adoptium, sun.arch.data.model=64, user.variant=, java.vendor.url=https://adoptium.net/, user.timezone=Asia/Calcutta, java.vm.specification.version=25, os.name=Windows 11, sun.java.launcher=SUN_STANDARD, user.country=US, sun.boot.library.path=C:\Users\yashaswini.hs\Downloads\sts-5.1.1.RELEASE\plugins\org.eclipse.justj.openjdk.hotspot.jre.full.win32.x86_64_25.0.2.v20260203-1141\jre\bin, sun.java.command=com.test.CollegeDemo, jdk.debug=release, sun.cpu.endian=little, user.home=C:\Users\yashaswini.hs, user.language=en, java.specification.vendor=Oracle Corporation, java.version.date=2026-01-20, java.home=C:\Users\yashaswini.hs\Downloads\sts-5.1.1.RELEASE\plugins\org.eclipse.justj.openjdk.hotspot.jre.full.win32.x86_64_25.0.2.v20260203-1141\jre, file.separator=\, java.vm.compressedOopsMode=Zero based, line.separator=
, java.vm.specification.vendor=Oracle Corporation, java.specification.name=Java Platform API Specification, hibernate.hbm2ddl.auto=create, user.script=, sun.management.compiler=HotSpot 64-Bit Tiered Compilers, java.runtime.version=25.0.2+10-LTS, user.name=yashaswini.hs, stdout.encoding=UTF-8, path.separator=;, hibernate.connection.username=****, os.version=10.0, java.runtime.name=OpenJDK Runtime Environment, hibernate.connection.url=jdbc:mysql://localhost:3306/mla, file.encoding=UTF-8, java.vm.name=OpenJDK 64-Bit Server VM, hibernate.show_sql=true, java.vendor.version=Temurin-25.0.2+10, hibernate.current_session_context_class=thread, hibernate.connection.driver_class=com.mysql.cj.jdbc.Driver, java.vendor.url.bug=https://github.com/adoptium/adoptium-support/issues, java.io.tmpdir=C:\Users\YASHAS~1.HS\AppData\Local\Temp\, java.version=25.0.2, user.dir=C:\Users\yashaswini.hs\Desktop\Spring-advance\Assignment, os.arch=amd64, java.vm.specification.name=Java Virtual Machine Specification, hibernate.connection.password=****, sun.os.patch.level=, hibernate.boot.CfgXmlAccessService.key=org.hibernate.boot.cfgxml.spi.LoadedConfig@5cf8676a, native.encoding=Cp1252, java.library.path=C:\Users\yashaswini.hs\Downloads\sts-5.1.1.RELEASE\plugins\org.eclipse.justj.openjdk.hotspot.jre.full.win32.x86_64_25.0.2.v20260203-1141\jre\bin;C:\WINDOWS\Sun\Java\bin;C:\WINDOWS\system32;C:\WINDOWS;C:/Users/yashaswini.hs/Downloads/sts-5.1.1.RELEASE//plugins/org.eclipse.justj.openjdk.hotspot.jre.full.win32.x86_64_25.0.2.v20260203-1141/jre/bin/server;C:/Users/yashaswini.hs/Downloads/sts-5.1.1.RELEASE//plugins/org.eclipse.justj.openjdk.hotspot.jre.full.win32.x86_64_25.0.2.v20260203-1141/jre/bin;C:\Program Files\Microsoft\jdk-11.0.23.9-hotspot\bin;C:\Program Files\Microsoft\jdk-17.0.15.6-hotspot\bin;C:\Program Files\Python313\Scripts\;C:\Program Files\Python313\;%SystemRoot%\system32;%SystemRoot%;%SystemRoot%\System32\Wbem;%SYSTEMROOT%\System32\WindowsPowerShell\v1.0\;%SYSTEMROOT%\System32\OpenSSH\;C:\Program Files\Git\cmd;C:\Program Files\dotnet\;C:\Program Files\apache-maven-3.9.10\bin;C:\Program Files\nodejs\;C:\Program Files\Microsoft VS Code\bin;C:\Program Files\PuTTY\;C:\Program Files (x86)\Microsoft SQL Server\160\DTS\Binn\;C:\Program Files (x86)\Microsoft SQL Server\160\Tools\Binn\;C:\Program Files\Microsoft SQL Server\160\Tools\Binn\;C:\Program Files\Microsoft SQL Server\Client SDK\ODBC\170\Tools\Binn\;C:\Program Files\Microsoft SQL Server\160\DTS\Binn\;C:\Program Files\apache-maven-3.9.10\bin;C:\Program Files\apache-maven-3.9.10\bin;C:\Program Files\apache-maven-3.9.10\bin;C:\Users\yashaswini.hs\AppData\Local\Microsoft\WindowsApps;;C:\Users\yashaswini.hs\Downloads\sts-5.1.1.RELEASE;;., stderr.encoding=UTF-8, java.vendor=Eclipse Adoptium, java.vm.info=mixed mode, sharing, java.vm.version=25.0.2+10-LTS, stdin.encoding=Cp1252, sun.io.unicode.encoding=UnicodeLittle, java.class.version=69.0}
2026-03-25 17:32:56 DEBUG HQL_FUNCTIONS:155 - Available HQL Functions:
	abs(NUMERIC arg)
	Double acos(NUMERIC arg)
	adddate(DATE datetime, INTEGER days)
	addtime(TIME datetime, TIME time)
	Boolean any(BOOLEAN arg)
	Integer ascii(STRING arg)
	Double asin(NUMERIC arg)
	Double atan(NUMERIC arg)
	Double atan2(NUMERIC arg0, NUMERIC arg1)
	avg(arg)
	bit_and(arg)
	Integer bit_length(STRING_OR_CLOB arg)
	bit_or(arg)
	bitand(arg0, arg1)
	bitnot(arg)
	bitor(arg0, arg1)
	bitxor(arg0, arg1)
	cast(arg as Type)
	ceiling(NUMERIC arg)
	Character char(INTEGER arg)
	Integer character_length(STRING_OR_CLOB arg)
	Character chr(INTEGER arg)
	coalesce(arg0[, arg1[, ...]])
	String collate(STRING string as COLLATION collation)
	String concat(STRING string0[, STRING string1[, ...]])
	Double cos(NUMERIC arg)
	Double cosh(NUMERIC arg)
	Double cot(NUMERIC arg)
	Long count([distinct ]{arg|*})
	Integer crc32(arg)
	Double cume_dist([arg0[, ...]])
	Date curdate()
	Date current date
	Date current time
	Date current timestamp
	Date current_date
	Instant current_instant
	Date current_time
	Date current_timestamp
	Date curtime()
	Date date(arg)
	dateadd(TEMPORAL_UNIT field, INTEGER magnitude, TEMPORAL datetime)
	Integer datediff(DATE end, DATE start)
	Integer day(DATE arg)
	String dayname(DATE arg)
	Integer dayofmonth(DATE arg)
	Integer dayofweek(DATE arg)
	Integer dayofyear(DATE arg)
	Double degrees(NUMERIC arg)
	Long dense_rank([arg0[, ...]])
	Boolean every(BOOLEAN arg)
	Double exp(NUMERIC arg)
	extract(TEMPORAL_UNIT field from TEMPORAL arg)
	first_valueANY value
	floor(NUMERIC arg)
	String format(TEMPORAL datetime as STRING pattern)
	greatest(COMPARABLE arg0, COMPARABLE arg1[, arg2[, ...]])
	String hex(arg)
	Integer hour(TIME arg)
	ifnull(arg0, arg1)
	String insert(STRING string, INTEGER start, INTEGER length, STRING replacement)
	Instant instant
	Integer instr(STRING string, STRING pattern[, INTEGER start[, INTEGER occurrence]])
	String json_array([arg0[, ...]])
	String json_array_append(IMPLICIT_JSON arg0, STRING arg1, ANY arg2)
	String json_array_insert(IMPLICIT_JSON arg0, STRING arg1, ANY arg2)
	String json_arrayagg(arg0[, arg1])
	Boolean json_exists(IMPLICIT_JSON arg0, STRING arg1)
	String json_insert(IMPLICIT_JSON arg0, STRING arg1, ANY arg2)
	String json_mergepatch(IMPLICIT_JSON arg0, IMPLICIT_JSON arg1[, arg2[, ...]])
	String json_object( ... )
	String json_objectagg(arg0, arg1[, arg2, arg3])
	String json_query( ... )
	String json_remove(IMPLICIT_JSON arg0, STRING arg1)
	String json_replace(IMPLICIT_JSON arg0, STRING arg1, ANY arg2)
	String json_set(IMPLICIT_JSON arg0, STRING arg1, ANY arg2)
	json_value( ... )
	lagANY value[, INTEGER offset[, ANY default]]
	Date last_day(DATE arg)
	last_valueANY value
	leadANY value[, INTEGER offset[, ANY default]]
	least(COMPARABLE arg0, COMPARABLE arg1[, arg2[, ...]])
	String left(STRING string, INTEGER length)
	Integer length(STRING_OR_CLOB arg)
	String listagg(STRING arg0, STRING arg1)
	Double ln(NUMERIC arg)
	LocalDate local date
	LocalDateTime local datetime
	LocalTime local time
	LocalDate local_date
	LocalDateTime local_datetime
	LocalTime local_time
	Date localtime
	Date localtimestamp
	Integer locate(STRING pattern, STRING string[, INTEGER start])
	Double log(NUMERIC arg0[, NUMERIC arg1])
	Double log10(NUMERIC arg)
	Double log2(NUMERIC arg)
	String lower(STRING string)
	String lpad(string, length[, padding])
	String ltrim(STRING string[, STRING characters])
	Date makedate(INTEGER year, INTEGER dayofyear)
	Date maketime(INTEGER hour, INTEGER min, INTEGER sec)
	max(COMPARABLE arg)
	byte[] md5(arg)
	Integer microsecond(TIME arg)
	min(COMPARABLE arg)
	Integer minute(TIME arg)
	Integer mod(INTEGER arg0, INTEGER arg1)
	Integer month(DATE arg)
	String monthname(DATE arg)
	Date now()
	nth_valueANY value, INTEGER nth
	nullif(arg0, arg1)
	Integer octet_length(STRING_OR_CLOB arg)
	OffsetDateTime offset datetime
	OffsetDateTime offset_datetime
	Integer ordinal(ENUM arg)
	String overlay(STRING string placing STRING replacement from INTEGER start[ for INTEGER length])
	String pad(STRING string with INTEGER length {leading|trailing}[ STRING character])
	Double percent_rank([arg0[, ...]])
	Double pi
	Integer position(STRING pattern in STRING string)
	Double power(NUMERIC arg0, NUMERIC arg1)
	Integer quarter(DATE arg)
	Double radians(NUMERIC arg)
	Double rand([INTEGER seed])
	Long rank([arg0[, ...]])
	Boolean regexp_like(STRING arg0, STRING arg1[, STRING arg2])
	String repeat(STRING string, INTEGER times)
	String replace(STRING string, STRING pattern, STRING replacement)
	String reverse(STRING arg)
	String right(STRING string, INTEGER length)
	round(NUMERIC number[, INTEGER places])
	Long row_number()
	String rpad(string, length[, padding])
	String rtrim(STRING string[, STRING characters])
	Integer second(TIME arg)
	byte[] sha(arg)
	String sha1(arg)
	String sha2(arg0, arg1)
	Integer sign(NUMERIC arg)
	Double sin(NUMERIC arg)
	Double sinh(NUMERIC arg)
	String soundex(arg)
	String space(INTEGER arg)
	sql
	Double sqrt(NUMERIC arg)
	Double stddev(NUMERIC arg)
	Double stddev_pop(NUMERIC arg)
	Double stddev_samp(NUMERIC arg)
	String str(arg)
	String string(ENUM arg)
	subdate(DATE datetime, INTEGER days)
	String substr(STRING string, INTEGER start[, INTEGER length])
	String substring(STRING string{ from|,} INTEGER start[{ for|,} INTEGER length])
	subtime(TIME datetime, TIME time)
	sum(arg)
	Date sysdate()
	Double tan(NUMERIC arg)
	Double tanh(NUMERIC arg)
	String time(arg)
	Date timestamp(arg0[, arg1])
	timestampadd(TEMPORAL_UNIT field, INTEGER magnitude, TEMPORAL datetime)
	Long|Double timestampdiff(TEMPORAL_UNIT field, TEMPORAL start, TEMPORAL end)
	String trim([[{leading|trailing|both} ][STRING arg0 ]from] STRING arg1)
	trunc( ... )
	truncate( ... )
	String upper(STRING string)
	Date utc_date
	Date utc_time
	Date utc_timestamp
	Double var_pop(NUMERIC arg)
	Double var_samp(NUMERIC arg)
	Double variance(NUMERIC arg)
	Integer week(DATE arg)
	Integer year(DATE arg)

2026-03-25 17:32:56 DEBUG core:211 - HHH000513: Unable to create the ReflectionOptimizer for [com.test.College]: private accessor [clg_city]
2026-03-25 17:32:56 DEBUG service:102 - HHH010454: EventListenerRegistry access via ServiceRegistry is deprecated - use 'sessionFactory.getEventEngine().getListenerRegistry()' instead
2026-03-25 17:32:56 DEBUG SQL:126 - drop table if exists colleg
2026-03-25 17:32:57 DEBUG SQL:126 - drop table if exists colleg_SEQ
2026-03-25 17:32:57 DEBUG SQL:126 - create table colleg (clg_pincode integer not null, id integer not null, year integer not null, clg_city varchar(255), clg_name varchar(255), primary key (id)) engine=InnoDB
2026-03-25 17:32:57 DEBUG SQL:126 - create table colleg_SEQ (next_val bigint) engine=InnoDB
2026-03-25 17:32:58 DEBUG SQL:126 - insert into colleg_SEQ ( next_val ) values ( 1 )
2026-03-25 17:32:58 DEBUG factoryRegistry:86 - HHH020384: Registering SessionFactory [3e8a0147-65d4-44dc-a300-af7af000b90f] (<unnamed>)
2026-03-25 17:32:58 DEBUG core:151 - HHH006588: Opening session [tenant=null]
2026-03-25 17:32:58 DEBUG core:74 - HHH006583: Beginning transaction
2026-03-25 17:32:58 DEBUG SQL:126 - select next_val as id_val from colleg_SEQ for update
2026-03-25 17:32:58 DEBUG SQL:126 - update colleg_SEQ set next_val= ? where next_val=?
2026-03-25 17:32:58 DEBUG core:87 - HHH006584: Committing transaction
2026-03-25 17:32:58 DEBUG event:98 - HHH90060071: Flushed: 1 insertions, 0 updates, 0 deletions to 1 objects
2026-03-25 17:32:58 DEBUG event:104 - HHH90060072: Flushed: 0 (re)creations, 0 updates, 0 removals to 0 collections
2026-03-25 17:32:58 DEBUG core:102 - Listing entities:
2026-03-25 17:32:58 DEBUG core:111 - com.test.College{year=1989, clg_pincode=560058, clg_name=ramaih, id=1, clg_city=bengaluru}
2026-03-25 17:32:58 DEBUG SQL:126 - insert into colleg (clg_city,clg_name,clg_pincode,year,id) values (?,?,?,?,?)
2026-03-25 17:32:58 DEBUG metrics:277 - HHH000401: Logging session metrics:
	15487900 ns acquiring 2 JDBC connections
	1227500 ns releasing 2 JDBC connections
	4809400 ns preparing 3 JDBC statements
	4579400 ns executing 3 JDBC statements
	0 ns executing 0 JDBC batches
	0 ns performing 0 second-level cache puts
	0 ns performing 0 second-level cache hits
	0 ns performing 0 second-level cache misses
	22001600 ns executing 1 flushes (flushing a total of 1 entities and 0 collections)
	0 ns executing 0 pre-partial-flushes
	0 ns executing 0 partial-flushes (flushing a total of 0 entities and 0 collections)

2026-03-25 17:32:58 DEBUG core:151 - HHH006588: Opening session [tenant=null]
2026-03-25 17:32:58 DEBUG SQL:126 - select c1_0.id,c1_0.clg_city,c1_0.clg_name,c1_0.clg_pincode,c1_0.year from colleg c1_0
2026-03-25 17:32:58 DEBUG metrics:277 - HHH000401: Logging session metrics:
	798900 ns acquiring 1 JDBC connections
	707600 ns releasing 1 JDBC connections
	1001500 ns preparing 1 JDBC statements
	1183800 ns executing 1 JDBC statements
	0 ns executing 0 JDBC batches
	0 ns performing 0 second-level cache puts
	0 ns performing 0 second-level cache hits
	0 ns performing 0 second-level cache misses
	0 ns executing 0 flushes (flushing a total of 0 entities and 0 collections)
	0 ns executing 0 pre-partial-flushes
	0 ns executing 0 partial-flushes (flushing a total of 0 entities and 0 collections)

2026-03-25 17:34:04 DEBUG service:41 - HHH010455: Adding integrator: org.hibernate.boot.beanvalidation.BeanValidationIntegrator
2026-03-25 17:34:04 DEBUG service:41 - HHH010455: Adding integrator: org.hibernate.cache.internal.CollectionCacheInvalidator
2026-03-25 17:34:04 INFO  core:41 - HHH000001: Hibernate ORM core version 7.3.0.Final
2026-03-25 17:34:04 DEBUG core:155 - HHH000206: 'hibernate.properties' not found
2026-03-25 17:34:04 DEBUG service:41 - HHH010455: Adding integrator: org.hibernate.boot.beanvalidation.BeanValidationIntegrator
2026-03-25 17:34:04 DEBUG service:41 - HHH010455: Adding integrator: org.hibernate.cache.internal.CollectionCacheInvalidator
2026-03-25 17:34:04 DEBUG cache:116 - HHH90001031: Cannot default RegionFactory since no RegionFactory strategies were registered
2026-03-25 17:34:04 DEBUG cache:46 - HHH90001029: Second-level cache disabled
2026-03-25 17:34:05 WARN  pooling:86 - HHH10001002: Using built-in connection pool (not intended for production use)
2026-03-25 17:34:05 DEBUG pooling:34 - HHH10001014: Initializing connection pool with 1 connections
2026-03-25 17:34:05 DEBUG jdbc:457 - HHH100017: Database:
	name: MySQL
	version: 8.0.42
	major: 8
	minor: 0
2026-03-25 17:34:05 DEBUG jdbc:463 - HHH100018: Driver:
	name: MySQL Connector/J
	version: mysql-connector-j-8.0.33 (Revision: 7d6b0800528b6b25c68b52dc10d6c1c8429c100c)
	major: 8
	minor: 0
	JDBC version: 4.2
2026-03-25 17:34:05 DEBUG dialect:93 - HHH035001: Using dialect: org.hibernate.dialect.MySQLDialect, version: 8.0.42
2026-03-25 17:34:05 DEBUG IdentifierHelperBuilder:205 - IdentifierCaseStrategy for both quoted and unquoted identifiers was set to the same strategy [LOWER]; that will likely lead to problems in schema update and validation if using quoted identifiers
2026-03-25 17:34:05 DEBUG jdbc:379 - HHH100122: Using default JDBC fetch size: 0
2026-03-25 17:34:05 INFO  pooling:179 - HHH10001005: Database info:
	Database JDBC URL [jdbc:mysql://localhost:3306/mla]
	Database driver: MySQL Connector/J
	Database dialect: MySQLDialect
	Database version: 8.0.42
	Default catalog/schema: mla/undefined
	Autocommit mode: false
	Isolation level: REPEATABLE_READ
	JDBC fetch size: none
	Pool: DriverManagerConnectionProvider
	Minimum pool size: 1
	Maximum pool size: 20
2026-03-25 17:34:06 DEBUG factory:230 - HHH90020001: Instantiating factory [fa583378-6f5f-4347-b8b7-89209910463f] with settings: {java.specification.version=25, sun.cpu.isalist=amd64, sun.jnu.encoding=Cp1252, java.class.path=C:\Users\yashaswini.hs\Desktop\Spring-advance\Assignment\target\classes;C:\Users\yashaswini.hs\.m2\repository\com\mysql\mysql-connector-j\8.0.33\mysql-connector-j-8.0.33.jar;C:\Users\yashaswini.hs\.m2\repository\com\google\protobuf\protobuf-java\3.21.9\protobuf-java-3.21.9.jar;C:\Users\yashaswini.hs\.m2\repository\org\hibernate\orm\hibernate-core\7.3.0.Final\hibernate-core-7.3.0.Final.jar;C:\Users\yashaswini.hs\.m2\repository\jakarta\persistence\jakarta.persistence-api\3.2.0\jakarta.persistence-api-3.2.0.jar;C:\Users\yashaswini.hs\.m2\repository\jakarta\transaction\jakarta.transaction-api\2.0.1\jakarta.transaction-api-2.0.1.jar;C:\Users\yashaswini.hs\.m2\repository\org\jboss\logging\jboss-logging\3.6.1.Final\jboss-logging-3.6.1.Final.jar;C:\Users\yashaswini.hs\.m2\repository\org\hibernate\models\hibernate-models\1.1.0\hibernate-models-1.1.0.jar;C:\Users\yashaswini.hs\.m2\repository\net\bytebuddy\byte-buddy\1.18.7\byte-buddy-1.18.7.jar;C:\Users\yashaswini.hs\.m2\repository\jakarta\xml\bind\jakarta.xml.bind-api\4.0.4\jakarta.xml.bind-api-4.0.4.jar;C:\Users\yashaswini.hs\.m2\repository\jakarta\activation\jakarta.activation-api\2.1.4\jakarta.activation-api-2.1.4.jar;C:\Users\yashaswini.hs\.m2\repository\org\glassfish\jaxb\jaxb-runtime\4.0.6\jaxb-runtime-4.0.6.jar;C:\Users\yashaswini.hs\.m2\repository\org\glassfish\jaxb\jaxb-core\4.0.6\jaxb-core-4.0.6.jar;C:\Users\yashaswini.hs\.m2\repository\org\eclipse\angus\angus-activation\2.0.3\angus-activation-2.0.3.jar;C:\Users\yashaswini.hs\.m2\repository\org\glassfish\jaxb\txw2\4.0.6\txw2-4.0.6.jar;C:\Users\yashaswini.hs\.m2\repository\com\sun\istack\istack-commons-runtime\4.1.2\istack-commons-runtime-4.1.2.jar;C:\Users\yashaswini.hs\.m2\repository\jakarta\inject\jakarta.inject-api\2.0.1\jakarta.inject-api-2.0.1.jar;C:\Users\yashaswini.hs\.m2\repository\org\antlr\antlr4-runtime\4.13.2\antlr4-runtime-4.13.2.jar;C:\Users\yashaswini.hs\.m2\repository\org\apache\logging\log4j\log4j-core\2.17.1\log4j-core-2.17.1.jar;C:\Users\yashaswini.hs\.m2\repository\org\apache\logging\log4j\log4j-api\2.17.1\log4j-api-2.17.1.jar;C:\Users\yashaswini.hs\.m2\repository\org\apache\logging\log4j\log4j-slf4j-impl\2.17.1\log4j-slf4j-impl-2.17.1.jar;C:\Users\yashaswini.hs\.m2\repository\org\slf4j\slf4j-api\1.7.25\slf4j-api-1.7.25.jar, java.vm.vendor=Eclipse Adoptium, sun.arch.data.model=64, user.variant=, java.vendor.url=https://adoptium.net/, user.timezone=Asia/Calcutta, java.vm.specification.version=25, os.name=Windows 11, sun.java.launcher=SUN_STANDARD, user.country=US, sun.boot.library.path=C:\Users\yashaswini.hs\Downloads\sts-5.1.1.RELEASE\plugins\org.eclipse.justj.openjdk.hotspot.jre.full.win32.x86_64_25.0.2.v20260203-1141\jre\bin, sun.java.command=com.test.CollegeDemo, jdk.debug=release, sun.cpu.endian=little, user.home=C:\Users\yashaswini.hs, user.language=en, java.specification.vendor=Oracle Corporation, java.version.date=2026-01-20, java.home=C:\Users\yashaswini.hs\Downloads\sts-5.1.1.RELEASE\plugins\org.eclipse.justj.openjdk.hotspot.jre.full.win32.x86_64_25.0.2.v20260203-1141\jre, file.separator=\, java.vm.compressedOopsMode=Zero based, line.separator=
, java.vm.specification.vendor=Oracle Corporation, java.specification.name=Java Platform API Specification, hibernate.hbm2ddl.auto=update, user.script=, sun.management.compiler=HotSpot 64-Bit Tiered Compilers, java.runtime.version=25.0.2+10-LTS, user.name=yashaswini.hs, stdout.encoding=UTF-8, path.separator=;, hibernate.connection.username=****, os.version=10.0, java.runtime.name=OpenJDK Runtime Environment, hibernate.connection.url=jdbc:mysql://localhost:3306/mla, file.encoding=UTF-8, java.vm.name=OpenJDK 64-Bit Server VM, hibernate.show_sql=true, java.vendor.version=Temurin-25.0.2+10, hibernate.current_session_context_class=thread, hibernate.connection.driver_class=com.mysql.cj.jdbc.Driver, java.vendor.url.bug=https://github.com/adoptium/adoptium-support/issues, java.io.tmpdir=C:\Users\YASHAS~1.HS\AppData\Local\Temp\, java.version=25.0.2, user.dir=C:\Users\yashaswini.hs\Desktop\Spring-advance\Assignment, os.arch=amd64, java.vm.specification.name=Java Virtual Machine Specification, hibernate.connection.password=****, sun.os.patch.level=, hibernate.boot.CfgXmlAccessService.key=org.hibernate.boot.cfgxml.spi.LoadedConfig@5cf8676a, native.encoding=Cp1252, java.library.path=C:\Users\yashaswini.hs\Downloads\sts-5.1.1.RELEASE\plugins\org.eclipse.justj.openjdk.hotspot.jre.full.win32.x86_64_25.0.2.v20260203-1141\jre\bin;C:\WINDOWS\Sun\Java\bin;C:\WINDOWS\system32;C:\WINDOWS;C:/Users/yashaswini.hs/Downloads/sts-5.1.1.RELEASE//plugins/org.eclipse.justj.openjdk.hotspot.jre.full.win32.x86_64_25.0.2.v20260203-1141/jre/bin/server;C:/Users/yashaswini.hs/Downloads/sts-5.1.1.RELEASE//plugins/org.eclipse.justj.openjdk.hotspot.jre.full.win32.x86_64_25.0.2.v20260203-1141/jre/bin;C:\Program Files\Microsoft\jdk-11.0.23.9-hotspot\bin;C:\Program Files\Microsoft\jdk-17.0.15.6-hotspot\bin;C:\Program Files\Python313\Scripts\;C:\Program Files\Python313\;%SystemRoot%\system32;%SystemRoot%;%SystemRoot%\System32\Wbem;%SYSTEMROOT%\System32\WindowsPowerShell\v1.0\;%SYSTEMROOT%\System32\OpenSSH\;C:\Program Files\Git\cmd;C:\Program Files\dotnet\;C:\Program Files\apache-maven-3.9.10\bin;C:\Program Files\nodejs\;C:\Program Files\Microsoft VS Code\bin;C:\Program Files\PuTTY\;C:\Program Files (x86)\Microsoft SQL Server\160\DTS\Binn\;C:\Program Files (x86)\Microsoft SQL Server\160\Tools\Binn\;C:\Program Files\Microsoft SQL Server\160\Tools\Binn\;C:\Program Files\Microsoft SQL Server\Client SDK\ODBC\170\Tools\Binn\;C:\Program Files\Microsoft SQL Server\160\DTS\Binn\;C:\Program Files\apache-maven-3.9.10\bin;C:\Program Files\apache-maven-3.9.10\bin;C:\Program Files\apache-maven-3.9.10\bin;C:\Users\yashaswini.hs\AppData\Local\Microsoft\WindowsApps;;C:\Users\yashaswini.hs\Downloads\sts-5.1.1.RELEASE;;., stderr.encoding=UTF-8, java.vendor=Eclipse Adoptium, java.vm.info=mixed mode, sharing, java.vm.version=25.0.2+10-LTS, stdin.encoding=Cp1252, sun.io.unicode.encoding=UnicodeLittle, java.class.version=69.0}
2026-03-25 17:34:06 DEBUG HQL_FUNCTIONS:155 - Available HQL Functions:
	abs(NUMERIC arg)
	Double acos(NUMERIC arg)
	adddate(DATE datetime, INTEGER days)
	addtime(TIME datetime, TIME time)
	Boolean any(BOOLEAN arg)
	Integer ascii(STRING arg)
	Double asin(NUMERIC arg)
	Double atan(NUMERIC arg)
	Double atan2(NUMERIC arg0, NUMERIC arg1)
	avg(arg)
	bit_and(arg)
	Integer bit_length(STRING_OR_CLOB arg)
	bit_or(arg)
	bitand(arg0, arg1)
	bitnot(arg)
	bitor(arg0, arg1)
	bitxor(arg0, arg1)
	cast(arg as Type)
	ceiling(NUMERIC arg)
	Character char(INTEGER arg)
	Integer character_length(STRING_OR_CLOB arg)
	Character chr(INTEGER arg)
	coalesce(arg0[, arg1[, ...]])
	String collate(STRING string as COLLATION collation)
	String concat(STRING string0[, STRING string1[, ...]])
	Double cos(NUMERIC arg)
	Double cosh(NUMERIC arg)
	Double cot(NUMERIC arg)
	Long count([distinct ]{arg|*})
	Integer crc32(arg)
	Double cume_dist([arg0[, ...]])
	Date curdate()
	Date current date
	Date current time
	Date current timestamp
	Date current_date
	Instant current_instant
	Date current_time
	Date current_timestamp
	Date curtime()
	Date date(arg)
	dateadd(TEMPORAL_UNIT field, INTEGER magnitude, TEMPORAL datetime)
	Integer datediff(DATE end, DATE start)
	Integer day(DATE arg)
	String dayname(DATE arg)
	Integer dayofmonth(DATE arg)
	Integer dayofweek(DATE arg)
	Integer dayofyear(DATE arg)
	Double degrees(NUMERIC arg)
	Long dense_rank([arg0[, ...]])
	Boolean every(BOOLEAN arg)
	Double exp(NUMERIC arg)
	extract(TEMPORAL_UNIT field from TEMPORAL arg)
	first_valueANY value
	floor(NUMERIC arg)
	String format(TEMPORAL datetime as STRING pattern)
	greatest(COMPARABLE arg0, COMPARABLE arg1[, arg2[, ...]])
	String hex(arg)
	Integer hour(TIME arg)
	ifnull(arg0, arg1)
	String insert(STRING string, INTEGER start, INTEGER length, STRING replacement)
	Instant instant
	Integer instr(STRING string, STRING pattern[, INTEGER start[, INTEGER occurrence]])
	String json_array([arg0[, ...]])
	String json_array_append(IMPLICIT_JSON arg0, STRING arg1, ANY arg2)
	String json_array_insert(IMPLICIT_JSON arg0, STRING arg1, ANY arg2)
	String json_arrayagg(arg0[, arg1])
	Boolean json_exists(IMPLICIT_JSON arg0, STRING arg1)
	String json_insert(IMPLICIT_JSON arg0, STRING arg1, ANY arg2)
	String json_mergepatch(IMPLICIT_JSON arg0, IMPLICIT_JSON arg1[, arg2[, ...]])
	String json_object( ... )
	String json_objectagg(arg0, arg1[, arg2, arg3])
	String json_query( ... )
	String json_remove(IMPLICIT_JSON arg0, STRING arg1)
	String json_replace(IMPLICIT_JSON arg0, STRING arg1, ANY arg2)
	String json_set(IMPLICIT_JSON arg0, STRING arg1, ANY arg2)
	json_value( ... )
	lagANY value[, INTEGER offset[, ANY default]]
	Date last_day(DATE arg)
	last_valueANY value
	leadANY value[, INTEGER offset[, ANY default]]
	least(COMPARABLE arg0, COMPARABLE arg1[, arg2[, ...]])
	String left(STRING string, INTEGER length)
	Integer length(STRING_OR_CLOB arg)
	String listagg(STRING arg0, STRING arg1)
	Double ln(NUMERIC arg)
	LocalDate local date
	LocalDateTime local datetime
	LocalTime local time
	LocalDate local_date
	LocalDateTime local_datetime
	LocalTime local_time
	Date localtime
	Date localtimestamp
	Integer locate(STRING pattern, STRING string[, INTEGER start])
	Double log(NUMERIC arg0[, NUMERIC arg1])
	Double log10(NUMERIC arg)
	Double log2(NUMERIC arg)
	String lower(STRING string)
	String lpad(string, length[, padding])
	String ltrim(STRING string[, STRING characters])
	Date makedate(INTEGER year, INTEGER dayofyear)
	Date maketime(INTEGER hour, INTEGER min, INTEGER sec)
	max(COMPARABLE arg)
	byte[] md5(arg)
	Integer microsecond(TIME arg)
	min(COMPARABLE arg)
	Integer minute(TIME arg)
	Integer mod(INTEGER arg0, INTEGER arg1)
	Integer month(DATE arg)
	String monthname(DATE arg)
	Date now()
	nth_valueANY value, INTEGER nth
	nullif(arg0, arg1)
	Integer octet_length(STRING_OR_CLOB arg)
	OffsetDateTime offset datetime
	OffsetDateTime offset_datetime
	Integer ordinal(ENUM arg)
	String overlay(STRING string placing STRING replacement from INTEGER start[ for INTEGER length])
	String pad(STRING string with INTEGER length {leading|trailing}[ STRING character])
	Double percent_rank([arg0[, ...]])
	Double pi
	Integer position(STRING pattern in STRING string)
	Double power(NUMERIC arg0, NUMERIC arg1)
	Integer quarter(DATE arg)
	Double radians(NUMERIC arg)
	Double rand([INTEGER seed])
	Long rank([arg0[, ...]])
	Boolean regexp_like(STRING arg0, STRING arg1[, STRING arg2])
	String repeat(STRING string, INTEGER times)
	String replace(STRING string, STRING pattern, STRING replacement)
	String reverse(STRING arg)
	String right(STRING string, INTEGER length)
	round(NUMERIC number[, INTEGER places])
	Long row_number()
	String rpad(string, length[, padding])
	String rtrim(STRING string[, STRING characters])
	Integer second(TIME arg)
	byte[] sha(arg)
	String sha1(arg)
	String sha2(arg0, arg1)
	Integer sign(NUMERIC arg)
	Double sin(NUMERIC arg)
	Double sinh(NUMERIC arg)
	String soundex(arg)
	String space(INTEGER arg)
	sql
	Double sqrt(NUMERIC arg)
	Double stddev(NUMERIC arg)
	Double stddev_pop(NUMERIC arg)
	Double stddev_samp(NUMERIC arg)
	String str(arg)
	String string(ENUM arg)
	subdate(DATE datetime, INTEGER days)
	String substr(STRING string, INTEGER start[, INTEGER length])
	String substring(STRING string{ from|,} INTEGER start[{ for|,} INTEGER length])
	subtime(TIME datetime, TIME time)
	sum(arg)
	Date sysdate()
	Double tan(NUMERIC arg)
	Double tanh(NUMERIC arg)
	String time(arg)
	Date timestamp(arg0[, arg1])
	timestampadd(TEMPORAL_UNIT field, INTEGER magnitude, TEMPORAL datetime)
	Long|Double timestampdiff(TEMPORAL_UNIT field, TEMPORAL start, TEMPORAL end)
	String trim([[{leading|trailing|both} ][STRING arg0 ]from] STRING arg1)
	trunc( ... )
	truncate( ... )
	String upper(STRING string)
	Date utc_date
	Date utc_time
	Date utc_timestamp
	Double var_pop(NUMERIC arg)
	Double var_samp(NUMERIC arg)
	Double variance(NUMERIC arg)
	Integer week(DATE arg)
	Integer year(DATE arg)

2026-03-25 17:34:06 DEBUG core:211 - HHH000513: Unable to create the ReflectionOptimizer for [com.test.College]: private accessor [clg_city]
2026-03-25 17:34:06 DEBUG service:102 - HHH010454: EventListenerRegistry access via ServiceRegistry is deprecated - use 'sessionFactory.getEventEngine().getListenerRegistry()' instead
2026-03-25 17:34:06 DEBUG Table:101 - No alter strings for table: colleg
2026-03-25 17:34:06 DEBUG Table:101 - No alter strings for table: colleg_SEQ
2026-03-25 17:34:06 DEBUG factoryRegistry:86 - HHH020384: Registering SessionFactory [fa583378-6f5f-4347-b8b7-89209910463f] (<unnamed>)
2026-03-25 17:34:06 DEBUG core:151 - HHH006588: Opening session [tenant=null]
2026-03-25 17:34:06 DEBUG core:74 - HHH006583: Beginning transaction
2026-03-25 17:34:06 DEBUG SQL:126 - select next_val as id_val from colleg_SEQ for update
2026-03-25 17:34:06 DEBUG SQL:126 - update colleg_SEQ set next_val= ? where next_val=?
2026-03-25 17:34:06 DEBUG core:87 - HHH006584: Committing transaction
2026-03-25 17:34:06 DEBUG event:98 - HHH90060071: Flushed: 1 insertions, 0 updates, 0 deletions to 1 objects
2026-03-25 17:34:06 DEBUG event:104 - HHH90060072: Flushed: 0 (re)creations, 0 updates, 0 removals to 0 collections
2026-03-25 17:34:06 DEBUG core:102 - Listing entities:
2026-03-25 17:34:06 DEBUG core:111 - com.test.College{year=1989, clg_pincode=560058, clg_name=ramaih, id=2, clg_city=bengaluru}
2026-03-25 17:34:06 DEBUG SQL:126 - insert into colleg (clg_city,clg_name,clg_pincode,year,id) values (?,?,?,?,?)
2026-03-25 17:34:06 DEBUG metrics:277 - HHH000401: Logging session metrics:
	15924500 ns acquiring 2 JDBC connections
	2161400 ns releasing 2 JDBC connections
	586800 ns preparing 3 JDBC statements
	3485800 ns executing 3 JDBC statements
	0 ns executing 0 JDBC batches
	0 ns performing 0 second-level cache puts
	0 ns performing 0 second-level cache hits
	0 ns performing 0 second-level cache misses
	25488700 ns executing 1 flushes (flushing a total of 1 entities and 0 collections)
	0 ns executing 0 pre-partial-flushes
	0 ns executing 0 partial-flushes (flushing a total of 0 entities and 0 collections)

2026-03-25 17:34:06 DEBUG core:151 - HHH006588: Opening session [tenant=null]
2026-03-25 17:34:07 DEBUG SQL:126 - select c1_0.id,c1_0.clg_city,c1_0.clg_name,c1_0.clg_pincode,c1_0.year from colleg c1_0
2026-03-25 17:34:07 DEBUG metrics:277 - HHH000401: Logging session metrics:
	651000 ns acquiring 1 JDBC connections
	705100 ns releasing 1 JDBC connections
	784700 ns preparing 1 JDBC statements
	978500 ns executing 1 JDBC statements
	0 ns executing 0 JDBC batches
	0 ns performing 0 second-level cache puts
	0 ns performing 0 second-level cache hits
	0 ns performing 0 second-level cache misses
	0 ns executing 0 flushes (flushing a total of 0 entities and 0 collections)
	0 ns executing 0 pre-partial-flushes
	0 ns executing 0 partial-flushes (flushing a total of 0 entities and 0 collections)

2026-03-25 17:34:43 DEBUG service:41 - HHH010455: Adding integrator: org.hibernate.boot.beanvalidation.BeanValidationIntegrator
2026-03-25 17:34:43 DEBUG service:41 - HHH010455: Adding integrator: org.hibernate.cache.internal.CollectionCacheInvalidator
2026-03-25 17:34:44 INFO  core:41 - HHH000001: Hibernate ORM core version 7.3.0.Final
2026-03-25 17:34:44 DEBUG core:155 - HHH000206: 'hibernate.properties' not found
2026-03-25 17:34:44 DEBUG service:41 - HHH010455: Adding integrator: org.hibernate.boot.beanvalidation.BeanValidationIntegrator
2026-03-25 17:34:44 DEBUG service:41 - HHH010455: Adding integrator: org.hibernate.cache.internal.CollectionCacheInvalidator
2026-03-25 17:34:44 DEBUG cache:116 - HHH90001031: Cannot default RegionFactory since no RegionFactory strategies were registered
2026-03-25 17:34:44 DEBUG cache:46 - HHH90001029: Second-level cache disabled
2026-03-25 17:34:44 WARN  pooling:86 - HHH10001002: Using built-in connection pool (not intended for production use)
2026-03-25 17:34:44 DEBUG pooling:34 - HHH10001014: Initializing connection pool with 1 connections
2026-03-25 17:34:44 DEBUG jdbc:457 - HHH100017: Database:
	name: MySQL
	version: 8.0.42
	major: 8
	minor: 0
2026-03-25 17:34:44 DEBUG jdbc:463 - HHH100018: Driver:
	name: MySQL Connector/J
	version: mysql-connector-j-8.0.33 (Revision: 7d6b0800528b6b25c68b52dc10d6c1c8429c100c)
	major: 8
	minor: 0
	JDBC version: 4.2
2026-03-25 17:34:44 DEBUG dialect:93 - HHH035001: Using dialect: org.hibernate.dialect.MySQLDialect, version: 8.0.42
2026-03-25 17:34:44 DEBUG IdentifierHelperBuilder:205 - IdentifierCaseStrategy for both quoted and unquoted identifiers was set to the same strategy [LOWER]; that will likely lead to problems in schema update and validation if using quoted identifiers
2026-03-25 17:34:44 DEBUG jdbc:379 - HHH100122: Using default JDBC fetch size: 0
2026-03-25 17:34:44 INFO  pooling:179 - HHH10001005: Database info:
	Database JDBC URL [jdbc:mysql://localhost:3306/mla]
	Database driver: MySQL Connector/J
	Database dialect: MySQLDialect
	Database version: 8.0.42
	Default catalog/schema: mla/undefined
	Autocommit mode: false
	Isolation level: REPEATABLE_READ
	JDBC fetch size: none
	Pool: DriverManagerConnectionProvider
	Minimum pool size: 1
	Maximum pool size: 20
2026-03-25 17:34:45 DEBUG factory:230 - HHH90020001: Instantiating factory [325a2cde-7091-4a98-a87d-530c11d414f8] with settings: {java.specification.version=25, sun.cpu.isalist=amd64, sun.jnu.encoding=Cp1252, java.class.path=C:\Users\yashaswini.hs\Desktop\Spring-advance\Assignment\target\classes;C:\Users\yashaswini.hs\.m2\repository\com\mysql\mysql-connector-j\8.0.33\mysql-connector-j-8.0.33.jar;C:\Users\yashaswini.hs\.m2\repository\com\google\protobuf\protobuf-java\3.21.9\protobuf-java-3.21.9.jar;C:\Users\yashaswini.hs\.m2\repository\org\hibernate\orm\hibernate-core\7.3.0.Final\hibernate-core-7.3.0.Final.jar;C:\Users\yashaswini.hs\.m2\repository\jakarta\persistence\jakarta.persistence-api\3.2.0\jakarta.persistence-api-3.2.0.jar;C:\Users\yashaswini.hs\.m2\repository\jakarta\transaction\jakarta.transaction-api\2.0.1\jakarta.transaction-api-2.0.1.jar;C:\Users\yashaswini.hs\.m2\repository\org\jboss\logging\jboss-logging\3.6.1.Final\jboss-logging-3.6.1.Final.jar;C:\Users\yashaswini.hs\.m2\repository\org\hibernate\models\hibernate-models\1.1.0\hibernate-models-1.1.0.jar;C:\Users\yashaswini.hs\.m2\repository\net\bytebuddy\byte-buddy\1.18.7\byte-buddy-1.18.7.jar;C:\Users\yashaswini.hs\.m2\repository\jakarta\xml\bind\jakarta.xml.bind-api\4.0.4\jakarta.xml.bind-api-4.0.4.jar;C:\Users\yashaswini.hs\.m2\repository\jakarta\activation\jakarta.activation-api\2.1.4\jakarta.activation-api-2.1.4.jar;C:\Users\yashaswini.hs\.m2\repository\org\glassfish\jaxb\jaxb-runtime\4.0.6\jaxb-runtime-4.0.6.jar;C:\Users\yashaswini.hs\.m2\repository\org\glassfish\jaxb\jaxb-core\4.0.6\jaxb-core-4.0.6.jar;C:\Users\yashaswini.hs\.m2\repository\org\eclipse\angus\angus-activation\2.0.3\angus-activation-2.0.3.jar;C:\Users\yashaswini.hs\.m2\repository\org\glassfish\jaxb\txw2\4.0.6\txw2-4.0.6.jar;C:\Users\yashaswini.hs\.m2\repository\com\sun\istack\istack-commons-runtime\4.1.2\istack-commons-runtime-4.1.2.jar;C:\Users\yashaswini.hs\.m2\repository\jakarta\inject\jakarta.inject-api\2.0.1\jakarta.inject-api-2.0.1.jar;C:\Users\yashaswini.hs\.m2\repository\org\antlr\antlr4-runtime\4.13.2\antlr4-runtime-4.13.2.jar;C:\Users\yashaswini.hs\.m2\repository\org\apache\logging\log4j\log4j-core\2.17.1\log4j-core-2.17.1.jar;C:\Users\yashaswini.hs\.m2\repository\org\apache\logging\log4j\log4j-api\2.17.1\log4j-api-2.17.1.jar;C:\Users\yashaswini.hs\.m2\repository\org\apache\logging\log4j\log4j-slf4j-impl\2.17.1\log4j-slf4j-impl-2.17.1.jar;C:\Users\yashaswini.hs\.m2\repository\org\slf4j\slf4j-api\1.7.25\slf4j-api-1.7.25.jar, java.vm.vendor=Eclipse Adoptium, sun.arch.data.model=64, user.variant=, java.vendor.url=https://adoptium.net/, user.timezone=Asia/Calcutta, java.vm.specification.version=25, os.name=Windows 11, sun.java.launcher=SUN_STANDARD, user.country=US, sun.boot.library.path=C:\Users\yashaswini.hs\Downloads\sts-5.1.1.RELEASE\plugins\org.eclipse.justj.openjdk.hotspot.jre.full.win32.x86_64_25.0.2.v20260203-1141\jre\bin, sun.java.command=com.test.CollegeDemo, jdk.debug=release, sun.cpu.endian=little, user.home=C:\Users\yashaswini.hs, user.language=en, java.specification.vendor=Oracle Corporation, java.version.date=2026-01-20, java.home=C:\Users\yashaswini.hs\Downloads\sts-5.1.1.RELEASE\plugins\org.eclipse.justj.openjdk.hotspot.jre.full.win32.x86_64_25.0.2.v20260203-1141\jre, file.separator=\, java.vm.compressedOopsMode=Zero based, line.separator=
, java.vm.specification.vendor=Oracle Corporation, java.specification.name=Java Platform API Specification, hibernate.hbm2ddl.auto=update, user.script=, sun.management.compiler=HotSpot 64-Bit Tiered Compilers, java.runtime.version=25.0.2+10-LTS, user.name=yashaswini.hs, stdout.encoding=UTF-8, path.separator=;, hibernate.connection.username=****, os.version=10.0, java.runtime.name=OpenJDK Runtime Environment, hibernate.connection.url=jdbc:mysql://localhost:3306/mla, file.encoding=UTF-8, java.vm.name=OpenJDK 64-Bit Server VM, hibernate.show_sql=true, java.vendor.version=Temurin-25.0.2+10, hibernate.current_session_context_class=thread, hibernate.connection.driver_class=com.mysql.cj.jdbc.Driver, java.vendor.url.bug=https://github.com/adoptium/adoptium-support/issues, java.io.tmpdir=C:\Users\YASHAS~1.HS\AppData\Local\Temp\, java.version=25.0.2, user.dir=C:\Users\yashaswini.hs\Desktop\Spring-advance\Assignment, os.arch=amd64, java.vm.specification.name=Java Virtual Machine Specification, hibernate.connection.password=****, sun.os.patch.level=, hibernate.boot.CfgXmlAccessService.key=org.hibernate.boot.cfgxml.spi.LoadedConfig@5cf8676a, native.encoding=Cp1252, java.library.path=C:\Users\yashaswini.hs\Downloads\sts-5.1.1.RELEASE\plugins\org.eclipse.justj.openjdk.hotspot.jre.full.win32.x86_64_25.0.2.v20260203-1141\jre\bin;C:\WINDOWS\Sun\Java\bin;C:\WINDOWS\system32;C:\WINDOWS;C:/Users/yashaswini.hs/Downloads/sts-5.1.1.RELEASE//plugins/org.eclipse.justj.openjdk.hotspot.jre.full.win32.x86_64_25.0.2.v20260203-1141/jre/bin/server;C:/Users/yashaswini.hs/Downloads/sts-5.1.1.RELEASE//plugins/org.eclipse.justj.openjdk.hotspot.jre.full.win32.x86_64_25.0.2.v20260203-1141/jre/bin;C:\Program Files\Microsoft\jdk-11.0.23.9-hotspot\bin;C:\Program Files\Microsoft\jdk-17.0.15.6-hotspot\bin;C:\Program Files\Python313\Scripts\;C:\Program Files\Python313\;%SystemRoot%\system32;%SystemRoot%;%SystemRoot%\System32\Wbem;%SYSTEMROOT%\System32\WindowsPowerShell\v1.0\;%SYSTEMROOT%\System32\OpenSSH\;C:\Program Files\Git\cmd;C:\Program Files\dotnet\;C:\Program Files\apache-maven-3.9.10\bin;C:\Program Files\nodejs\;C:\Program Files\Microsoft VS Code\bin;C:\Program Files\PuTTY\;C:\Program Files (x86)\Microsoft SQL Server\160\DTS\Binn\;C:\Program Files (x86)\Microsoft SQL Server\160\Tools\Binn\;C:\Program Files\Microsoft SQL Server\160\Tools\Binn\;C:\Program Files\Microsoft SQL Server\Client SDK\ODBC\170\Tools\Binn\;C:\Program Files\Microsoft SQL Server\160\DTS\Binn\;C:\Program Files\apache-maven-3.9.10\bin;C:\Program Files\apache-maven-3.9.10\bin;C:\Program Files\apache-maven-3.9.10\bin;C:\Users\yashaswini.hs\AppData\Local\Microsoft\WindowsApps;;C:\Users\yashaswini.hs\Downloads\sts-5.1.1.RELEASE;;., stderr.encoding=UTF-8, java.vendor=Eclipse Adoptium, java.vm.info=mixed mode, sharing, java.vm.version=25.0.2+10-LTS, stdin.encoding=Cp1252, sun.io.unicode.encoding=UnicodeLittle, java.class.version=69.0}
2026-03-25 17:34:45 DEBUG HQL_FUNCTIONS:155 - Available HQL Functions:
	abs(NUMERIC arg)
	Double acos(NUMERIC arg)
	adddate(DATE datetime, INTEGER days)
	addtime(TIME datetime, TIME time)
	Boolean any(BOOLEAN arg)
	Integer ascii(STRING arg)
	Double asin(NUMERIC arg)
	Double atan(NUMERIC arg)
	Double atan2(NUMERIC arg0, NUMERIC arg1)
	avg(arg)
	bit_and(arg)
	Integer bit_length(STRING_OR_CLOB arg)
	bit_or(arg)
	bitand(arg0, arg1)
	bitnot(arg)
	bitor(arg0, arg1)
	bitxor(arg0, arg1)
	cast(arg as Type)
	ceiling(NUMERIC arg)
	Character char(INTEGER arg)
	Integer character_length(STRING_OR_CLOB arg)
	Character chr(INTEGER arg)
	coalesce(arg0[, arg1[, ...]])
	String collate(STRING string as COLLATION collation)
	String concat(STRING string0[, STRING string1[, ...]])
	Double cos(NUMERIC arg)
	Double cosh(NUMERIC arg)
	Double cot(NUMERIC arg)
	Long count([distinct ]{arg|*})
	Integer crc32(arg)
	Double cume_dist([arg0[, ...]])
	Date curdate()
	Date current date
	Date current time
	Date current timestamp
	Date current_date
	Instant current_instant
	Date current_time
	Date current_timestamp
	Date curtime()
	Date date(arg)
	dateadd(TEMPORAL_UNIT field, INTEGER magnitude, TEMPORAL datetime)
	Integer datediff(DATE end, DATE start)
	Integer day(DATE arg)
	String dayname(DATE arg)
	Integer dayofmonth(DATE arg)
	Integer dayofweek(DATE arg)
	Integer dayofyear(DATE arg)
	Double degrees(NUMERIC arg)
	Long dense_rank([arg0[, ...]])
	Boolean every(BOOLEAN arg)
	Double exp(NUMERIC arg)
	extract(TEMPORAL_UNIT field from TEMPORAL arg)
	first_valueANY value
	floor(NUMERIC arg)
	String format(TEMPORAL datetime as STRING pattern)
	greatest(COMPARABLE arg0, COMPARABLE arg1[, arg2[, ...]])
	String hex(arg)
	Integer hour(TIME arg)
	ifnull(arg0, arg1)
	String insert(STRING string, INTEGER start, INTEGER length, STRING replacement)
	Instant instant
	Integer instr(STRING string, STRING pattern[, INTEGER start[, INTEGER occurrence]])
	String json_array([arg0[, ...]])
	String json_array_append(IMPLICIT_JSON arg0, STRING arg1, ANY arg2)
	String json_array_insert(IMPLICIT_JSON arg0, STRING arg1, ANY arg2)
	String json_arrayagg(arg0[, arg1])
	Boolean json_exists(IMPLICIT_JSON arg0, STRING arg1)
	String json_insert(IMPLICIT_JSON arg0, STRING arg1, ANY arg2)
	String json_mergepatch(IMPLICIT_JSON arg0, IMPLICIT_JSON arg1[, arg2[, ...]])
	String json_object( ... )
	String json_objectagg(arg0, arg1[, arg2, arg3])
	String json_query( ... )
	String json_remove(IMPLICIT_JSON arg0, STRING arg1)
	String json_replace(IMPLICIT_JSON arg0, STRING arg1, ANY arg2)
	String json_set(IMPLICIT_JSON arg0, STRING arg1, ANY arg2)
	json_value( ... )
	lagANY value[, INTEGER offset[, ANY default]]
	Date last_day(DATE arg)
	last_valueANY value
	leadANY value[, INTEGER offset[, ANY default]]
	least(COMPARABLE arg0, COMPARABLE arg1[, arg2[, ...]])
	String left(STRING string, INTEGER length)
	Integer length(STRING_OR_CLOB arg)
	String listagg(STRING arg0, STRING arg1)
	Double ln(NUMERIC arg)
	LocalDate local date
	LocalDateTime local datetime
	LocalTime local time
	LocalDate local_date
	LocalDateTime local_datetime
	LocalTime local_time
	Date localtime
	Date localtimestamp
	Integer locate(STRING pattern, STRING string[, INTEGER start])
	Double log(NUMERIC arg0[, NUMERIC arg1])
	Double log10(NUMERIC arg)
	Double log2(NUMERIC arg)
	String lower(STRING string)
	String lpad(string, length[, padding])
	String ltrim(STRING string[, STRING characters])
	Date makedate(INTEGER year, INTEGER dayofyear)
	Date maketime(INTEGER hour, INTEGER min, INTEGER sec)
	max(COMPARABLE arg)
	byte[] md5(arg)
	Integer microsecond(TIME arg)
	min(COMPARABLE arg)
	Integer minute(TIME arg)
	Integer mod(INTEGER arg0, INTEGER arg1)
	Integer month(DATE arg)
	String monthname(DATE arg)
	Date now()
	nth_valueANY value, INTEGER nth
	nullif(arg0, arg1)
	Integer octet_length(STRING_OR_CLOB arg)
	OffsetDateTime offset datetime
	OffsetDateTime offset_datetime
	Integer ordinal(ENUM arg)
	String overlay(STRING string placing STRING replacement from INTEGER start[ for INTEGER length])
	String pad(STRING string with INTEGER length {leading|trailing}[ STRING character])
	Double percent_rank([arg0[, ...]])
	Double pi
	Integer position(STRING pattern in STRING string)
	Double power(NUMERIC arg0, NUMERIC arg1)
	Integer quarter(DATE arg)
	Double radians(NUMERIC arg)
	Double rand([INTEGER seed])
	Long rank([arg0[, ...]])
	Boolean regexp_like(STRING arg0, STRING arg1[, STRING arg2])
	String repeat(STRING string, INTEGER times)
	String replace(STRING string, STRING pattern, STRING replacement)
	String reverse(STRING arg)
	String right(STRING string, INTEGER length)
	round(NUMERIC number[, INTEGER places])
	Long row_number()
	String rpad(string, length[, padding])
	String rtrim(STRING string[, STRING characters])
	Integer second(TIME arg)
	byte[] sha(arg)
	String sha1(arg)
	String sha2(arg0, arg1)
	Integer sign(NUMERIC arg)
	Double sin(NUMERIC arg)
	Double sinh(NUMERIC arg)
	String soundex(arg)
	String space(INTEGER arg)
	sql
	Double sqrt(NUMERIC arg)
	Double stddev(NUMERIC arg)
	Double stddev_pop(NUMERIC arg)
	Double stddev_samp(NUMERIC arg)
	String str(arg)
	String string(ENUM arg)
	subdate(DATE datetime, INTEGER days)
	String substr(STRING string, INTEGER start[, INTEGER length])
	String substring(STRING string{ from|,} INTEGER start[{ for|,} INTEGER length])
	subtime(TIME datetime, TIME time)
	sum(arg)
	Date sysdate()
	Double tan(NUMERIC arg)
	Double tanh(NUMERIC arg)
	String time(arg)
	Date timestamp(arg0[, arg1])
	timestampadd(TEMPORAL_UNIT field, INTEGER magnitude, TEMPORAL datetime)
	Long|Double timestampdiff(TEMPORAL_UNIT field, TEMPORAL start, TEMPORAL end)
	String trim([[{leading|trailing|both} ][STRING arg0 ]from] STRING arg1)
	trunc( ... )
	truncate( ... )
	String upper(STRING string)
	Date utc_date
	Date utc_time
	Date utc_timestamp
	Double var_pop(NUMERIC arg)
	Double var_samp(NUMERIC arg)
	Double variance(NUMERIC arg)
	Integer week(DATE arg)
	Integer year(DATE arg)

2026-03-25 17:34:45 DEBUG core:211 - HHH000513: Unable to create the ReflectionOptimizer for [com.test.College]: private accessor [clg_city]
2026-03-25 17:34:45 DEBUG service:102 - HHH010454: EventListenerRegistry access via ServiceRegistry is deprecated - use 'sessionFactory.getEventEngine().getListenerRegistry()' instead
2026-03-25 17:34:45 DEBUG Table:101 - No alter strings for table: colleg
2026-03-25 17:34:45 DEBUG Table:101 - No alter strings for table: colleg_SEQ
2026-03-25 17:34:45 DEBUG factoryRegistry:86 - HHH020384: Registering SessionFactory [325a2cde-7091-4a98-a87d-530c11d414f8] (<unnamed>)
2026-03-25 17:34:45 DEBUG core:151 - HHH006588: Opening session [tenant=null]
2026-03-25 17:34:45 DEBUG core:74 - HHH006583: Beginning transaction
2026-03-25 17:34:45 DEBUG SQL:126 - select next_val as id_val from colleg_SEQ for update
2026-03-25 17:34:45 DEBUG SQL:126 - update colleg_SEQ set next_val= ? where next_val=?
2026-03-25 17:34:46 DEBUG core:87 - HHH006584: Committing transaction
2026-03-25 17:34:46 DEBUG event:98 - HHH90060071: Flushed: 1 insertions, 0 updates, 0 deletions to 1 objects
2026-03-25 17:34:46 DEBUG event:104 - HHH90060072: Flushed: 0 (re)creations, 0 updates, 0 removals to 0 collections
2026-03-25 17:34:46 DEBUG core:102 - Listing entities:
2026-03-25 17:34:46 DEBUG core:111 - com.test.College{year=1998, clg_pincode=560058, clg_name=pesidency, id=52, clg_city=yelahka}
2026-03-25 17:34:46 DEBUG SQL:126 - insert into colleg (clg_city,clg_name,clg_pincode,year,id) values (?,?,?,?,?)
2026-03-25 17:34:46 DEBUG metrics:277 - HHH000401: Logging session metrics:
	16761800 ns acquiring 2 JDBC connections
	1393900 ns releasing 2 JDBC connections
	621600 ns preparing 3 JDBC statements
	3717600 ns executing 3 JDBC statements
	0 ns executing 0 JDBC batches
	0 ns performing 0 second-level cache puts
	0 ns performing 0 second-level cache hits
	0 ns performing 0 second-level cache misses
	22153900 ns executing 1 flushes (flushing a total of 1 entities and 0 collections)
	0 ns executing 0 pre-partial-flushes
	0 ns executing 0 partial-flushes (flushing a total of 0 entities and 0 collections)

2026-03-25 17:34:46 DEBUG core:151 - HHH006588: Opening session [tenant=null]
2026-03-25 17:34:46 DEBUG SQL:126 - select c1_0.id,c1_0.clg_city,c1_0.clg_name,c1_0.clg_pincode,c1_0.year from colleg c1_0
2026-03-25 17:34:46 DEBUG metrics:277 - HHH000401: Logging session metrics:
	688600 ns acquiring 1 JDBC connections
	762300 ns releasing 1 JDBC connections
	812100 ns preparing 1 JDBC statements
	1059500 ns executing 1 JDBC statements
	0 ns executing 0 JDBC batches
	0 ns performing 0 second-level cache puts
	0 ns performing 0 second-level cache hits
	0 ns performing 0 second-level cache misses
	0 ns executing 0 flushes (flushing a total of 0 entities and 0 collections)
	0 ns executing 0 pre-partial-flushes
	0 ns executing 0 partial-flushes (flushing a total of 0 entities and 0 collections)

2026-03-25 17:35:34 DEBUG service:41 - HHH010455: Adding integrator: org.hibernate.boot.beanvalidation.BeanValidationIntegrator
2026-03-25 17:35:34 DEBUG service:41 - HHH010455: Adding integrator: org.hibernate.cache.internal.CollectionCacheInvalidator
2026-03-25 17:35:35 INFO  core:41 - HHH000001: Hibernate ORM core version 7.3.0.Final
2026-03-25 17:35:35 DEBUG core:155 - HHH000206: 'hibernate.properties' not found
2026-03-25 17:35:35 DEBUG service:41 - HHH010455: Adding integrator: org.hibernate.boot.beanvalidation.BeanValidationIntegrator
2026-03-25 17:35:35 DEBUG service:41 - HHH010455: Adding integrator: org.hibernate.cache.internal.CollectionCacheInvalidator
2026-03-25 17:35:35 DEBUG cache:116 - HHH90001031: Cannot default RegionFactory since no RegionFactory strategies were registered
2026-03-25 17:35:35 DEBUG cache:46 - HHH90001029: Second-level cache disabled
2026-03-25 17:35:35 WARN  pooling:86 - HHH10001002: Using built-in connection pool (not intended for production use)
2026-03-25 17:35:35 DEBUG pooling:34 - HHH10001014: Initializing connection pool with 1 connections
2026-03-25 17:35:35 DEBUG jdbc:457 - HHH100017: Database:
	name: MySQL
	version: 8.0.42
	major: 8
	minor: 0
2026-03-25 17:35:35 DEBUG jdbc:463 - HHH100018: Driver:
	name: MySQL Connector/J
	version: mysql-connector-j-8.0.33 (Revision: 7d6b0800528b6b25c68b52dc10d6c1c8429c100c)
	major: 8
	minor: 0
	JDBC version: 4.2
2026-03-25 17:35:35 DEBUG dialect:93 - HHH035001: Using dialect: org.hibernate.dialect.MySQLDialect, version: 8.0.42
2026-03-25 17:35:35 DEBUG IdentifierHelperBuilder:205 - IdentifierCaseStrategy for both quoted and unquoted identifiers was set to the same strategy [LOWER]; that will likely lead to problems in schema update and validation if using quoted identifiers
2026-03-25 17:35:35 DEBUG jdbc:379 - HHH100122: Using default JDBC fetch size: 0
2026-03-25 17:35:35 INFO  pooling:179 - HHH10001005: Database info:
	Database JDBC URL [jdbc:mysql://localhost:3306/mla]
	Database driver: MySQL Connector/J
	Database dialect: MySQLDialect
	Database version: 8.0.42
	Default catalog/schema: mla/undefined
	Autocommit mode: false
	Isolation level: REPEATABLE_READ
	JDBC fetch size: none
	Pool: DriverManagerConnectionProvider
	Minimum pool size: 1
	Maximum pool size: 20
2026-03-25 17:35:36 DEBUG factory:230 - HHH90020001: Instantiating factory [8f19cd94-085e-4a7b-8a26-e041ca8b17b7] with settings: {java.specification.version=25, sun.cpu.isalist=amd64, sun.jnu.encoding=Cp1252, java.class.path=C:\Users\yashaswini.hs\Desktop\Spring-advance\Assignment\target\classes;C:\Users\yashaswini.hs\.m2\repository\com\mysql\mysql-connector-j\8.0.33\mysql-connector-j-8.0.33.jar;C:\Users\yashaswini.hs\.m2\repository\com\google\protobuf\protobuf-java\3.21.9\protobuf-java-3.21.9.jar;C:\Users\yashaswini.hs\.m2\repository\org\hibernate\orm\hibernate-core\7.3.0.Final\hibernate-core-7.3.0.Final.jar;C:\Users\yashaswini.hs\.m2\repository\jakarta\persistence\jakarta.persistence-api\3.2.0\jakarta.persistence-api-3.2.0.jar;C:\Users\yashaswini.hs\.m2\repository\jakarta\transaction\jakarta.transaction-api\2.0.1\jakarta.transaction-api-2.0.1.jar;C:\Users\yashaswini.hs\.m2\repository\org\jboss\logging\jboss-logging\3.6.1.Final\jboss-logging-3.6.1.Final.jar;C:\Users\yashaswini.hs\.m2\repository\org\hibernate\models\hibernate-models\1.1.0\hibernate-models-1.1.0.jar;C:\Users\yashaswini.hs\.m2\repository\net\bytebuddy\byte-buddy\1.18.7\byte-buddy-1.18.7.jar;C:\Users\yashaswini.hs\.m2\repository\jakarta\xml\bind\jakarta.xml.bind-api\4.0.4\jakarta.xml.bind-api-4.0.4.jar;C:\Users\yashaswini.hs\.m2\repository\jakarta\activation\jakarta.activation-api\2.1.4\jakarta.activation-api-2.1.4.jar;C:\Users\yashaswini.hs\.m2\repository\org\glassfish\jaxb\jaxb-runtime\4.0.6\jaxb-runtime-4.0.6.jar;C:\Users\yashaswini.hs\.m2\repository\org\glassfish\jaxb\jaxb-core\4.0.6\jaxb-core-4.0.6.jar;C:\Users\yashaswini.hs\.m2\repository\org\eclipse\angus\angus-activation\2.0.3\angus-activation-2.0.3.jar;C:\Users\yashaswini.hs\.m2\repository\org\glassfish\jaxb\txw2\4.0.6\txw2-4.0.6.jar;C:\Users\yashaswini.hs\.m2\repository\com\sun\istack\istack-commons-runtime\4.1.2\istack-commons-runtime-4.1.2.jar;C:\Users\yashaswini.hs\.m2\repository\jakarta\inject\jakarta.inject-api\2.0.1\jakarta.inject-api-2.0.1.jar;C:\Users\yashaswini.hs\.m2\repository\org\antlr\antlr4-runtime\4.13.2\antlr4-runtime-4.13.2.jar;C:\Users\yashaswini.hs\.m2\repository\org\apache\logging\log4j\log4j-core\2.17.1\log4j-core-2.17.1.jar;C:\Users\yashaswini.hs\.m2\repository\org\apache\logging\log4j\log4j-api\2.17.1\log4j-api-2.17.1.jar;C:\Users\yashaswini.hs\.m2\repository\org\apache\logging\log4j\log4j-slf4j-impl\2.17.1\log4j-slf4j-impl-2.17.1.jar;C:\Users\yashaswini.hs\.m2\repository\org\slf4j\slf4j-api\1.7.25\slf4j-api-1.7.25.jar, java.vm.vendor=Eclipse Adoptium, sun.arch.data.model=64, user.variant=, java.vendor.url=https://adoptium.net/, user.timezone=Asia/Calcutta, java.vm.specification.version=25, os.name=Windows 11, sun.java.launcher=SUN_STANDARD, user.country=US, sun.boot.library.path=C:\Users\yashaswini.hs\Downloads\sts-5.1.1.RELEASE\plugins\org.eclipse.justj.openjdk.hotspot.jre.full.win32.x86_64_25.0.2.v20260203-1141\jre\bin, sun.java.command=com.test.CollegeDemo, jdk.debug=release, sun.cpu.endian=little, user.home=C:\Users\yashaswini.hs, user.language=en, java.specification.vendor=Oracle Corporation, java.version.date=2026-01-20, java.home=C:\Users\yashaswini.hs\Downloads\sts-5.1.1.RELEASE\plugins\org.eclipse.justj.openjdk.hotspot.jre.full.win32.x86_64_25.0.2.v20260203-1141\jre, file.separator=\, java.vm.compressedOopsMode=Zero based, line.separator=
, java.vm.specification.vendor=Oracle Corporation, java.specification.name=Java Platform API Specification, hibernate.hbm2ddl.auto=update, user.script=, sun.management.compiler=HotSpot 64-Bit Tiered Compilers, java.runtime.version=25.0.2+10-LTS, user.name=yashaswini.hs, stdout.encoding=UTF-8, path.separator=;, hibernate.connection.username=****, os.version=10.0, java.runtime.name=OpenJDK Runtime Environment, hibernate.connection.url=jdbc:mysql://localhost:3306/mla, file.encoding=UTF-8, java.vm.name=OpenJDK 64-Bit Server VM, hibernate.show_sql=true, java.vendor.version=Temurin-25.0.2+10, hibernate.current_session_context_class=thread, hibernate.connection.driver_class=com.mysql.cj.jdbc.Driver, java.vendor.url.bug=https://github.com/adoptium/adoptium-support/issues, java.io.tmpdir=C:\Users\YASHAS~1.HS\AppData\Local\Temp\, java.version=25.0.2, user.dir=C:\Users\yashaswini.hs\Desktop\Spring-advance\Assignment, os.arch=amd64, java.vm.specification.name=Java Virtual Machine Specification, hibernate.connection.password=****, sun.os.patch.level=, hibernate.boot.CfgXmlAccessService.key=org.hibernate.boot.cfgxml.spi.LoadedConfig@5cf8676a, native.encoding=Cp1252, java.library.path=C:\Users\yashaswini.hs\Downloads\sts-5.1.1.RELEASE\plugins\org.eclipse.justj.openjdk.hotspot.jre.full.win32.x86_64_25.0.2.v20260203-1141\jre\bin;C:\WINDOWS\Sun\Java\bin;C:\WINDOWS\system32;C:\WINDOWS;C:/Users/yashaswini.hs/Downloads/sts-5.1.1.RELEASE//plugins/org.eclipse.justj.openjdk.hotspot.jre.full.win32.x86_64_25.0.2.v20260203-1141/jre/bin/server;C:/Users/yashaswini.hs/Downloads/sts-5.1.1.RELEASE//plugins/org.eclipse.justj.openjdk.hotspot.jre.full.win32.x86_64_25.0.2.v20260203-1141/jre/bin;C:\Program Files\Microsoft\jdk-11.0.23.9-hotspot\bin;C:\Program Files\Microsoft\jdk-17.0.15.6-hotspot\bin;C:\Program Files\Python313\Scripts\;C:\Program Files\Python313\;%SystemRoot%\system32;%SystemRoot%;%SystemRoot%\System32\Wbem;%SYSTEMROOT%\System32\WindowsPowerShell\v1.0\;%SYSTEMROOT%\System32\OpenSSH\;C:\Program Files\Git\cmd;C:\Program Files\dotnet\;C:\Program Files\apache-maven-3.9.10\bin;C:\Program Files\nodejs\;C:\Program Files\Microsoft VS Code\bin;C:\Program Files\PuTTY\;C:\Program Files (x86)\Microsoft SQL Server\160\DTS\Binn\;C:\Program Files (x86)\Microsoft SQL Server\160\Tools\Binn\;C:\Program Files\Microsoft SQL Server\160\Tools\Binn\;C:\Program Files\Microsoft SQL Server\Client SDK\ODBC\170\Tools\Binn\;C:\Program Files\Microsoft SQL Server\160\DTS\Binn\;C:\Program Files\apache-maven-3.9.10\bin;C:\Program Files\apache-maven-3.9.10\bin;C:\Program Files\apache-maven-3.9.10\bin;C:\Users\yashaswini.hs\AppData\Local\Microsoft\WindowsApps;;C:\Users\yashaswini.hs\Downloads\sts-5.1.1.RELEASE;;., stderr.encoding=UTF-8, java.vendor=Eclipse Adoptium, java.vm.info=mixed mode, sharing, java.vm.version=25.0.2+10-LTS, stdin.encoding=Cp1252, sun.io.unicode.encoding=UnicodeLittle, java.class.version=69.0}
2026-03-25 17:35:36 DEBUG HQL_FUNCTIONS:155 - Available HQL Functions:
	abs(NUMERIC arg)
	Double acos(NUMERIC arg)
	adddate(DATE datetime, INTEGER days)
	addtime(TIME datetime, TIME time)
	Boolean any(BOOLEAN arg)
	Integer ascii(STRING arg)
	Double asin(NUMERIC arg)
	Double atan(NUMERIC arg)
	Double atan2(NUMERIC arg0, NUMERIC arg1)
	avg(arg)
	bit_and(arg)
	Integer bit_length(STRING_OR_CLOB arg)
	bit_or(arg)
	bitand(arg0, arg1)
	bitnot(arg)
	bitor(arg0, arg1)
	bitxor(arg0, arg1)
	cast(arg as Type)
	ceiling(NUMERIC arg)
	Character char(INTEGER arg)
	Integer character_length(STRING_OR_CLOB arg)
	Character chr(INTEGER arg)
	coalesce(arg0[, arg1[, ...]])
	String collate(STRING string as COLLATION collation)
	String concat(STRING string0[, STRING string1[, ...]])
	Double cos(NUMERIC arg)
	Double cosh(NUMERIC arg)
	Double cot(NUMERIC arg)
	Long count([distinct ]{arg|*})
	Integer crc32(arg)
	Double cume_dist([arg0[, ...]])
	Date curdate()
	Date current date
	Date current time
	Date current timestamp
	Date current_date
	Instant current_instant
	Date current_time
	Date current_timestamp
	Date curtime()
	Date date(arg)
	dateadd(TEMPORAL_UNIT field, INTEGER magnitude, TEMPORAL datetime)
	Integer datediff(DATE end, DATE start)
	Integer day(DATE arg)
	String dayname(DATE arg)
	Integer dayofmonth(DATE arg)
	Integer dayofweek(DATE arg)
	Integer dayofyear(DATE arg)
	Double degrees(NUMERIC arg)
	Long dense_rank([arg0[, ...]])
	Boolean every(BOOLEAN arg)
	Double exp(NUMERIC arg)
	extract(TEMPORAL_UNIT field from TEMPORAL arg)
	first_valueANY value
	floor(NUMERIC arg)
	String format(TEMPORAL datetime as STRING pattern)
	greatest(COMPARABLE arg0, COMPARABLE arg1[, arg2[, ...]])
	String hex(arg)
	Integer hour(TIME arg)
	ifnull(arg0, arg1)
	String insert(STRING string, INTEGER start, INTEGER length, STRING replacement)
	Instant instant
	Integer instr(STRING string, STRING pattern[, INTEGER start[, INTEGER occurrence]])
	String json_array([arg0[, ...]])
	String json_array_append(IMPLICIT_JSON arg0, STRING arg1, ANY arg2)
	String json_array_insert(IMPLICIT_JSON arg0, STRING arg1, ANY arg2)
	String json_arrayagg(arg0[, arg1])
	Boolean json_exists(IMPLICIT_JSON arg0, STRING arg1)
	String json_insert(IMPLICIT_JSON arg0, STRING arg1, ANY arg2)
	String json_mergepatch(IMPLICIT_JSON arg0, IMPLICIT_JSON arg1[, arg2[, ...]])
	String json_object( ... )
	String json_objectagg(arg0, arg1[, arg2, arg3])
	String json_query( ... )
	String json_remove(IMPLICIT_JSON arg0, STRING arg1)
	String json_replace(IMPLICIT_JSON arg0, STRING arg1, ANY arg2)
	String json_set(IMPLICIT_JSON arg0, STRING arg1, ANY arg2)
	json_value( ... )
	lagANY value[, INTEGER offset[, ANY default]]
	Date last_day(DATE arg)
	last_valueANY value
	leadANY value[, INTEGER offset[, ANY default]]
	least(COMPARABLE arg0, COMPARABLE arg1[, arg2[, ...]])
	String left(STRING string, INTEGER length)
	Integer length(STRING_OR_CLOB arg)
	String listagg(STRING arg0, STRING arg1)
	Double ln(NUMERIC arg)
	LocalDate local date
	LocalDateTime local datetime
	LocalTime local time
	LocalDate local_date
	LocalDateTime local_datetime
	LocalTime local_time
	Date localtime
	Date localtimestamp
	Integer locate(STRING pattern, STRING string[, INTEGER start])
	Double log(NUMERIC arg0[, NUMERIC arg1])
	Double log10(NUMERIC arg)
	Double log2(NUMERIC arg)
	String lower(STRING string)
	String lpad(string, length[, padding])
	String ltrim(STRING string[, STRING characters])
	Date makedate(INTEGER year, INTEGER dayofyear)
	Date maketime(INTEGER hour, INTEGER min, INTEGER sec)
	max(COMPARABLE arg)
	byte[] md5(arg)
	Integer microsecond(TIME arg)
	min(COMPARABLE arg)
	Integer minute(TIME arg)
	Integer mod(INTEGER arg0, INTEGER arg1)
	Integer month(DATE arg)
	String monthname(DATE arg)
	Date now()
	nth_valueANY value, INTEGER nth
	nullif(arg0, arg1)
	Integer octet_length(STRING_OR_CLOB arg)
	OffsetDateTime offset datetime
	OffsetDateTime offset_datetime
	Integer ordinal(ENUM arg)
	String overlay(STRING string placing STRING replacement from INTEGER start[ for INTEGER length])
	String pad(STRING string with INTEGER length {leading|trailing}[ STRING character])
	Double percent_rank([arg0[, ...]])
	Double pi
	Integer position(STRING pattern in STRING string)
	Double power(NUMERIC arg0, NUMERIC arg1)
	Integer quarter(DATE arg)
	Double radians(NUMERIC arg)
	Double rand([INTEGER seed])
	Long rank([arg0[, ...]])
	Boolean regexp_like(STRING arg0, STRING arg1[, STRING arg2])
	String repeat(STRING string, INTEGER times)
	String replace(STRING string, STRING pattern, STRING replacement)
	String reverse(STRING arg)
	String right(STRING string, INTEGER length)
	round(NUMERIC number[, INTEGER places])
	Long row_number()
	String rpad(string, length[, padding])
	String rtrim(STRING string[, STRING characters])
	Integer second(TIME arg)
	byte[] sha(arg)
	String sha1(arg)
	String sha2(arg0, arg1)
	Integer sign(NUMERIC arg)
	Double sin(NUMERIC arg)
	Double sinh(NUMERIC arg)
	String soundex(arg)
	String space(INTEGER arg)
	sql
	Double sqrt(NUMERIC arg)
	Double stddev(NUMERIC arg)
	Double stddev_pop(NUMERIC arg)
	Double stddev_samp(NUMERIC arg)
	String str(arg)
	String string(ENUM arg)
	subdate(DATE datetime, INTEGER days)
	String substr(STRING string, INTEGER start[, INTEGER length])
	String substring(STRING string{ from|,} INTEGER start[{ for|,} INTEGER length])
	subtime(TIME datetime, TIME time)
	sum(arg)
	Date sysdate()
	Double tan(NUMERIC arg)
	Double tanh(NUMERIC arg)
	String time(arg)
	Date timestamp(arg0[, arg1])
	timestampadd(TEMPORAL_UNIT field, INTEGER magnitude, TEMPORAL datetime)
	Long|Double timestampdiff(TEMPORAL_UNIT field, TEMPORAL start, TEMPORAL end)
	String trim([[{leading|trailing|both} ][STRING arg0 ]from] STRING arg1)
	trunc( ... )
	truncate( ... )
	String upper(STRING string)
	Date utc_date
	Date utc_time
	Date utc_timestamp
	Double var_pop(NUMERIC arg)
	Double var_samp(NUMERIC arg)
	Double variance(NUMERIC arg)
	Integer week(DATE arg)
	Integer year(DATE arg)

2026-03-25 17:35:36 DEBUG core:211 - HHH000513: Unable to create the ReflectionOptimizer for [com.test.College]: private accessor [clg_city]
2026-03-25 17:35:36 DEBUG service:102 - HHH010454: EventListenerRegistry access via ServiceRegistry is deprecated - use 'sessionFactory.getEventEngine().getListenerRegistry()' instead
2026-03-25 17:35:36 DEBUG Table:101 - No alter strings for table: colleg
2026-03-25 17:35:36 DEBUG Table:101 - No alter strings for table: colleg_SEQ
2026-03-25 17:35:36 DEBUG factoryRegistry:86 - HHH020384: Registering SessionFactory [8f19cd94-085e-4a7b-8a26-e041ca8b17b7] (<unnamed>)
2026-03-25 17:35:36 DEBUG core:151 - HHH006588: Opening session [tenant=null]
2026-03-25 17:35:36 DEBUG core:74 - HHH006583: Beginning transaction
2026-03-25 17:35:36 DEBUG SQL:126 - select c1_0.id,c1_0.clg_city,c1_0.clg_name,c1_0.clg_pincode,c1_0.year from colleg c1_0 where c1_0.id=?
2026-03-25 17:35:36 DEBUG core:87 - HHH006584: Committing transaction
2026-03-25 17:35:36 DEBUG event:98 - HHH90060071: Flushed: 0 insertions, 1 updates, 0 deletions to 1 objects
2026-03-25 17:35:36 DEBUG event:104 - HHH90060072: Flushed: 0 (re)creations, 0 updates, 0 removals to 0 collections
2026-03-25 17:35:36 DEBUG core:102 - Listing entities:
2026-03-25 17:35:36 DEBUG core:111 - com.test.College{year=1998, clg_pincode=560058, clg_name=pesidency, id=2, clg_city=yelahka}
2026-03-25 17:35:36 DEBUG SQL:126 - update colleg set clg_city=?,clg_name=?,clg_pincode=?,year=? where id=?
2026-03-25 17:35:37 DEBUG metrics:277 - HHH000401: Logging session metrics:
	802700 ns acquiring 1 JDBC connections
	528800 ns releasing 1 JDBC connections
	343700 ns preparing 2 JDBC statements
	2741300 ns executing 2 JDBC statements
	0 ns executing 0 JDBC batches
	0 ns performing 0 second-level cache puts
	0 ns performing 0 second-level cache hits
	0 ns performing 0 second-level cache misses
	27091600 ns executing 1 flushes (flushing a total of 1 entities and 0 collections)
	0 ns executing 0 pre-partial-flushes
	0 ns executing 0 partial-flushes (flushing a total of 0 entities and 0 collections)

2026-03-25 17:35:37 DEBUG core:151 - HHH006588: Opening session [tenant=null]
2026-03-25 17:35:37 DEBUG SQL:126 - select c1_0.id,c1_0.clg_city,c1_0.clg_name,c1_0.clg_pincode,c1_0.year from colleg c1_0
2026-03-25 17:35:37 DEBUG metrics:277 - HHH000401: Logging session metrics:
	734100 ns acquiring 1 JDBC connections
	600700 ns releasing 1 JDBC connections
	839700 ns preparing 1 JDBC statements
	61958100 ns executing 1 JDBC statements
	0 ns executing 0 JDBC batches
	0 ns performing 0 second-level cache puts
	0 ns performing 0 second-level cache hits
	0 ns performing 0 second-level cache misses
	0 ns executing 0 flushes (flushing a total of 0 entities and 0 collections)
	0 ns executing 0 pre-partial-flushes
	0 ns executing 0 partial-flushes (flushing a total of 0 entities and 0 collections)

2026-03-25 17:36:07 DEBUG service:41 - HHH010455: Adding integrator: org.hibernate.boot.beanvalidation.BeanValidationIntegrator
2026-03-25 17:36:07 DEBUG service:41 - HHH010455: Adding integrator: org.hibernate.cache.internal.CollectionCacheInvalidator
2026-03-25 17:36:07 INFO  core:41 - HHH000001: Hibernate ORM core version 7.3.0.Final
2026-03-25 17:36:07 DEBUG core:155 - HHH000206: 'hibernate.properties' not found
2026-03-25 17:36:07 DEBUG service:41 - HHH010455: Adding integrator: org.hibernate.boot.beanvalidation.BeanValidationIntegrator
2026-03-25 17:36:07 DEBUG service:41 - HHH010455: Adding integrator: org.hibernate.cache.internal.CollectionCacheInvalidator
2026-03-25 17:36:07 DEBUG cache:116 - HHH90001031: Cannot default RegionFactory since no RegionFactory strategies were registered
2026-03-25 17:36:07 DEBUG cache:46 - HHH90001029: Second-level cache disabled
2026-03-25 17:36:08 WARN  pooling:86 - HHH10001002: Using built-in connection pool (not intended for production use)
2026-03-25 17:36:08 DEBUG pooling:34 - HHH10001014: Initializing connection pool with 1 connections
2026-03-25 17:36:08 DEBUG jdbc:457 - HHH100017: Database:
	name: MySQL
	version: 8.0.42
	major: 8
	minor: 0
2026-03-25 17:36:08 DEBUG jdbc:463 - HHH100018: Driver:
	name: MySQL Connector/J
	version: mysql-connector-j-8.0.33 (Revision: 7d6b0800528b6b25c68b52dc10d6c1c8429c100c)
	major: 8
	minor: 0
	JDBC version: 4.2
2026-03-25 17:36:08 DEBUG dialect:93 - HHH035001: Using dialect: org.hibernate.dialect.MySQLDialect, version: 8.0.42
2026-03-25 17:36:08 DEBUG IdentifierHelperBuilder:205 - IdentifierCaseStrategy for both quoted and unquoted identifiers was set to the same strategy [LOWER]; that will likely lead to problems in schema update and validation if using quoted identifiers
2026-03-25 17:36:08 DEBUG jdbc:379 - HHH100122: Using default JDBC fetch size: 0
2026-03-25 17:36:08 INFO  pooling:179 - HHH10001005: Database info:
	Database JDBC URL [jdbc:mysql://localhost:3306/mla]
	Database driver: MySQL Connector/J
	Database dialect: MySQLDialect
	Database version: 8.0.42
	Default catalog/schema: mla/undefined
	Autocommit mode: false
	Isolation level: REPEATABLE_READ
	JDBC fetch size: none
	Pool: DriverManagerConnectionProvider
	Minimum pool size: 1
	Maximum pool size: 20
2026-03-25 17:36:09 DEBUG factory:230 - HHH90020001: Instantiating factory [b443e057-8763-46e2-935b-d9272a23a725] with settings: {java.specification.version=25, sun.cpu.isalist=amd64, sun.jnu.encoding=Cp1252, java.class.path=C:\Users\yashaswini.hs\Desktop\Spring-advance\Assignment\target\classes;C:\Users\yashaswini.hs\.m2\repository\com\mysql\mysql-connector-j\8.0.33\mysql-connector-j-8.0.33.jar;C:\Users\yashaswini.hs\.m2\repository\com\google\protobuf\protobuf-java\3.21.9\protobuf-java-3.21.9.jar;C:\Users\yashaswini.hs\.m2\repository\org\hibernate\orm\hibernate-core\7.3.0.Final\hibernate-core-7.3.0.Final.jar;C:\Users\yashaswini.hs\.m2\repository\jakarta\persistence\jakarta.persistence-api\3.2.0\jakarta.persistence-api-3.2.0.jar;C:\Users\yashaswini.hs\.m2\repository\jakarta\transaction\jakarta.transaction-api\2.0.1\jakarta.transaction-api-2.0.1.jar;C:\Users\yashaswini.hs\.m2\repository\org\jboss\logging\jboss-logging\3.6.1.Final\jboss-logging-3.6.1.Final.jar;C:\Users\yashaswini.hs\.m2\repository\org\hibernate\models\hibernate-models\1.1.0\hibernate-models-1.1.0.jar;C:\Users\yashaswini.hs\.m2\repository\net\bytebuddy\byte-buddy\1.18.7\byte-buddy-1.18.7.jar;C:\Users\yashaswini.hs\.m2\repository\jakarta\xml\bind\jakarta.xml.bind-api\4.0.4\jakarta.xml.bind-api-4.0.4.jar;C:\Users\yashaswini.hs\.m2\repository\jakarta\activation\jakarta.activation-api\2.1.4\jakarta.activation-api-2.1.4.jar;C:\Users\yashaswini.hs\.m2\repository\org\glassfish\jaxb\jaxb-runtime\4.0.6\jaxb-runtime-4.0.6.jar;C:\Users\yashaswini.hs\.m2\repository\org\glassfish\jaxb\jaxb-core\4.0.6\jaxb-core-4.0.6.jar;C:\Users\yashaswini.hs\.m2\repository\org\eclipse\angus\angus-activation\2.0.3\angus-activation-2.0.3.jar;C:\Users\yashaswini.hs\.m2\repository\org\glassfish\jaxb\txw2\4.0.6\txw2-4.0.6.jar;C:\Users\yashaswini.hs\.m2\repository\com\sun\istack\istack-commons-runtime\4.1.2\istack-commons-runtime-4.1.2.jar;C:\Users\yashaswini.hs\.m2\repository\jakarta\inject\jakarta.inject-api\2.0.1\jakarta.inject-api-2.0.1.jar;C:\Users\yashaswini.hs\.m2\repository\org\antlr\antlr4-runtime\4.13.2\antlr4-runtime-4.13.2.jar;C:\Users\yashaswini.hs\.m2\repository\org\apache\logging\log4j\log4j-core\2.17.1\log4j-core-2.17.1.jar;C:\Users\yashaswini.hs\.m2\repository\org\apache\logging\log4j\log4j-api\2.17.1\log4j-api-2.17.1.jar;C:\Users\yashaswini.hs\.m2\repository\org\apache\logging\log4j\log4j-slf4j-impl\2.17.1\log4j-slf4j-impl-2.17.1.jar;C:\Users\yashaswini.hs\.m2\repository\org\slf4j\slf4j-api\1.7.25\slf4j-api-1.7.25.jar, java.vm.vendor=Eclipse Adoptium, sun.arch.data.model=64, user.variant=, java.vendor.url=https://adoptium.net/, user.timezone=Asia/Calcutta, java.vm.specification.version=25, os.name=Windows 11, sun.java.launcher=SUN_STANDARD, user.country=US, sun.boot.library.path=C:\Users\yashaswini.hs\Downloads\sts-5.1.1.RELEASE\plugins\org.eclipse.justj.openjdk.hotspot.jre.full.win32.x86_64_25.0.2.v20260203-1141\jre\bin, sun.java.command=com.test.CollegeDemo, jdk.debug=release, sun.cpu.endian=little, user.home=C:\Users\yashaswini.hs, user.language=en, java.specification.vendor=Oracle Corporation, java.version.date=2026-01-20, java.home=C:\Users\yashaswini.hs\Downloads\sts-5.1.1.RELEASE\plugins\org.eclipse.justj.openjdk.hotspot.jre.full.win32.x86_64_25.0.2.v20260203-1141\jre, file.separator=\, java.vm.compressedOopsMode=Zero based, line.separator=
, java.vm.specification.vendor=Oracle Corporation, java.specification.name=Java Platform API Specification, hibernate.hbm2ddl.auto=update, user.script=, sun.management.compiler=HotSpot 64-Bit Tiered Compilers, java.runtime.version=25.0.2+10-LTS, user.name=yashaswini.hs, stdout.encoding=UTF-8, path.separator=;, hibernate.connection.username=****, os.version=10.0, java.runtime.name=OpenJDK Runtime Environment, hibernate.connection.url=jdbc:mysql://localhost:3306/mla, file.encoding=UTF-8, java.vm.name=OpenJDK 64-Bit Server VM, hibernate.show_sql=true, java.vendor.version=Temurin-25.0.2+10, hibernate.current_session_context_class=thread, hibernate.connection.driver_class=com.mysql.cj.jdbc.Driver, java.vendor.url.bug=https://github.com/adoptium/adoptium-support/issues, java.io.tmpdir=C:\Users\YASHAS~1.HS\AppData\Local\Temp\, java.version=25.0.2, user.dir=C:\Users\yashaswini.hs\Desktop\Spring-advance\Assignment, os.arch=amd64, java.vm.specification.name=Java Virtual Machine Specification, hibernate.connection.password=****, sun.os.patch.level=, hibernate.boot.CfgXmlAccessService.key=org.hibernate.boot.cfgxml.spi.LoadedConfig@5cf8676a, native.encoding=Cp1252, java.library.path=C:\Users\yashaswini.hs\Downloads\sts-5.1.1.RELEASE\plugins\org.eclipse.justj.openjdk.hotspot.jre.full.win32.x86_64_25.0.2.v20260203-1141\jre\bin;C:\WINDOWS\Sun\Java\bin;C:\WINDOWS\system32;C:\WINDOWS;C:/Users/yashaswini.hs/Downloads/sts-5.1.1.RELEASE//plugins/org.eclipse.justj.openjdk.hotspot.jre.full.win32.x86_64_25.0.2.v20260203-1141/jre/bin/server;C:/Users/yashaswini.hs/Downloads/sts-5.1.1.RELEASE//plugins/org.eclipse.justj.openjdk.hotspot.jre.full.win32.x86_64_25.0.2.v20260203-1141/jre/bin;C:\Program Files\Microsoft\jdk-11.0.23.9-hotspot\bin;C:\Program Files\Microsoft\jdk-17.0.15.6-hotspot\bin;C:\Program Files\Python313\Scripts\;C:\Program Files\Python313\;%SystemRoot%\system32;%SystemRoot%;%SystemRoot%\System32\Wbem;%SYSTEMROOT%\System32\WindowsPowerShell\v1.0\;%SYSTEMROOT%\System32\OpenSSH\;C:\Program Files\Git\cmd;C:\Program Files\dotnet\;C:\Program Files\apache-maven-3.9.10\bin;C:\Program Files\nodejs\;C:\Program Files\Microsoft VS Code\bin;C:\Program Files\PuTTY\;C:\Program Files (x86)\Microsoft SQL Server\160\DTS\Binn\;C:\Program Files (x86)\Microsoft SQL Server\160\Tools\Binn\;C:\Program Files\Microsoft SQL Server\160\Tools\Binn\;C:\Program Files\Microsoft SQL Server\Client SDK\ODBC\170\Tools\Binn\;C:\Program Files\Microsoft SQL Server\160\DTS\Binn\;C:\Program Files\apache-maven-3.9.10\bin;C:\Program Files\apache-maven-3.9.10\bin;C:\Program Files\apache-maven-3.9.10\bin;C:\Users\yashaswini.hs\AppData\Local\Microsoft\WindowsApps;;C:\Users\yashaswini.hs\Downloads\sts-5.1.1.RELEASE;;., stderr.encoding=UTF-8, java.vendor=Eclipse Adoptium, java.vm.info=mixed mode, sharing, java.vm.version=25.0.2+10-LTS, stdin.encoding=Cp1252, sun.io.unicode.encoding=UnicodeLittle, java.class.version=69.0}
2026-03-25 17:36:09 DEBUG HQL_FUNCTIONS:155 - Available HQL Functions:
	abs(NUMERIC arg)
	Double acos(NUMERIC arg)
	adddate(DATE datetime, INTEGER days)
	addtime(TIME datetime, TIME time)
	Boolean any(BOOLEAN arg)
	Integer ascii(STRING arg)
	Double asin(NUMERIC arg)
	Double atan(NUMERIC arg)
	Double atan2(NUMERIC arg0, NUMERIC arg1)
	avg(arg)
	bit_and(arg)
	Integer bit_length(STRING_OR_CLOB arg)
	bit_or(arg)
	bitand(arg0, arg1)
	bitnot(arg)
	bitor(arg0, arg1)
	bitxor(arg0, arg1)
	cast(arg as Type)
	ceiling(NUMERIC arg)
	Character char(INTEGER arg)
	Integer character_length(STRING_OR_CLOB arg)
	Character chr(INTEGER arg)
	coalesce(arg0[, arg1[, ...]])
	String collate(STRING string as COLLATION collation)
	String concat(STRING string0[, STRING string1[, ...]])
	Double cos(NUMERIC arg)
	Double cosh(NUMERIC arg)
	Double cot(NUMERIC arg)
	Long count([distinct ]{arg|*})
	Integer crc32(arg)
	Double cume_dist([arg0[, ...]])
	Date curdate()
	Date current date
	Date current time
	Date current timestamp
	Date current_date
	Instant current_instant
	Date current_time
	Date current_timestamp
	Date curtime()
	Date date(arg)
	dateadd(TEMPORAL_UNIT field, INTEGER magnitude, TEMPORAL datetime)
	Integer datediff(DATE end, DATE start)
	Integer day(DATE arg)
	String dayname(DATE arg)
	Integer dayofmonth(DATE arg)
	Integer dayofweek(DATE arg)
	Integer dayofyear(DATE arg)
	Double degrees(NUMERIC arg)
	Long dense_rank([arg0[, ...]])
	Boolean every(BOOLEAN arg)
	Double exp(NUMERIC arg)
	extract(TEMPORAL_UNIT field from TEMPORAL arg)
	first_valueANY value
	floor(NUMERIC arg)
	String format(TEMPORAL datetime as STRING pattern)
	greatest(COMPARABLE arg0, COMPARABLE arg1[, arg2[, ...]])
	String hex(arg)
	Integer hour(TIME arg)
	ifnull(arg0, arg1)
	String insert(STRING string, INTEGER start, INTEGER length, STRING replacement)
	Instant instant
	Integer instr(STRING string, STRING pattern[, INTEGER start[, INTEGER occurrence]])
	String json_array([arg0[, ...]])
	String json_array_append(IMPLICIT_JSON arg0, STRING arg1, ANY arg2)
	String json_array_insert(IMPLICIT_JSON arg0, STRING arg1, ANY arg2)
	String json_arrayagg(arg0[, arg1])
	Boolean json_exists(IMPLICIT_JSON arg0, STRING arg1)
	String json_insert(IMPLICIT_JSON arg0, STRING arg1, ANY arg2)
	String json_mergepatch(IMPLICIT_JSON arg0, IMPLICIT_JSON arg1[, arg2[, ...]])
	String json_object( ... )
	String json_objectagg(arg0, arg1[, arg2, arg3])
	String json_query( ... )
	String json_remove(IMPLICIT_JSON arg0, STRING arg1)
	String json_replace(IMPLICIT_JSON arg0, STRING arg1, ANY arg2)
	String json_set(IMPLICIT_JSON arg0, STRING arg1, ANY arg2)
	json_value( ... )
	lagANY value[, INTEGER offset[, ANY default]]
	Date last_day(DATE arg)
	last_valueANY value
	leadANY value[, INTEGER offset[, ANY default]]
	least(COMPARABLE arg0, COMPARABLE arg1[, arg2[, ...]])
	String left(STRING string, INTEGER length)
	Integer length(STRING_OR_CLOB arg)
	String listagg(STRING arg0, STRING arg1)
	Double ln(NUMERIC arg)
	LocalDate local date
	LocalDateTime local datetime
	LocalTime local time
	LocalDate local_date
	LocalDateTime local_datetime
	LocalTime local_time
	Date localtime
	Date localtimestamp
	Integer locate(STRING pattern, STRING string[, INTEGER start])
	Double log(NUMERIC arg0[, NUMERIC arg1])
	Double log10(NUMERIC arg)
	Double log2(NUMERIC arg)
	String lower(STRING string)
	String lpad(string, length[, padding])
	String ltrim(STRING string[, STRING characters])
	Date makedate(INTEGER year, INTEGER dayofyear)
	Date maketime(INTEGER hour, INTEGER min, INTEGER sec)
	max(COMPARABLE arg)
	byte[] md5(arg)
	Integer microsecond(TIME arg)
	min(COMPARABLE arg)
	Integer minute(TIME arg)
	Integer mod(INTEGER arg0, INTEGER arg1)
	Integer month(DATE arg)
	String monthname(DATE arg)
	Date now()
	nth_valueANY value, INTEGER nth
	nullif(arg0, arg1)
	Integer octet_length(STRING_OR_CLOB arg)
	OffsetDateTime offset datetime
	OffsetDateTime offset_datetime
	Integer ordinal(ENUM arg)
	String overlay(STRING string placing STRING replacement from INTEGER start[ for INTEGER length])
	String pad(STRING string with INTEGER length {leading|trailing}[ STRING character])
	Double percent_rank([arg0[, ...]])
	Double pi
	Integer position(STRING pattern in STRING string)
	Double power(NUMERIC arg0, NUMERIC arg1)
	Integer quarter(DATE arg)
	Double radians(NUMERIC arg)
	Double rand([INTEGER seed])
	Long rank([arg0[, ...]])
	Boolean regexp_like(STRING arg0, STRING arg1[, STRING arg2])
	String repeat(STRING string, INTEGER times)
	String replace(STRING string, STRING pattern, STRING replacement)
	String reverse(STRING arg)
	String right(STRING string, INTEGER length)
	round(NUMERIC number[, INTEGER places])
	Long row_number()
	String rpad(string, length[, padding])
	String rtrim(STRING string[, STRING characters])
	Integer second(TIME arg)
	byte[] sha(arg)
	String sha1(arg)
	String sha2(arg0, arg1)
	Integer sign(NUMERIC arg)
	Double sin(NUMERIC arg)
	Double sinh(NUMERIC arg)
	String soundex(arg)
	String space(INTEGER arg)
	sql
	Double sqrt(NUMERIC arg)
	Double stddev(NUMERIC arg)
	Double stddev_pop(NUMERIC arg)
	Double stddev_samp(NUMERIC arg)
	String str(arg)
	String string(ENUM arg)
	subdate(DATE datetime, INTEGER days)
	String substr(STRING string, INTEGER start[, INTEGER length])
	String substring(STRING string{ from|,} INTEGER start[{ for|,} INTEGER length])
	subtime(TIME datetime, TIME time)
	sum(arg)
	Date sysdate()
	Double tan(NUMERIC arg)
	Double tanh(NUMERIC arg)
	String time(arg)
	Date timestamp(arg0[, arg1])
	timestampadd(TEMPORAL_UNIT field, INTEGER magnitude, TEMPORAL datetime)
	Long|Double timestampdiff(TEMPORAL_UNIT field, TEMPORAL start, TEMPORAL end)
	String trim([[{leading|trailing|both} ][STRING arg0 ]from] STRING arg1)
	trunc( ... )
	truncate( ... )
	String upper(STRING string)
	Date utc_date
	Date utc_time
	Date utc_timestamp
	Double var_pop(NUMERIC arg)
	Double var_samp(NUMERIC arg)
	Double variance(NUMERIC arg)
	Integer week(DATE arg)
	Integer year(DATE arg)

2026-03-25 17:36:09 DEBUG core:211 - HHH000513: Unable to create the ReflectionOptimizer for [com.test.College]: private accessor [clg_city]
2026-03-25 17:36:09 DEBUG service:102 - HHH010454: EventListenerRegistry access via ServiceRegistry is deprecated - use 'sessionFactory.getEventEngine().getListenerRegistry()' instead
2026-03-25 17:36:09 DEBUG Table:101 - No alter strings for table: colleg
2026-03-25 17:36:09 DEBUG Table:101 - No alter strings for table: colleg_SEQ
2026-03-25 17:36:09 DEBUG factoryRegistry:86 - HHH020384: Registering SessionFactory [b443e057-8763-46e2-935b-d9272a23a725] (<unnamed>)
2026-03-25 17:36:09 DEBUG core:151 - HHH006588: Opening session [tenant=null]
2026-03-25 17:36:09 DEBUG core:74 - HHH006583: Beginning transaction
2026-03-25 17:36:09 DEBUG core:87 - HHH006584: Committing transaction
2026-03-25 17:36:09 DEBUG event:98 - HHH90060071: Flushed: 0 insertions, 0 updates, 1 deletions to 1 objects
2026-03-25 17:36:09 DEBUG event:104 - HHH90060072: Flushed: 0 (re)creations, 0 updates, 0 removals to 0 collections
2026-03-25 17:36:09 DEBUG core:102 - Listing entities:
2026-03-25 17:36:09 DEBUG core:111 - com.test.College{year=1998, clg_pincode=560058, clg_name=pesidency, id=52, clg_city=yelahka}
2026-03-25 17:36:09 DEBUG SQL:126 - delete from colleg where id=?
2026-03-25 17:36:09 DEBUG metrics:277 - HHH000401: Logging session metrics:
	821700 ns acquiring 1 JDBC connections
	503500 ns releasing 1 JDBC connections
	181900 ns preparing 1 JDBC statements
	1505100 ns executing 1 JDBC statements
	0 ns executing 0 JDBC batches
	0 ns performing 0 second-level cache puts
	0 ns performing 0 second-level cache hits
	0 ns performing 0 second-level cache misses
	24843900 ns executing 1 flushes (flushing a total of 1 entities and 0 collections)
	0 ns executing 0 pre-partial-flushes
	0 ns executing 0 partial-flushes (flushing a total of 0 entities and 0 collections)

2026-03-25 17:36:09 DEBUG core:151 - HHH006588: Opening session [tenant=null]
2026-03-25 17:36:09 DEBUG SQL:126 - select c1_0.id,c1_0.clg_city,c1_0.clg_name,c1_0.clg_pincode,c1_0.year from colleg c1_0
2026-03-25 17:36:09 DEBUG metrics:277 - HHH000401: Logging session metrics:
	700000 ns acquiring 1 JDBC connections
	743100 ns releasing 1 JDBC connections
	824500 ns preparing 1 JDBC statements
	1238500 ns executing 1 JDBC statements
	0 ns executing 0 JDBC batches
	0 ns performing 0 second-level cache puts
	0 ns performing 0 second-level cache hits
	0 ns performing 0 second-level cache misses
	0 ns executing 0 flushes (flushing a total of 0 entities and 0 collections)
	0 ns executing 0 pre-partial-flushes
	0 ns executing 0 partial-flushes (flushing a total of 0 entities and 0 collections)

2026-03-25 17:39:45 DEBUG service:41 - HHH010455: Adding integrator: org.hibernate.boot.beanvalidation.BeanValidationIntegrator
2026-03-25 17:39:45 DEBUG service:41 - HHH010455: Adding integrator: org.hibernate.cache.internal.CollectionCacheInvalidator
2026-03-25 17:39:45 INFO  core:41 - HHH000001: Hibernate ORM core version 7.3.0.Final
2026-03-25 17:39:45 DEBUG core:155 - HHH000206: 'hibernate.properties' not found
2026-03-25 17:39:45 DEBUG boot:97 - HHH160204: cfg.xml document did not define namespaces; wrapping in custom event reader to introduce namespace information
2026-03-25 17:39:46 DEBUG cache:116 - HHH90001031: Cannot default RegionFactory since no RegionFactory strategies were registered
2026-03-25 17:39:46 DEBUG cache:46 - HHH90001029: Second-level cache disabled
2026-03-25 17:39:46 WARN  pooling:86 - HHH10001002: Using built-in connection pool (not intended for production use)
2026-03-25 17:39:46 DEBUG pooling:34 - HHH10001014: Initializing connection pool with 1 connections
2026-03-25 17:39:46 DEBUG jdbc:457 - HHH100017: Database:
	name: MySQL
	version: 8.0.42
	major: 8
	minor: 0
2026-03-25 17:39:46 DEBUG jdbc:463 - HHH100018: Driver:
	name: MySQL Connector/J
	version: mysql-connector-j-8.0.33 (Revision: 7d6b0800528b6b25c68b52dc10d6c1c8429c100c)
	major: 8
	minor: 0
	JDBC version: 4.2
2026-03-25 17:39:46 WARN  deprecation:152 - HHH90000025: MySQLDialect does not need to be specified explicitly using 'hibernate.dialect' (remove the property setting and it will be selected by default)
2026-03-25 17:39:46 DEBUG dialect:93 - HHH035001: Using dialect: org.hibernate.dialect.MySQLDialect, version: 8.0.42
2026-03-25 17:39:46 DEBUG IdentifierHelperBuilder:205 - IdentifierCaseStrategy for both quoted and unquoted identifiers was set to the same strategy [LOWER]; that will likely lead to problems in schema update and validation if using quoted identifiers
2026-03-25 17:39:46 DEBUG jdbc:379 - HHH100122: Using default JDBC fetch size: 0
2026-03-25 17:39:46 INFO  pooling:179 - HHH10001005: Database info:
	Database JDBC URL [jdbc:mysql://localhost:3306/mla]
	Database driver: MySQL Connector/J
	Database dialect: MySQLDialect
	Database version: 8.0.42
	Default catalog/schema: mla/undefined
	Autocommit mode: false
	Isolation level: REPEATABLE_READ
	JDBC fetch size: none
	Pool: DriverManagerConnectionProvider
	Minimum pool size: 1
	Maximum pool size: 20
2026-03-25 17:39:47 DEBUG factory:230 - HHH90020001: Instantiating factory [4e467a71-c95d-4f4d-a476-a52342fdac74] with settings: {hibernate.format_sql=true, java.specification.version=25, sun.cpu.isalist=amd64, sun.jnu.encoding=Cp1252, hibernate.dialect=org.hibernate.dialect.MySQLDialect, java.class.path=C:\Users\yashaswini.hs\Desktop\Spring-advance\Assignment\target\classes;C:\Users\yashaswini.hs\.m2\repository\com\mysql\mysql-connector-j\8.0.33\mysql-connector-j-8.0.33.jar;C:\Users\yashaswini.hs\.m2\repository\com\google\protobuf\protobuf-java\3.21.9\protobuf-java-3.21.9.jar;C:\Users\yashaswini.hs\.m2\repository\org\hibernate\orm\hibernate-core\7.3.0.Final\hibernate-core-7.3.0.Final.jar;C:\Users\yashaswini.hs\.m2\repository\jakarta\persistence\jakarta.persistence-api\3.2.0\jakarta.persistence-api-3.2.0.jar;C:\Users\yashaswini.hs\.m2\repository\jakarta\transaction\jakarta.transaction-api\2.0.1\jakarta.transaction-api-2.0.1.jar;C:\Users\yashaswini.hs\.m2\repository\org\jboss\logging\jboss-logging\3.6.1.Final\jboss-logging-3.6.1.Final.jar;C:\Users\yashaswini.hs\.m2\repository\org\hibernate\models\hibernate-models\1.1.0\hibernate-models-1.1.0.jar;C:\Users\yashaswini.hs\.m2\repository\net\bytebuddy\byte-buddy\1.18.7\byte-buddy-1.18.7.jar;C:\Users\yashaswini.hs\.m2\repository\jakarta\xml\bind\jakarta.xml.bind-api\4.0.4\jakarta.xml.bind-api-4.0.4.jar;C:\Users\yashaswini.hs\.m2\repository\jakarta\activation\jakarta.activation-api\2.1.4\jakarta.activation-api-2.1.4.jar;C:\Users\yashaswini.hs\.m2\repository\org\glassfish\jaxb\jaxb-runtime\4.0.6\jaxb-runtime-4.0.6.jar;C:\Users\yashaswini.hs\.m2\repository\org\glassfish\jaxb\jaxb-core\4.0.6\jaxb-core-4.0.6.jar;C:\Users\yashaswini.hs\.m2\repository\org\eclipse\angus\angus-activation\2.0.3\angus-activation-2.0.3.jar;C:\Users\yashaswini.hs\.m2\repository\org\glassfish\jaxb\txw2\4.0.6\txw2-4.0.6.jar;C:\Users\yashaswini.hs\.m2\repository\com\sun\istack\istack-commons-runtime\4.1.2\istack-commons-runtime-4.1.2.jar;C:\Users\yashaswini.hs\.m2\repository\jakarta\inject\jakarta.inject-api\2.0.1\jakarta.inject-api-2.0.1.jar;C:\Users\yashaswini.hs\.m2\repository\org\antlr\antlr4-runtime\4.13.2\antlr4-runtime-4.13.2.jar;C:\Users\yashaswini.hs\.m2\repository\org\apache\logging\log4j\log4j-core\2.17.1\log4j-core-2.17.1.jar;C:\Users\yashaswini.hs\.m2\repository\org\apache\logging\log4j\log4j-api\2.17.1\log4j-api-2.17.1.jar;C:\Users\yashaswini.hs\.m2\repository\org\apache\logging\log4j\log4j-slf4j-impl\2.17.1\log4j-slf4j-impl-2.17.1.jar;C:\Users\yashaswini.hs\.m2\repository\org\slf4j\slf4j-api\1.7.25\slf4j-api-1.7.25.jar, java.vm.vendor=Eclipse Adoptium, sun.arch.data.model=64, hbm2ddl.auto=update, user.variant=, java.vendor.url=https://adoptium.net/, user.timezone=Asia/Calcutta, java.vm.specification.version=25, os.name=Windows 11, sun.java.launcher=SUN_STANDARD, user.country=US, sun.boot.library.path=C:\Users\yashaswini.hs\Downloads\sts-5.1.1.RELEASE\plugins\org.eclipse.justj.openjdk.hotspot.jre.full.win32.x86_64_25.0.2.v20260203-1141\jre\bin, sun.java.command=com.test.NamedQry, jdk.debug=release, sun.cpu.endian=little, user.home=C:\Users\yashaswini.hs, user.language=en, java.specification.vendor=Oracle Corporation, java.version.date=2026-01-20, java.home=C:\Users\yashaswini.hs\Downloads\sts-5.1.1.RELEASE\plugins\org.eclipse.justj.openjdk.hotspot.jre.full.win32.x86_64_25.0.2.v20260203-1141\jre, file.separator=\, java.vm.compressedOopsMode=Zero based, line.separator=
, java.vm.specification.vendor=Oracle Corporation, java.specification.name=Java Platform API Specification, hibernate.hbm2ddl.auto=update, user.script=, sun.management.compiler=HotSpot 64-Bit Tiered Compilers, java.runtime.version=25.0.2+10-LTS, user.name=yashaswini.hs, stdout.encoding=UTF-8, path.separator=;, hibernate.connection.username=****, os.version=10.0, java.runtime.name=OpenJDK Runtime Environment, hibernate.connection.url=jdbc:mysql://localhost:3306/mla, file.encoding=UTF-8, format_sql=true, java.vm.name=OpenJDK 64-Bit Server VM, hibernate.show_sql=true, java.vendor.version=Temurin-25.0.2+10, show_sql=true, hibernate.connection.driver_class=com.mysql.cj.jdbc.Driver, java.vendor.url.bug=https://github.com/adoptium/adoptium-support/issues, java.io.tmpdir=C:\Users\YASHAS~1.HS\AppData\Local\Temp\, java.version=25.0.2, user.dir=C:\Users\yashaswini.hs\Desktop\Spring-advance\Assignment, os.arch=amd64, java.vm.specification.name=Java Virtual Machine Specification, hibernate.connection.password=****, sun.os.patch.level=, hibernate.boot.CfgXmlAccessService.key=org.hibernate.boot.cfgxml.spi.LoadedConfig@6e243175, native.encoding=Cp1252, java.library.path=C:\Users\yashaswini.hs\Downloads\sts-5.1.1.RELEASE\plugins\org.eclipse.justj.openjdk.hotspot.jre.full.win32.x86_64_25.0.2.v20260203-1141\jre\bin;C:\WINDOWS\Sun\Java\bin;C:\WINDOWS\system32;C:\WINDOWS;C:/Users/yashaswini.hs/Downloads/sts-5.1.1.RELEASE//plugins/org.eclipse.justj.openjdk.hotspot.jre.full.win32.x86_64_25.0.2.v20260203-1141/jre/bin/server;C:/Users/yashaswini.hs/Downloads/sts-5.1.1.RELEASE//plugins/org.eclipse.justj.openjdk.hotspot.jre.full.win32.x86_64_25.0.2.v20260203-1141/jre/bin;C:\Program Files\Microsoft\jdk-11.0.23.9-hotspot\bin;C:\Program Files\Microsoft\jdk-17.0.15.6-hotspot\bin;C:\Program Files\Python313\Scripts\;C:\Program Files\Python313\;%SystemRoot%\system32;%SystemRoot%;%SystemRoot%\System32\Wbem;%SYSTEMROOT%\System32\WindowsPowerShell\v1.0\;%SYSTEMROOT%\System32\OpenSSH\;C:\Program Files\Git\cmd;C:\Program Files\dotnet\;C:\Program Files\apache-maven-3.9.10\bin;C:\Program Files\nodejs\;C:\Program Files\Microsoft VS Code\bin;C:\Program Files\PuTTY\;C:\Program Files (x86)\Microsoft SQL Server\160\DTS\Binn\;C:\Program Files (x86)\Microsoft SQL Server\160\Tools\Binn\;C:\Program Files\Microsoft SQL Server\160\Tools\Binn\;C:\Program Files\Microsoft SQL Server\Client SDK\ODBC\170\Tools\Binn\;C:\Program Files\Microsoft SQL Server\160\DTS\Binn\;C:\Program Files\apache-maven-3.9.10\bin;C:\Program Files\apache-maven-3.9.10\bin;C:\Program Files\apache-maven-3.9.10\bin;C:\Users\yashaswini.hs\AppData\Local\Microsoft\WindowsApps;;C:\Users\yashaswini.hs\Downloads\sts-5.1.1.RELEASE;;., stderr.encoding=UTF-8, java.vendor=Eclipse Adoptium, java.vm.info=mixed mode, sharing, stdin.encoding=Cp1252, java.vm.version=25.0.2+10-LTS, sun.io.unicode.encoding=UnicodeLittle, java.class.version=69.0}
2026-03-25 17:39:47 DEBUG HQL_FUNCTIONS:155 - Available HQL Functions:
	abs(NUMERIC arg)
	Double acos(NUMERIC arg)
	adddate(DATE datetime, INTEGER days)
	addtime(TIME datetime, TIME time)
	Boolean any(BOOLEAN arg)
	Integer ascii(STRING arg)
	Double asin(NUMERIC arg)
	Double atan(NUMERIC arg)
	Double atan2(NUMERIC arg0, NUMERIC arg1)
	avg(arg)
	bit_and(arg)
	Integer bit_length(STRING_OR_CLOB arg)
	bit_or(arg)
	bitand(arg0, arg1)
	bitnot(arg)
	bitor(arg0, arg1)
	bitxor(arg0, arg1)
	cast(arg as Type)
	ceiling(NUMERIC arg)
	Character char(INTEGER arg)
	Integer character_length(STRING_OR_CLOB arg)
	Character chr(INTEGER arg)
	coalesce(arg0[, arg1[, ...]])
	String collate(STRING string as COLLATION collation)
	String concat(STRING string0[, STRING string1[, ...]])
	Double cos(NUMERIC arg)
	Double cosh(NUMERIC arg)
	Double cot(NUMERIC arg)
	Long count([distinct ]{arg|*})
	Integer crc32(arg)
	Double cume_dist([arg0[, ...]])
	Date curdate()
	Date current date
	Date current time
	Date current timestamp
	Date current_date
	Instant current_instant
	Date current_time
	Date current_timestamp
	Date curtime()
	Date date(arg)
	dateadd(TEMPORAL_UNIT field, INTEGER magnitude, TEMPORAL datetime)
	Integer datediff(DATE end, DATE start)
	Integer day(DATE arg)
	String dayname(DATE arg)
	Integer dayofmonth(DATE arg)
	Integer dayofweek(DATE arg)
	Integer dayofyear(DATE arg)
	Double degrees(NUMERIC arg)
	Long dense_rank([arg0[, ...]])
	Boolean every(BOOLEAN arg)
	Double exp(NUMERIC arg)
	extract(TEMPORAL_UNIT field from TEMPORAL arg)
	first_valueANY value
	floor(NUMERIC arg)
	String format(TEMPORAL datetime as STRING pattern)
	greatest(COMPARABLE arg0, COMPARABLE arg1[, arg2[, ...]])
	String hex(arg)
	Integer hour(TIME arg)
	ifnull(arg0, arg1)
	String insert(STRING string, INTEGER start, INTEGER length, STRING replacement)
	Instant instant
	Integer instr(STRING string, STRING pattern[, INTEGER start[, INTEGER occurrence]])
	String json_array([arg0[, ...]])
	String json_array_append(IMPLICIT_JSON arg0, STRING arg1, ANY arg2)
	String json_array_insert(IMPLICIT_JSON arg0, STRING arg1, ANY arg2)
	String json_arrayagg(arg0[, arg1])
	Boolean json_exists(IMPLICIT_JSON arg0, STRING arg1)
	String json_insert(IMPLICIT_JSON arg0, STRING arg1, ANY arg2)
	String json_mergepatch(IMPLICIT_JSON arg0, IMPLICIT_JSON arg1[, arg2[, ...]])
	String json_object( ... )
	String json_objectagg(arg0, arg1[, arg2, arg3])
	String json_query( ... )
	String json_remove(IMPLICIT_JSON arg0, STRING arg1)
	String json_replace(IMPLICIT_JSON arg0, STRING arg1, ANY arg2)
	String json_set(IMPLICIT_JSON arg0, STRING arg1, ANY arg2)
	json_value( ... )
	lagANY value[, INTEGER offset[, ANY default]]
	Date last_day(DATE arg)
	last_valueANY value
	leadANY value[, INTEGER offset[, ANY default]]
	least(COMPARABLE arg0, COMPARABLE arg1[, arg2[, ...]])
	String left(STRING string, INTEGER length)
	Integer length(STRING_OR_CLOB arg)
	String listagg(STRING arg0, STRING arg1)
	Double ln(NUMERIC arg)
	LocalDate local date
	LocalDateTime local datetime
	LocalTime local time
	LocalDate local_date
	LocalDateTime local_datetime
	LocalTime local_time
	Date localtime
	Date localtimestamp
	Integer locate(STRING pattern, STRING string[, INTEGER start])
	Double log(NUMERIC arg0[, NUMERIC arg1])
	Double log10(NUMERIC arg)
	Double log2(NUMERIC arg)
	String lower(STRING string)
	String lpad(string, length[, padding])
	String ltrim(STRING string[, STRING characters])
	Date makedate(INTEGER year, INTEGER dayofyear)
	Date maketime(INTEGER hour, INTEGER min, INTEGER sec)
	max(COMPARABLE arg)
	byte[] md5(arg)
	Integer microsecond(TIME arg)
	min(COMPARABLE arg)
	Integer minute(TIME arg)
	Integer mod(INTEGER arg0, INTEGER arg1)
	Integer month(DATE arg)
	String monthname(DATE arg)
	Date now()
	nth_valueANY value, INTEGER nth
	nullif(arg0, arg1)
	Integer octet_length(STRING_OR_CLOB arg)
	OffsetDateTime offset datetime
	OffsetDateTime offset_datetime
	Integer ordinal(ENUM arg)
	String overlay(STRING string placing STRING replacement from INTEGER start[ for INTEGER length])
	String pad(STRING string with INTEGER length {leading|trailing}[ STRING character])
	Double percent_rank([arg0[, ...]])
	Double pi
	Integer position(STRING pattern in STRING string)
	Double power(NUMERIC arg0, NUMERIC arg1)
	Integer quarter(DATE arg)
	Double radians(NUMERIC arg)
	Double rand([INTEGER seed])
	Long rank([arg0[, ...]])
	Boolean regexp_like(STRING arg0, STRING arg1[, STRING arg2])
	String repeat(STRING string, INTEGER times)
	String replace(STRING string, STRING pattern, STRING replacement)
	String reverse(STRING arg)
	String right(STRING string, INTEGER length)
	round(NUMERIC number[, INTEGER places])
	Long row_number()
	String rpad(string, length[, padding])
	String rtrim(STRING string[, STRING characters])
	Integer second(TIME arg)
	byte[] sha(arg)
	String sha1(arg)
	String sha2(arg0, arg1)
	Integer sign(NUMERIC arg)
	Double sin(NUMERIC arg)
	Double sinh(NUMERIC arg)
	String soundex(arg)
	String space(INTEGER arg)
	sql
	Double sqrt(NUMERIC arg)
	Double stddev(NUMERIC arg)
	Double stddev_pop(NUMERIC arg)
	Double stddev_samp(NUMERIC arg)
	String str(arg)
	String string(ENUM arg)
	subdate(DATE datetime, INTEGER days)
	String substr(STRING string, INTEGER start[, INTEGER length])
	String substring(STRING string{ from|,} INTEGER start[{ for|,} INTEGER length])
	subtime(TIME datetime, TIME time)
	sum(arg)
	Date sysdate()
	Double tan(NUMERIC arg)
	Double tanh(NUMERIC arg)
	String time(arg)
	Date timestamp(arg0[, arg1])
	timestampadd(TEMPORAL_UNIT field, INTEGER magnitude, TEMPORAL datetime)
	Long|Double timestampdiff(TEMPORAL_UNIT field, TEMPORAL start, TEMPORAL end)
	String trim([[{leading|trailing|both} ][STRING arg0 ]from] STRING arg1)
	trunc( ... )
	truncate( ... )
	String upper(STRING string)
	Date utc_date
	Date utc_time
	Date utc_timestamp
	Double var_pop(NUMERIC arg)
	Double var_samp(NUMERIC arg)
	Double variance(NUMERIC arg)
	Integer week(DATE arg)
	Integer year(DATE arg)

2026-03-25 17:39:47 DEBUG core:211 - HHH000513: Unable to create the ReflectionOptimizer for [com.test.College]: private accessor [clg_city]
2026-03-25 17:39:47 INFO  core:53 - HHH000489: No JTA platform available (set 'hibernate.transaction.jta.platform' to enable JTA platform integration)
2026-03-25 17:39:47 DEBUG service:102 - HHH010454: EventListenerRegistry access via ServiceRegistry is deprecated - use 'sessionFactory.getEventEngine().getListenerRegistry()' instead
2026-03-25 17:39:48 DEBUG Table:101 - No alter strings for table: college
2026-03-25 17:39:48 DEBUG Table:101 - No alter strings for table: college_SEQ
2026-03-25 17:39:48 DEBUG factoryRegistry:86 - HHH020384: Registering SessionFactory [4e467a71-c95d-4f4d-a476-a52342fdac74] (<unnamed>)
2026-03-25 17:39:48 DEBUG core:151 - HHH006588: Opening session [tenant=null]
2026-03-25 17:39:48 DEBUG core:74 - HHH006583: Beginning transaction
2026-03-25 17:40:24 DEBUG service:41 - HHH010455: Adding integrator: org.hibernate.boot.beanvalidation.BeanValidationIntegrator
2026-03-25 17:40:24 DEBUG service:41 - HHH010455: Adding integrator: org.hibernate.cache.internal.CollectionCacheInvalidator
2026-03-25 17:40:24 INFO  core:41 - HHH000001: Hibernate ORM core version 7.3.0.Final
2026-03-25 17:40:24 DEBUG core:155 - HHH000206: 'hibernate.properties' not found
2026-03-25 17:40:24 DEBUG boot:97 - HHH160204: cfg.xml document did not define namespaces; wrapping in custom event reader to introduce namespace information
2026-03-25 17:40:25 DEBUG cache:116 - HHH90001031: Cannot default RegionFactory since no RegionFactory strategies were registered
2026-03-25 17:40:25 DEBUG cache:46 - HHH90001029: Second-level cache disabled
2026-03-25 17:40:25 WARN  pooling:86 - HHH10001002: Using built-in connection pool (not intended for production use)
2026-03-25 17:40:25 DEBUG pooling:34 - HHH10001014: Initializing connection pool with 1 connections
2026-03-25 17:40:25 DEBUG jdbc:457 - HHH100017: Database:
	name: MySQL
	version: 8.0.42
	major: 8
	minor: 0
2026-03-25 17:40:25 DEBUG jdbc:463 - HHH100018: Driver:
	name: MySQL Connector/J
	version: mysql-connector-j-8.0.33 (Revision: 7d6b0800528b6b25c68b52dc10d6c1c8429c100c)
	major: 8
	minor: 0
	JDBC version: 4.2
2026-03-25 17:40:25 WARN  deprecation:152 - HHH90000025: MySQLDialect does not need to be specified explicitly using 'hibernate.dialect' (remove the property setting and it will be selected by default)
2026-03-25 17:40:25 DEBUG dialect:93 - HHH035001: Using dialect: org.hibernate.dialect.MySQLDialect, version: 8.0.42
2026-03-25 17:40:25 DEBUG IdentifierHelperBuilder:205 - IdentifierCaseStrategy for both quoted and unquoted identifiers was set to the same strategy [LOWER]; that will likely lead to problems in schema update and validation if using quoted identifiers
2026-03-25 17:40:25 DEBUG jdbc:379 - HHH100122: Using default JDBC fetch size: 0
2026-03-25 17:40:25 INFO  pooling:179 - HHH10001005: Database info:
	Database JDBC URL [jdbc:mysql://localhost:3306/mla]
	Database driver: MySQL Connector/J
	Database dialect: MySQLDialect
	Database version: 8.0.42
	Default catalog/schema: mla/undefined
	Autocommit mode: false
	Isolation level: REPEATABLE_READ
	JDBC fetch size: none
	Pool: DriverManagerConnectionProvider
	Minimum pool size: 1
	Maximum pool size: 20
2026-03-25 17:40:26 DEBUG factory:230 - HHH90020001: Instantiating factory [9f65753a-15bc-4741-abe8-260721a699d5] with settings: {hibernate.format_sql=true, java.specification.version=25, sun.cpu.isalist=amd64, sun.jnu.encoding=Cp1252, hibernate.dialect=org.hibernate.dialect.MySQLDialect, java.class.path=C:\Users\yashaswini.hs\Desktop\Spring-advance\Assignment\target\classes;C:\Users\yashaswini.hs\.m2\repository\com\mysql\mysql-connector-j\8.0.33\mysql-connector-j-8.0.33.jar;C:\Users\yashaswini.hs\.m2\repository\com\google\protobuf\protobuf-java\3.21.9\protobuf-java-3.21.9.jar;C:\Users\yashaswini.hs\.m2\repository\org\hibernate\orm\hibernate-core\7.3.0.Final\hibernate-core-7.3.0.Final.jar;C:\Users\yashaswini.hs\.m2\repository\jakarta\persistence\jakarta.persistence-api\3.2.0\jakarta.persistence-api-3.2.0.jar;C:\Users\yashaswini.hs\.m2\repository\jakarta\transaction\jakarta.transaction-api\2.0.1\jakarta.transaction-api-2.0.1.jar;C:\Users\yashaswini.hs\.m2\repository\org\jboss\logging\jboss-logging\3.6.1.Final\jboss-logging-3.6.1.Final.jar;C:\Users\yashaswini.hs\.m2\repository\org\hibernate\models\hibernate-models\1.1.0\hibernate-models-1.1.0.jar;C:\Users\yashaswini.hs\.m2\repository\net\bytebuddy\byte-buddy\1.18.7\byte-buddy-1.18.7.jar;C:\Users\yashaswini.hs\.m2\repository\jakarta\xml\bind\jakarta.xml.bind-api\4.0.4\jakarta.xml.bind-api-4.0.4.jar;C:\Users\yashaswini.hs\.m2\repository\jakarta\activation\jakarta.activation-api\2.1.4\jakarta.activation-api-2.1.4.jar;C:\Users\yashaswini.hs\.m2\repository\org\glassfish\jaxb\jaxb-runtime\4.0.6\jaxb-runtime-4.0.6.jar;C:\Users\yashaswini.hs\.m2\repository\org\glassfish\jaxb\jaxb-core\4.0.6\jaxb-core-4.0.6.jar;C:\Users\yashaswini.hs\.m2\repository\org\eclipse\angus\angus-activation\2.0.3\angus-activation-2.0.3.jar;C:\Users\yashaswini.hs\.m2\repository\org\glassfish\jaxb\txw2\4.0.6\txw2-4.0.6.jar;C:\Users\yashaswini.hs\.m2\repository\com\sun\istack\istack-commons-runtime\4.1.2\istack-commons-runtime-4.1.2.jar;C:\Users\yashaswini.hs\.m2\repository\jakarta\inject\jakarta.inject-api\2.0.1\jakarta.inject-api-2.0.1.jar;C:\Users\yashaswini.hs\.m2\repository\org\antlr\antlr4-runtime\4.13.2\antlr4-runtime-4.13.2.jar;C:\Users\yashaswini.hs\.m2\repository\org\apache\logging\log4j\log4j-core\2.17.1\log4j-core-2.17.1.jar;C:\Users\yashaswini.hs\.m2\repository\org\apache\logging\log4j\log4j-api\2.17.1\log4j-api-2.17.1.jar;C:\Users\yashaswini.hs\.m2\repository\org\apache\logging\log4j\log4j-slf4j-impl\2.17.1\log4j-slf4j-impl-2.17.1.jar;C:\Users\yashaswini.hs\.m2\repository\org\slf4j\slf4j-api\1.7.25\slf4j-api-1.7.25.jar, java.vm.vendor=Eclipse Adoptium, sun.arch.data.model=64, hbm2ddl.auto=update, user.variant=, java.vendor.url=https://adoptium.net/, user.timezone=Asia/Calcutta, java.vm.specification.version=25, os.name=Windows 11, sun.java.launcher=SUN_STANDARD, user.country=US, sun.boot.library.path=C:\Users\yashaswini.hs\Downloads\sts-5.1.1.RELEASE\plugins\org.eclipse.justj.openjdk.hotspot.jre.full.win32.x86_64_25.0.2.v20260203-1141\jre\bin, sun.java.command=com.test.NamedQry, jdk.debug=release, sun.cpu.endian=little, user.home=C:\Users\yashaswini.hs, user.language=en, java.specification.vendor=Oracle Corporation, java.version.date=2026-01-20, java.home=C:\Users\yashaswini.hs\Downloads\sts-5.1.1.RELEASE\plugins\org.eclipse.justj.openjdk.hotspot.jre.full.win32.x86_64_25.0.2.v20260203-1141\jre, file.separator=\, java.vm.compressedOopsMode=Zero based, line.separator=
, java.vm.specification.vendor=Oracle Corporation, java.specification.name=Java Platform API Specification, hibernate.hbm2ddl.auto=update, user.script=, sun.management.compiler=HotSpot 64-Bit Tiered Compilers, java.runtime.version=25.0.2+10-LTS, user.name=yashaswini.hs, stdout.encoding=UTF-8, path.separator=;, hibernate.connection.username=****, os.version=10.0, java.runtime.name=OpenJDK Runtime Environment, hibernate.connection.url=jdbc:mysql://localhost:3306/mla, file.encoding=UTF-8, format_sql=true, java.vm.name=OpenJDK 64-Bit Server VM, hibernate.show_sql=true, java.vendor.version=Temurin-25.0.2+10, show_sql=true, hibernate.connection.driver_class=com.mysql.cj.jdbc.Driver, java.vendor.url.bug=https://github.com/adoptium/adoptium-support/issues, java.io.tmpdir=C:\Users\YASHAS~1.HS\AppData\Local\Temp\, java.version=25.0.2, user.dir=C:\Users\yashaswini.hs\Desktop\Spring-advance\Assignment, os.arch=amd64, java.vm.specification.name=Java Virtual Machine Specification, hibernate.connection.password=****, sun.os.patch.level=, hibernate.boot.CfgXmlAccessService.key=org.hibernate.boot.cfgxml.spi.LoadedConfig@6e243175, native.encoding=Cp1252, java.library.path=C:\Users\yashaswini.hs\Downloads\sts-5.1.1.RELEASE\plugins\org.eclipse.justj.openjdk.hotspot.jre.full.win32.x86_64_25.0.2.v20260203-1141\jre\bin;C:\WINDOWS\Sun\Java\bin;C:\WINDOWS\system32;C:\WINDOWS;C:/Users/yashaswini.hs/Downloads/sts-5.1.1.RELEASE//plugins/org.eclipse.justj.openjdk.hotspot.jre.full.win32.x86_64_25.0.2.v20260203-1141/jre/bin/server;C:/Users/yashaswini.hs/Downloads/sts-5.1.1.RELEASE//plugins/org.eclipse.justj.openjdk.hotspot.jre.full.win32.x86_64_25.0.2.v20260203-1141/jre/bin;C:\Program Files\Microsoft\jdk-11.0.23.9-hotspot\bin;C:\Program Files\Microsoft\jdk-17.0.15.6-hotspot\bin;C:\Program Files\Python313\Scripts\;C:\Program Files\Python313\;%SystemRoot%\system32;%SystemRoot%;%SystemRoot%\System32\Wbem;%SYSTEMROOT%\System32\WindowsPowerShell\v1.0\;%SYSTEMROOT%\System32\OpenSSH\;C:\Program Files\Git\cmd;C:\Program Files\dotnet\;C:\Program Files\apache-maven-3.9.10\bin;C:\Program Files\nodejs\;C:\Program Files\Microsoft VS Code\bin;C:\Program Files\PuTTY\;C:\Program Files (x86)\Microsoft SQL Server\160\DTS\Binn\;C:\Program Files (x86)\Microsoft SQL Server\160\Tools\Binn\;C:\Program Files\Microsoft SQL Server\160\Tools\Binn\;C:\Program Files\Microsoft SQL Server\Client SDK\ODBC\170\Tools\Binn\;C:\Program Files\Microsoft SQL Server\160\DTS\Binn\;C:\Program Files\apache-maven-3.9.10\bin;C:\Program Files\apache-maven-3.9.10\bin;C:\Program Files\apache-maven-3.9.10\bin;C:\Users\yashaswini.hs\AppData\Local\Microsoft\WindowsApps;;C:\Users\yashaswini.hs\Downloads\sts-5.1.1.RELEASE;;., stderr.encoding=UTF-8, java.vendor=Eclipse Adoptium, java.vm.info=mixed mode, sharing, stdin.encoding=Cp1252, java.vm.version=25.0.2+10-LTS, sun.io.unicode.encoding=UnicodeLittle, java.class.version=69.0}
2026-03-25 17:40:26 DEBUG HQL_FUNCTIONS:155 - Available HQL Functions:
	abs(NUMERIC arg)
	Double acos(NUMERIC arg)
	adddate(DATE datetime, INTEGER days)
	addtime(TIME datetime, TIME time)
	Boolean any(BOOLEAN arg)
	Integer ascii(STRING arg)
	Double asin(NUMERIC arg)
	Double atan(NUMERIC arg)
	Double atan2(NUMERIC arg0, NUMERIC arg1)
	avg(arg)
	bit_and(arg)
	Integer bit_length(STRING_OR_CLOB arg)
	bit_or(arg)
	bitand(arg0, arg1)
	bitnot(arg)
	bitor(arg0, arg1)
	bitxor(arg0, arg1)
	cast(arg as Type)
	ceiling(NUMERIC arg)
	Character char(INTEGER arg)
	Integer character_length(STRING_OR_CLOB arg)
	Character chr(INTEGER arg)
	coalesce(arg0[, arg1[, ...]])
	String collate(STRING string as COLLATION collation)
	String concat(STRING string0[, STRING string1[, ...]])
	Double cos(NUMERIC arg)
	Double cosh(NUMERIC arg)
	Double cot(NUMERIC arg)
	Long count([distinct ]{arg|*})
	Integer crc32(arg)
	Double cume_dist([arg0[, ...]])
	Date curdate()
	Date current date
	Date current time
	Date current timestamp
	Date current_date
	Instant current_instant
	Date current_time
	Date current_timestamp
	Date curtime()
	Date date(arg)
	dateadd(TEMPORAL_UNIT field, INTEGER magnitude, TEMPORAL datetime)
	Integer datediff(DATE end, DATE start)
	Integer day(DATE arg)
	String dayname(DATE arg)
	Integer dayofmonth(DATE arg)
	Integer dayofweek(DATE arg)
	Integer dayofyear(DATE arg)
	Double degrees(NUMERIC arg)
	Long dense_rank([arg0[, ...]])
	Boolean every(BOOLEAN arg)
	Double exp(NUMERIC arg)
	extract(TEMPORAL_UNIT field from TEMPORAL arg)
	first_valueANY value
	floor(NUMERIC arg)
	String format(TEMPORAL datetime as STRING pattern)
	greatest(COMPARABLE arg0, COMPARABLE arg1[, arg2[, ...]])
	String hex(arg)
	Integer hour(TIME arg)
	ifnull(arg0, arg1)
	String insert(STRING string, INTEGER start, INTEGER length, STRING replacement)
	Instant instant
	Integer instr(STRING string, STRING pattern[, INTEGER start[, INTEGER occurrence]])
	String json_array([arg0[, ...]])
	String json_array_append(IMPLICIT_JSON arg0, STRING arg1, ANY arg2)
	String json_array_insert(IMPLICIT_JSON arg0, STRING arg1, ANY arg2)
	String json_arrayagg(arg0[, arg1])
	Boolean json_exists(IMPLICIT_JSON arg0, STRING arg1)
	String json_insert(IMPLICIT_JSON arg0, STRING arg1, ANY arg2)
	String json_mergepatch(IMPLICIT_JSON arg0, IMPLICIT_JSON arg1[, arg2[, ...]])
	String json_object( ... )
	String json_objectagg(arg0, arg1[, arg2, arg3])
	String json_query( ... )
	String json_remove(IMPLICIT_JSON arg0, STRING arg1)
	String json_replace(IMPLICIT_JSON arg0, STRING arg1, ANY arg2)
	String json_set(IMPLICIT_JSON arg0, STRING arg1, ANY arg2)
	json_value( ... )
	lagANY value[, INTEGER offset[, ANY default]]
	Date last_day(DATE arg)
	last_valueANY value
	leadANY value[, INTEGER offset[, ANY default]]
	least(COMPARABLE arg0, COMPARABLE arg1[, arg2[, ...]])
	String left(STRING string, INTEGER length)
	Integer length(STRING_OR_CLOB arg)
	String listagg(STRING arg0, STRING arg1)
	Double ln(NUMERIC arg)
	LocalDate local date
	LocalDateTime local datetime
	LocalTime local time
	LocalDate local_date
	LocalDateTime local_datetime
	LocalTime local_time
	Date localtime
	Date localtimestamp
	Integer locate(STRING pattern, STRING string[, INTEGER start])
	Double log(NUMERIC arg0[, NUMERIC arg1])
	Double log10(NUMERIC arg)
	Double log2(NUMERIC arg)
	String lower(STRING string)
	String lpad(string, length[, padding])
	String ltrim(STRING string[, STRING characters])
	Date makedate(INTEGER year, INTEGER dayofyear)
	Date maketime(INTEGER hour, INTEGER min, INTEGER sec)
	max(COMPARABLE arg)
	byte[] md5(arg)
	Integer microsecond(TIME arg)
	min(COMPARABLE arg)
	Integer minute(TIME arg)
	Integer mod(INTEGER arg0, INTEGER arg1)
	Integer month(DATE arg)
	String monthname(DATE arg)
	Date now()
	nth_valueANY value, INTEGER nth
	nullif(arg0, arg1)
	Integer octet_length(STRING_OR_CLOB arg)
	OffsetDateTime offset datetime
	OffsetDateTime offset_datetime
	Integer ordinal(ENUM arg)
	String overlay(STRING string placing STRING replacement from INTEGER start[ for INTEGER length])
	String pad(STRING string with INTEGER length {leading|trailing}[ STRING character])
	Double percent_rank([arg0[, ...]])
	Double pi
	Integer position(STRING pattern in STRING string)
	Double power(NUMERIC arg0, NUMERIC arg1)
	Integer quarter(DATE arg)
	Double radians(NUMERIC arg)
	Double rand([INTEGER seed])
	Long rank([arg0[, ...]])
	Boolean regexp_like(STRING arg0, STRING arg1[, STRING arg2])
	String repeat(STRING string, INTEGER times)
	String replace(STRING string, STRING pattern, STRING replacement)
	String reverse(STRING arg)
	String right(STRING string, INTEGER length)
	round(NUMERIC number[, INTEGER places])
	Long row_number()
	String rpad(string, length[, padding])
	String rtrim(STRING string[, STRING characters])
	Integer second(TIME arg)
	byte[] sha(arg)
	String sha1(arg)
	String sha2(arg0, arg1)
	Integer sign(NUMERIC arg)
	Double sin(NUMERIC arg)
	Double sinh(NUMERIC arg)
	String soundex(arg)
	String space(INTEGER arg)
	sql
	Double sqrt(NUMERIC arg)
	Double stddev(NUMERIC arg)
	Double stddev_pop(NUMERIC arg)
	Double stddev_samp(NUMERIC arg)
	String str(arg)
	String string(ENUM arg)
	subdate(DATE datetime, INTEGER days)
	String substr(STRING string, INTEGER start[, INTEGER length])
	String substring(STRING string{ from|,} INTEGER start[{ for|,} INTEGER length])
	subtime(TIME datetime, TIME time)
	sum(arg)
	Date sysdate()
	Double tan(NUMERIC arg)
	Double tanh(NUMERIC arg)
	String time(arg)
	Date timestamp(arg0[, arg1])
	timestampadd(TEMPORAL_UNIT field, INTEGER magnitude, TEMPORAL datetime)
	Long|Double timestampdiff(TEMPORAL_UNIT field, TEMPORAL start, TEMPORAL end)
	String trim([[{leading|trailing|both} ][STRING arg0 ]from] STRING arg1)
	trunc( ... )
	truncate( ... )
	String upper(STRING string)
	Date utc_date
	Date utc_time
	Date utc_timestamp
	Double var_pop(NUMERIC arg)
	Double var_samp(NUMERIC arg)
	Double variance(NUMERIC arg)
	Integer week(DATE arg)
	Integer year(DATE arg)

2026-03-25 17:40:26 DEBUG core:211 - HHH000513: Unable to create the ReflectionOptimizer for [com.test.College]: private accessor [clg_city]
2026-03-25 17:40:26 INFO  core:53 - HHH000489: No JTA platform available (set 'hibernate.transaction.jta.platform' to enable JTA platform integration)
2026-03-25 17:40:26 DEBUG service:102 - HHH010454: EventListenerRegistry access via ServiceRegistry is deprecated - use 'sessionFactory.getEventEngine().getListenerRegistry()' instead
2026-03-25 17:40:27 DEBUG Table:101 - No alter strings for table: college
2026-03-25 17:40:27 DEBUG Table:101 - No alter strings for table: college_SEQ
2026-03-25 17:40:27 DEBUG factoryRegistry:86 - HHH020384: Registering SessionFactory [9f65753a-15bc-4741-abe8-260721a699d5] (<unnamed>)
2026-03-25 17:40:27 DEBUG core:151 - HHH006588: Opening session [tenant=null]
2026-03-25 17:40:27 DEBUG core:74 - HHH006583: Beginning transaction
2026-03-25 17:40:27 DEBUG SQL:126 - 
    select
        c1_0.id,
        c1_0.clg_city,
        c1_0.clg_name,
        c1_0.clg_pincode,
        c1_0.year 
    from
        college c1_0 
    where
        c1_0.clg_name=?
2026-03-25 17:40:27 DEBUG metrics:277 - HHH000401: Logging session metrics:
	735600 ns acquiring 1 JDBC connections
	0 ns releasing 0 JDBC connections
	230100 ns preparing 1 JDBC statements
	1437700 ns executing 1 JDBC statements
	0 ns executing 0 JDBC batches
	0 ns performing 0 second-level cache puts
	0 ns performing 0 second-level cache hits
	0 ns performing 0 second-level cache misses
	0 ns executing 0 flushes (flushing a total of 0 entities and 0 collections)
	211000 ns executing 1 pre-partial-flushes
	237200 ns executing 1 partial-flushes (flushing a total of 0 entities and 0 collections)

2026-03-25 17:41:14 DEBUG service:41 - HHH010455: Adding integrator: org.hibernate.boot.beanvalidation.BeanValidationIntegrator
2026-03-25 17:41:14 DEBUG service:41 - HHH010455: Adding integrator: org.hibernate.cache.internal.CollectionCacheInvalidator
2026-03-25 17:41:14 INFO  core:41 - HHH000001: Hibernate ORM core version 7.3.0.Final
2026-03-25 17:41:14 DEBUG core:155 - HHH000206: 'hibernate.properties' not found
2026-03-25 17:41:14 DEBUG boot:97 - HHH160204: cfg.xml document did not define namespaces; wrapping in custom event reader to introduce namespace information
2026-03-25 17:41:15 DEBUG cache:116 - HHH90001031: Cannot default RegionFactory since no RegionFactory strategies were registered
2026-03-25 17:41:15 DEBUG cache:46 - HHH90001029: Second-level cache disabled
2026-03-25 17:41:15 WARN  pooling:86 - HHH10001002: Using built-in connection pool (not intended for production use)
2026-03-25 17:41:15 DEBUG pooling:34 - HHH10001014: Initializing connection pool with 1 connections
2026-03-25 17:41:15 DEBUG jdbc:457 - HHH100017: Database:
	name: MySQL
	version: 8.0.42
	major: 8
	minor: 0
2026-03-25 17:41:15 DEBUG jdbc:463 - HHH100018: Driver:
	name: MySQL Connector/J
	version: mysql-connector-j-8.0.33 (Revision: 7d6b0800528b6b25c68b52dc10d6c1c8429c100c)
	major: 8
	minor: 0
	JDBC version: 4.2
2026-03-25 17:41:15 WARN  deprecation:152 - HHH90000025: MySQLDialect does not need to be specified explicitly using 'hibernate.dialect' (remove the property setting and it will be selected by default)
2026-03-25 17:41:15 DEBUG dialect:93 - HHH035001: Using dialect: org.hibernate.dialect.MySQLDialect, version: 8.0.42
2026-03-25 17:41:15 DEBUG IdentifierHelperBuilder:205 - IdentifierCaseStrategy for both quoted and unquoted identifiers was set to the same strategy [LOWER]; that will likely lead to problems in schema update and validation if using quoted identifiers
2026-03-25 17:41:15 DEBUG jdbc:379 - HHH100122: Using default JDBC fetch size: 0
2026-03-25 17:41:15 INFO  pooling:179 - HHH10001005: Database info:
	Database JDBC URL [jdbc:mysql://localhost:3306/mla]
	Database driver: MySQL Connector/J
	Database dialect: MySQLDialect
	Database version: 8.0.42
	Default catalog/schema: mla/undefined
	Autocommit mode: false
	Isolation level: REPEATABLE_READ
	JDBC fetch size: none
	Pool: DriverManagerConnectionProvider
	Minimum pool size: 1
	Maximum pool size: 20
2026-03-25 17:41:16 DEBUG factory:230 - HHH90020001: Instantiating factory [84066055-1747-4700-8345-be69586bf21e] with settings: {hibernate.format_sql=true, java.specification.version=25, sun.cpu.isalist=amd64, sun.jnu.encoding=Cp1252, hibernate.dialect=org.hibernate.dialect.MySQLDialect, java.class.path=C:\Users\yashaswini.hs\Desktop\Spring-advance\Assignment\target\classes;C:\Users\yashaswini.hs\.m2\repository\com\mysql\mysql-connector-j\8.0.33\mysql-connector-j-8.0.33.jar;C:\Users\yashaswini.hs\.m2\repository\com\google\protobuf\protobuf-java\3.21.9\protobuf-java-3.21.9.jar;C:\Users\yashaswini.hs\.m2\repository\org\hibernate\orm\hibernate-core\7.3.0.Final\hibernate-core-7.3.0.Final.jar;C:\Users\yashaswini.hs\.m2\repository\jakarta\persistence\jakarta.persistence-api\3.2.0\jakarta.persistence-api-3.2.0.jar;C:\Users\yashaswini.hs\.m2\repository\jakarta\transaction\jakarta.transaction-api\2.0.1\jakarta.transaction-api-2.0.1.jar;C:\Users\yashaswini.hs\.m2\repository\org\jboss\logging\jboss-logging\3.6.1.Final\jboss-logging-3.6.1.Final.jar;C:\Users\yashaswini.hs\.m2\repository\org\hibernate\models\hibernate-models\1.1.0\hibernate-models-1.1.0.jar;C:\Users\yashaswini.hs\.m2\repository\net\bytebuddy\byte-buddy\1.18.7\byte-buddy-1.18.7.jar;C:\Users\yashaswini.hs\.m2\repository\jakarta\xml\bind\jakarta.xml.bind-api\4.0.4\jakarta.xml.bind-api-4.0.4.jar;C:\Users\yashaswini.hs\.m2\repository\jakarta\activation\jakarta.activation-api\2.1.4\jakarta.activation-api-2.1.4.jar;C:\Users\yashaswini.hs\.m2\repository\org\glassfish\jaxb\jaxb-runtime\4.0.6\jaxb-runtime-4.0.6.jar;C:\Users\yashaswini.hs\.m2\repository\org\glassfish\jaxb\jaxb-core\4.0.6\jaxb-core-4.0.6.jar;C:\Users\yashaswini.hs\.m2\repository\org\eclipse\angus\angus-activation\2.0.3\angus-activation-2.0.3.jar;C:\Users\yashaswini.hs\.m2\repository\org\glassfish\jaxb\txw2\4.0.6\txw2-4.0.6.jar;C:\Users\yashaswini.hs\.m2\repository\com\sun\istack\istack-commons-runtime\4.1.2\istack-commons-runtime-4.1.2.jar;C:\Users\yashaswini.hs\.m2\repository\jakarta\inject\jakarta.inject-api\2.0.1\jakarta.inject-api-2.0.1.jar;C:\Users\yashaswini.hs\.m2\repository\org\antlr\antlr4-runtime\4.13.2\antlr4-runtime-4.13.2.jar;C:\Users\yashaswini.hs\.m2\repository\org\apache\logging\log4j\log4j-core\2.17.1\log4j-core-2.17.1.jar;C:\Users\yashaswini.hs\.m2\repository\org\apache\logging\log4j\log4j-api\2.17.1\log4j-api-2.17.1.jar;C:\Users\yashaswini.hs\.m2\repository\org\apache\logging\log4j\log4j-slf4j-impl\2.17.1\log4j-slf4j-impl-2.17.1.jar;C:\Users\yashaswini.hs\.m2\repository\org\slf4j\slf4j-api\1.7.25\slf4j-api-1.7.25.jar, java.vm.vendor=Eclipse Adoptium, sun.arch.data.model=64, hbm2ddl.auto=update, user.variant=, java.vendor.url=https://adoptium.net/, user.timezone=Asia/Calcutta, java.vm.specification.version=25, os.name=Windows 11, sun.java.launcher=SUN_STANDARD, user.country=US, sun.boot.library.path=C:\Users\yashaswini.hs\Downloads\sts-5.1.1.RELEASE\plugins\org.eclipse.justj.openjdk.hotspot.jre.full.win32.x86_64_25.0.2.v20260203-1141\jre\bin, sun.java.command=com.test.NamedQry, jdk.debug=release, sun.cpu.endian=little, user.home=C:\Users\yashaswini.hs, user.language=en, java.specification.vendor=Oracle Corporation, java.version.date=2026-01-20, java.home=C:\Users\yashaswini.hs\Downloads\sts-5.1.1.RELEASE\plugins\org.eclipse.justj.openjdk.hotspot.jre.full.win32.x86_64_25.0.2.v20260203-1141\jre, file.separator=\, java.vm.compressedOopsMode=Zero based, line.separator=
, java.vm.specification.vendor=Oracle Corporation, java.specification.name=Java Platform API Specification, hibernate.hbm2ddl.auto=update, user.script=, sun.management.compiler=HotSpot 64-Bit Tiered Compilers, java.runtime.version=25.0.2+10-LTS, user.name=yashaswini.hs, stdout.encoding=UTF-8, path.separator=;, hibernate.connection.username=****, os.version=10.0, java.runtime.name=OpenJDK Runtime Environment, hibernate.connection.url=jdbc:mysql://localhost:3306/mla, file.encoding=UTF-8, format_sql=true, java.vm.name=OpenJDK 64-Bit Server VM, hibernate.show_sql=true, java.vendor.version=Temurin-25.0.2+10, show_sql=true, hibernate.connection.driver_class=com.mysql.cj.jdbc.Driver, java.vendor.url.bug=https://github.com/adoptium/adoptium-support/issues, java.io.tmpdir=C:\Users\YASHAS~1.HS\AppData\Local\Temp\, java.version=25.0.2, user.dir=C:\Users\yashaswini.hs\Desktop\Spring-advance\Assignment, os.arch=amd64, java.vm.specification.name=Java Virtual Machine Specification, hibernate.connection.password=****, sun.os.patch.level=, hibernate.boot.CfgXmlAccessService.key=org.hibernate.boot.cfgxml.spi.LoadedConfig@6e243175, native.encoding=Cp1252, java.library.path=C:\Users\yashaswini.hs\Downloads\sts-5.1.1.RELEASE\plugins\org.eclipse.justj.openjdk.hotspot.jre.full.win32.x86_64_25.0.2.v20260203-1141\jre\bin;C:\WINDOWS\Sun\Java\bin;C:\WINDOWS\system32;C:\WINDOWS;C:/Users/yashaswini.hs/Downloads/sts-5.1.1.RELEASE//plugins/org.eclipse.justj.openjdk.hotspot.jre.full.win32.x86_64_25.0.2.v20260203-1141/jre/bin/server;C:/Users/yashaswini.hs/Downloads/sts-5.1.1.RELEASE//plugins/org.eclipse.justj.openjdk.hotspot.jre.full.win32.x86_64_25.0.2.v20260203-1141/jre/bin;C:\Program Files\Microsoft\jdk-11.0.23.9-hotspot\bin;C:\Program Files\Microsoft\jdk-17.0.15.6-hotspot\bin;C:\Program Files\Python313\Scripts\;C:\Program Files\Python313\;%SystemRoot%\system32;%SystemRoot%;%SystemRoot%\System32\Wbem;%SYSTEMROOT%\System32\WindowsPowerShell\v1.0\;%SYSTEMROOT%\System32\OpenSSH\;C:\Program Files\Git\cmd;C:\Program Files\dotnet\;C:\Program Files\apache-maven-3.9.10\bin;C:\Program Files\nodejs\;C:\Program Files\Microsoft VS Code\bin;C:\Program Files\PuTTY\;C:\Program Files (x86)\Microsoft SQL Server\160\DTS\Binn\;C:\Program Files (x86)\Microsoft SQL Server\160\Tools\Binn\;C:\Program Files\Microsoft SQL Server\160\Tools\Binn\;C:\Program Files\Microsoft SQL Server\Client SDK\ODBC\170\Tools\Binn\;C:\Program Files\Microsoft SQL Server\160\DTS\Binn\;C:\Program Files\apache-maven-3.9.10\bin;C:\Program Files\apache-maven-3.9.10\bin;C:\Program Files\apache-maven-3.9.10\bin;C:\Users\yashaswini.hs\AppData\Local\Microsoft\WindowsApps;;C:\Users\yashaswini.hs\Downloads\sts-5.1.1.RELEASE;;., stderr.encoding=UTF-8, java.vendor=Eclipse Adoptium, java.vm.info=mixed mode, sharing, stdin.encoding=Cp1252, java.vm.version=25.0.2+10-LTS, sun.io.unicode.encoding=UnicodeLittle, java.class.version=69.0}
2026-03-25 17:41:16 DEBUG HQL_FUNCTIONS:155 - Available HQL Functions:
	abs(NUMERIC arg)
	Double acos(NUMERIC arg)
	adddate(DATE datetime, INTEGER days)
	addtime(TIME datetime, TIME time)
	Boolean any(BOOLEAN arg)
	Integer ascii(STRING arg)
	Double asin(NUMERIC arg)
	Double atan(NUMERIC arg)
	Double atan2(NUMERIC arg0, NUMERIC arg1)
	avg(arg)
	bit_and(arg)
	Integer bit_length(STRING_OR_CLOB arg)
	bit_or(arg)
	bitand(arg0, arg1)
	bitnot(arg)
	bitor(arg0, arg1)
	bitxor(arg0, arg1)
	cast(arg as Type)
	ceiling(NUMERIC arg)
	Character char(INTEGER arg)
	Integer character_length(STRING_OR_CLOB arg)
	Character chr(INTEGER arg)
	coalesce(arg0[, arg1[, ...]])
	String collate(STRING string as COLLATION collation)
	String concat(STRING string0[, STRING string1[, ...]])
	Double cos(NUMERIC arg)
	Double cosh(NUMERIC arg)
	Double cot(NUMERIC arg)
	Long count([distinct ]{arg|*})
	Integer crc32(arg)
	Double cume_dist([arg0[, ...]])
	Date curdate()
	Date current date
	Date current time
	Date current timestamp
	Date current_date
	Instant current_instant
	Date current_time
	Date current_timestamp
	Date curtime()
	Date date(arg)
	dateadd(TEMPORAL_UNIT field, INTEGER magnitude, TEMPORAL datetime)
	Integer datediff(DATE end, DATE start)
	Integer day(DATE arg)
	String dayname(DATE arg)
	Integer dayofmonth(DATE arg)
	Integer dayofweek(DATE arg)
	Integer dayofyear(DATE arg)
	Double degrees(NUMERIC arg)
	Long dense_rank([arg0[, ...]])
	Boolean every(BOOLEAN arg)
	Double exp(NUMERIC arg)
	extract(TEMPORAL_UNIT field from TEMPORAL arg)
	first_valueANY value
	floor(NUMERIC arg)
	String format(TEMPORAL datetime as STRING pattern)
	greatest(COMPARABLE arg0, COMPARABLE arg1[, arg2[, ...]])
	String hex(arg)
	Integer hour(TIME arg)
	ifnull(arg0, arg1)
	String insert(STRING string, INTEGER start, INTEGER length, STRING replacement)
	Instant instant
	Integer instr(STRING string, STRING pattern[, INTEGER start[, INTEGER occurrence]])
	String json_array([arg0[, ...]])
	String json_array_append(IMPLICIT_JSON arg0, STRING arg1, ANY arg2)
	String json_array_insert(IMPLICIT_JSON arg0, STRING arg1, ANY arg2)
	String json_arrayagg(arg0[, arg1])
	Boolean json_exists(IMPLICIT_JSON arg0, STRING arg1)
	String json_insert(IMPLICIT_JSON arg0, STRING arg1, ANY arg2)
	String json_mergepatch(IMPLICIT_JSON arg0, IMPLICIT_JSON arg1[, arg2[, ...]])
	String json_object( ... )
	String json_objectagg(arg0, arg1[, arg2, arg3])
	String json_query( ... )
	String json_remove(IMPLICIT_JSON arg0, STRING arg1)
	String json_replace(IMPLICIT_JSON arg0, STRING arg1, ANY arg2)
	String json_set(IMPLICIT_JSON arg0, STRING arg1, ANY arg2)
	json_value( ... )
	lagANY value[, INTEGER offset[, ANY default]]
	Date last_day(DATE arg)
	last_valueANY value
	leadANY value[, INTEGER offset[, ANY default]]
	least(COMPARABLE arg0, COMPARABLE arg1[, arg2[, ...]])
	String left(STRING string, INTEGER length)
	Integer length(STRING_OR_CLOB arg)
	String listagg(STRING arg0, STRING arg1)
	Double ln(NUMERIC arg)
	LocalDate local date
	LocalDateTime local datetime
	LocalTime local time
	LocalDate local_date
	LocalDateTime local_datetime
	LocalTime local_time
	Date localtime
	Date localtimestamp
	Integer locate(STRING pattern, STRING string[, INTEGER start])
	Double log(NUMERIC arg0[, NUMERIC arg1])
	Double log10(NUMERIC arg)
	Double log2(NUMERIC arg)
	String lower(STRING string)
	String lpad(string, length[, padding])
	String ltrim(STRING string[, STRING characters])
	Date makedate(INTEGER year, INTEGER dayofyear)
	Date maketime(INTEGER hour, INTEGER min, INTEGER sec)
	max(COMPARABLE arg)
	byte[] md5(arg)
	Integer microsecond(TIME arg)
	min(COMPARABLE arg)
	Integer minute(TIME arg)
	Integer mod(INTEGER arg0, INTEGER arg1)
	Integer month(DATE arg)
	String monthname(DATE arg)
	Date now()
	nth_valueANY value, INTEGER nth
	nullif(arg0, arg1)
	Integer octet_length(STRING_OR_CLOB arg)
	OffsetDateTime offset datetime
	OffsetDateTime offset_datetime
	Integer ordinal(ENUM arg)
	String overlay(STRING string placing STRING replacement from INTEGER start[ for INTEGER length])
	String pad(STRING string with INTEGER length {leading|trailing}[ STRING character])
	Double percent_rank([arg0[, ...]])
	Double pi
	Integer position(STRING pattern in STRING string)
	Double power(NUMERIC arg0, NUMERIC arg1)
	Integer quarter(DATE arg)
	Double radians(NUMERIC arg)
	Double rand([INTEGER seed])
	Long rank([arg0[, ...]])
	Boolean regexp_like(STRING arg0, STRING arg1[, STRING arg2])
	String repeat(STRING string, INTEGER times)
	String replace(STRING string, STRING pattern, STRING replacement)
	String reverse(STRING arg)
	String right(STRING string, INTEGER length)
	round(NUMERIC number[, INTEGER places])
	Long row_number()
	String rpad(string, length[, padding])
	String rtrim(STRING string[, STRING characters])
	Integer second(TIME arg)
	byte[] sha(arg)
	String sha1(arg)
	String sha2(arg0, arg1)
	Integer sign(NUMERIC arg)
	Double sin(NUMERIC arg)
	Double sinh(NUMERIC arg)
	String soundex(arg)
	String space(INTEGER arg)
	sql
	Double sqrt(NUMERIC arg)
	Double stddev(NUMERIC arg)
	Double stddev_pop(NUMERIC arg)
	Double stddev_samp(NUMERIC arg)
	String str(arg)
	String string(ENUM arg)
	subdate(DATE datetime, INTEGER days)
	String substr(STRING string, INTEGER start[, INTEGER length])
	String substring(STRING string{ from|,} INTEGER start[{ for|,} INTEGER length])
	subtime(TIME datetime, TIME time)
	sum(arg)
	Date sysdate()
	Double tan(NUMERIC arg)
	Double tanh(NUMERIC arg)
	String time(arg)
	Date timestamp(arg0[, arg1])
	timestampadd(TEMPORAL_UNIT field, INTEGER magnitude, TEMPORAL datetime)
	Long|Double timestampdiff(TEMPORAL_UNIT field, TEMPORAL start, TEMPORAL end)
	String trim([[{leading|trailing|both} ][STRING arg0 ]from] STRING arg1)
	trunc( ... )
	truncate( ... )
	String upper(STRING string)
	Date utc_date
	Date utc_time
	Date utc_timestamp
	Double var_pop(NUMERIC arg)
	Double var_samp(NUMERIC arg)
	Double variance(NUMERIC arg)
	Integer week(DATE arg)
	Integer year(DATE arg)

2026-03-25 17:41:16 DEBUG core:211 - HHH000513: Unable to create the ReflectionOptimizer for [com.test.College]: private accessor [clg_city]
2026-03-25 17:41:16 INFO  core:53 - HHH000489: No JTA platform available (set 'hibernate.transaction.jta.platform' to enable JTA platform integration)
2026-03-25 17:41:16 DEBUG service:102 - HHH010454: EventListenerRegistry access via ServiceRegistry is deprecated - use 'sessionFactory.getEventEngine().getListenerRegistry()' instead
2026-03-25 17:41:17 DEBUG Table:101 - No alter strings for table: college
2026-03-25 17:41:17 DEBUG Table:101 - No alter strings for table: college_SEQ
2026-03-25 17:41:17 DEBUG factoryRegistry:86 - HHH020384: Registering SessionFactory [84066055-1747-4700-8345-be69586bf21e] (<unnamed>)
2026-03-25 17:41:17 DEBUG core:151 - HHH006588: Opening session [tenant=null]
2026-03-25 17:41:17 DEBUG core:74 - HHH006583: Beginning transaction
2026-03-25 17:41:17 DEBUG SQL:126 - 
    select
        c1_0.id,
        c1_0.clg_city,
        c1_0.clg_name,
        c1_0.clg_pincode,
        c1_0.year 
    from
        college c1_0 
    where
        c1_0.clg_name=?
2026-03-25 17:41:17 DEBUG metrics:277 - HHH000401: Logging session metrics:
	680400 ns acquiring 1 JDBC connections
	0 ns releasing 0 JDBC connections
	129600 ns preparing 1 JDBC statements
	1131600 ns executing 1 JDBC statements
	0 ns executing 0 JDBC batches
	0 ns performing 0 second-level cache puts
	0 ns performing 0 second-level cache hits
	0 ns performing 0 second-level cache misses
	0 ns executing 0 flushes (flushing a total of 0 entities and 0 collections)
	205400 ns executing 1 pre-partial-flushes
	212200 ns executing 1 partial-flushes (flushing a total of 0 entities and 0 collections)

2026-03-25 17:41:50 DEBUG service:41 - HHH010455: Adding integrator: org.hibernate.boot.beanvalidation.BeanValidationIntegrator
2026-03-25 17:41:50 DEBUG service:41 - HHH010455: Adding integrator: org.hibernate.cache.internal.CollectionCacheInvalidator
2026-03-25 17:41:50 INFO  core:41 - HHH000001: Hibernate ORM core version 7.3.0.Final
2026-03-25 17:41:50 DEBUG core:155 - HHH000206: 'hibernate.properties' not found
2026-03-25 17:41:50 DEBUG boot:97 - HHH160204: cfg.xml document did not define namespaces; wrapping in custom event reader to introduce namespace information
2026-03-25 17:41:50 DEBUG cache:116 - HHH90001031: Cannot default RegionFactory since no RegionFactory strategies were registered
2026-03-25 17:41:50 DEBUG cache:46 - HHH90001029: Second-level cache disabled
2026-03-25 17:41:50 WARN  pooling:86 - HHH10001002: Using built-in connection pool (not intended for production use)
2026-03-25 17:41:51 DEBUG pooling:34 - HHH10001014: Initializing connection pool with 1 connections
2026-03-25 17:41:51 DEBUG jdbc:457 - HHH100017: Database:
	name: MySQL
	version: 8.0.42
	major: 8
	minor: 0
2026-03-25 17:41:51 DEBUG jdbc:463 - HHH100018: Driver:
	name: MySQL Connector/J
	version: mysql-connector-j-8.0.33 (Revision: 7d6b0800528b6b25c68b52dc10d6c1c8429c100c)
	major: 8
	minor: 0
	JDBC version: 4.2
2026-03-25 17:41:51 WARN  deprecation:152 - HHH90000025: MySQLDialect does not need to be specified explicitly using 'hibernate.dialect' (remove the property setting and it will be selected by default)
2026-03-25 17:41:51 DEBUG dialect:93 - HHH035001: Using dialect: org.hibernate.dialect.MySQLDialect, version: 8.0.42
2026-03-25 17:41:51 DEBUG IdentifierHelperBuilder:205 - IdentifierCaseStrategy for both quoted and unquoted identifiers was set to the same strategy [LOWER]; that will likely lead to problems in schema update and validation if using quoted identifiers
2026-03-25 17:41:51 DEBUG jdbc:379 - HHH100122: Using default JDBC fetch size: 0
2026-03-25 17:41:51 INFO  pooling:179 - HHH10001005: Database info:
	Database JDBC URL [jdbc:mysql://localhost:3306/mla]
	Database driver: MySQL Connector/J
	Database dialect: MySQLDialect
	Database version: 8.0.42
	Default catalog/schema: mla/undefined
	Autocommit mode: false
	Isolation level: REPEATABLE_READ
	JDBC fetch size: none
	Pool: DriverManagerConnectionProvider
	Minimum pool size: 1
	Maximum pool size: 20
2026-03-25 17:41:51 DEBUG factory:230 - HHH90020001: Instantiating factory [d873ca9c-d7bb-4bd0-a8d8-8c32b9a6a445] with settings: {hibernate.format_sql=true, java.specification.version=25, sun.cpu.isalist=amd64, sun.jnu.encoding=Cp1252, hibernate.dialect=org.hibernate.dialect.MySQLDialect, java.class.path=C:\Users\yashaswini.hs\Desktop\Spring-advance\Assignment\target\classes;C:\Users\yashaswini.hs\.m2\repository\com\mysql\mysql-connector-j\8.0.33\mysql-connector-j-8.0.33.jar;C:\Users\yashaswini.hs\.m2\repository\com\google\protobuf\protobuf-java\3.21.9\protobuf-java-3.21.9.jar;C:\Users\yashaswini.hs\.m2\repository\org\hibernate\orm\hibernate-core\7.3.0.Final\hibernate-core-7.3.0.Final.jar;C:\Users\yashaswini.hs\.m2\repository\jakarta\persistence\jakarta.persistence-api\3.2.0\jakarta.persistence-api-3.2.0.jar;C:\Users\yashaswini.hs\.m2\repository\jakarta\transaction\jakarta.transaction-api\2.0.1\jakarta.transaction-api-2.0.1.jar;C:\Users\yashaswini.hs\.m2\repository\org\jboss\logging\jboss-logging\3.6.1.Final\jboss-logging-3.6.1.Final.jar;C:\Users\yashaswini.hs\.m2\repository\org\hibernate\models\hibernate-models\1.1.0\hibernate-models-1.1.0.jar;C:\Users\yashaswini.hs\.m2\repository\net\bytebuddy\byte-buddy\1.18.7\byte-buddy-1.18.7.jar;C:\Users\yashaswini.hs\.m2\repository\jakarta\xml\bind\jakarta.xml.bind-api\4.0.4\jakarta.xml.bind-api-4.0.4.jar;C:\Users\yashaswini.hs\.m2\repository\jakarta\activation\jakarta.activation-api\2.1.4\jakarta.activation-api-2.1.4.jar;C:\Users\yashaswini.hs\.m2\repository\org\glassfish\jaxb\jaxb-runtime\4.0.6\jaxb-runtime-4.0.6.jar;C:\Users\yashaswini.hs\.m2\repository\org\glassfish\jaxb\jaxb-core\4.0.6\jaxb-core-4.0.6.jar;C:\Users\yashaswini.hs\.m2\repository\org\eclipse\angus\angus-activation\2.0.3\angus-activation-2.0.3.jar;C:\Users\yashaswini.hs\.m2\repository\org\glassfish\jaxb\txw2\4.0.6\txw2-4.0.6.jar;C:\Users\yashaswini.hs\.m2\repository\com\sun\istack\istack-commons-runtime\4.1.2\istack-commons-runtime-4.1.2.jar;C:\Users\yashaswini.hs\.m2\repository\jakarta\inject\jakarta.inject-api\2.0.1\jakarta.inject-api-2.0.1.jar;C:\Users\yashaswini.hs\.m2\repository\org\antlr\antlr4-runtime\4.13.2\antlr4-runtime-4.13.2.jar;C:\Users\yashaswini.hs\.m2\repository\org\apache\logging\log4j\log4j-core\2.17.1\log4j-core-2.17.1.jar;C:\Users\yashaswini.hs\.m2\repository\org\apache\logging\log4j\log4j-api\2.17.1\log4j-api-2.17.1.jar;C:\Users\yashaswini.hs\.m2\repository\org\apache\logging\log4j\log4j-slf4j-impl\2.17.1\log4j-slf4j-impl-2.17.1.jar;C:\Users\yashaswini.hs\.m2\repository\org\slf4j\slf4j-api\1.7.25\slf4j-api-1.7.25.jar, java.vm.vendor=Eclipse Adoptium, sun.arch.data.model=64, hbm2ddl.auto=update, user.variant=, java.vendor.url=https://adoptium.net/, user.timezone=Asia/Calcutta, java.vm.specification.version=25, os.name=Windows 11, sun.java.launcher=SUN_STANDARD, user.country=US, sun.boot.library.path=C:\Users\yashaswini.hs\Downloads\sts-5.1.1.RELEASE\plugins\org.eclipse.justj.openjdk.hotspot.jre.full.win32.x86_64_25.0.2.v20260203-1141\jre\bin, sun.java.command=com.test.NamedQry, jdk.debug=release, sun.cpu.endian=little, user.home=C:\Users\yashaswini.hs, user.language=en, java.specification.vendor=Oracle Corporation, java.version.date=2026-01-20, java.home=C:\Users\yashaswini.hs\Downloads\sts-5.1.1.RELEASE\plugins\org.eclipse.justj.openjdk.hotspot.jre.full.win32.x86_64_25.0.2.v20260203-1141\jre, file.separator=\, java.vm.compressedOopsMode=Zero based, line.separator=
, java.vm.specification.vendor=Oracle Corporation, java.specification.name=Java Platform API Specification, hibernate.hbm2ddl.auto=update, user.script=, sun.management.compiler=HotSpot 64-Bit Tiered Compilers, java.runtime.version=25.0.2+10-LTS, user.name=yashaswini.hs, stdout.encoding=UTF-8, path.separator=;, hibernate.connection.username=****, os.version=10.0, java.runtime.name=OpenJDK Runtime Environment, hibernate.connection.url=jdbc:mysql://localhost:3306/mla, file.encoding=UTF-8, format_sql=true, java.vm.name=OpenJDK 64-Bit Server VM, hibernate.show_sql=true, java.vendor.version=Temurin-25.0.2+10, show_sql=true, hibernate.connection.driver_class=com.mysql.cj.jdbc.Driver, java.vendor.url.bug=https://github.com/adoptium/adoptium-support/issues, java.io.tmpdir=C:\Users\YASHAS~1.HS\AppData\Local\Temp\, java.version=25.0.2, user.dir=C:\Users\yashaswini.hs\Desktop\Spring-advance\Assignment, os.arch=amd64, java.vm.specification.name=Java Virtual Machine Specification, hibernate.connection.password=****, sun.os.patch.level=, hibernate.boot.CfgXmlAccessService.key=org.hibernate.boot.cfgxml.spi.LoadedConfig@6e243175, native.encoding=Cp1252, java.library.path=C:\Users\yashaswini.hs\Downloads\sts-5.1.1.RELEASE\plugins\org.eclipse.justj.openjdk.hotspot.jre.full.win32.x86_64_25.0.2.v20260203-1141\jre\bin;C:\WINDOWS\Sun\Java\bin;C:\WINDOWS\system32;C:\WINDOWS;C:/Users/yashaswini.hs/Downloads/sts-5.1.1.RELEASE//plugins/org.eclipse.justj.openjdk.hotspot.jre.full.win32.x86_64_25.0.2.v20260203-1141/jre/bin/server;C:/Users/yashaswini.hs/Downloads/sts-5.1.1.RELEASE//plugins/org.eclipse.justj.openjdk.hotspot.jre.full.win32.x86_64_25.0.2.v20260203-1141/jre/bin;C:\Program Files\Microsoft\jdk-11.0.23.9-hotspot\bin;C:\Program Files\Microsoft\jdk-17.0.15.6-hotspot\bin;C:\Program Files\Python313\Scripts\;C:\Program Files\Python313\;%SystemRoot%\system32;%SystemRoot%;%SystemRoot%\System32\Wbem;%SYSTEMROOT%\System32\WindowsPowerShell\v1.0\;%SYSTEMROOT%\System32\OpenSSH\;C:\Program Files\Git\cmd;C:\Program Files\dotnet\;C:\Program Files\apache-maven-3.9.10\bin;C:\Program Files\nodejs\;C:\Program Files\Microsoft VS Code\bin;C:\Program Files\PuTTY\;C:\Program Files (x86)\Microsoft SQL Server\160\DTS\Binn\;C:\Program Files (x86)\Microsoft SQL Server\160\Tools\Binn\;C:\Program Files\Microsoft SQL Server\160\Tools\Binn\;C:\Program Files\Microsoft SQL Server\Client SDK\ODBC\170\Tools\Binn\;C:\Program Files\Microsoft SQL Server\160\DTS\Binn\;C:\Program Files\apache-maven-3.9.10\bin;C:\Program Files\apache-maven-3.9.10\bin;C:\Program Files\apache-maven-3.9.10\bin;C:\Users\yashaswini.hs\AppData\Local\Microsoft\WindowsApps;;C:\Users\yashaswini.hs\Downloads\sts-5.1.1.RELEASE;;., stderr.encoding=UTF-8, java.vendor=Eclipse Adoptium, java.vm.info=mixed mode, sharing, stdin.encoding=Cp1252, java.vm.version=25.0.2+10-LTS, sun.io.unicode.encoding=UnicodeLittle, java.class.version=69.0}
2026-03-25 17:41:51 DEBUG HQL_FUNCTIONS:155 - Available HQL Functions:
	abs(NUMERIC arg)
	Double acos(NUMERIC arg)
	adddate(DATE datetime, INTEGER days)
	addtime(TIME datetime, TIME time)
	Boolean any(BOOLEAN arg)
	Integer ascii(STRING arg)
	Double asin(NUMERIC arg)
	Double atan(NUMERIC arg)
	Double atan2(NUMERIC arg0, NUMERIC arg1)
	avg(arg)
	bit_and(arg)
	Integer bit_length(STRING_OR_CLOB arg)
	bit_or(arg)
	bitand(arg0, arg1)
	bitnot(arg)
	bitor(arg0, arg1)
	bitxor(arg0, arg1)
	cast(arg as Type)
	ceiling(NUMERIC arg)
	Character char(INTEGER arg)
	Integer character_length(STRING_OR_CLOB arg)
	Character chr(INTEGER arg)
	coalesce(arg0[, arg1[, ...]])
	String collate(STRING string as COLLATION collation)
	String concat(STRING string0[, STRING string1[, ...]])
	Double cos(NUMERIC arg)
	Double cosh(NUMERIC arg)
	Double cot(NUMERIC arg)
	Long count([distinct ]{arg|*})
	Integer crc32(arg)
	Double cume_dist([arg0[, ...]])
	Date curdate()
	Date current date
	Date current time
	Date current timestamp
	Date current_date
	Instant current_instant
	Date current_time
	Date current_timestamp
	Date curtime()
	Date date(arg)
	dateadd(TEMPORAL_UNIT field, INTEGER magnitude, TEMPORAL datetime)
	Integer datediff(DATE end, DATE start)
	Integer day(DATE arg)
	String dayname(DATE arg)
	Integer dayofmonth(DATE arg)
	Integer dayofweek(DATE arg)
	Integer dayofyear(DATE arg)
	Double degrees(NUMERIC arg)
	Long dense_rank([arg0[, ...]])
	Boolean every(BOOLEAN arg)
	Double exp(NUMERIC arg)
	extract(TEMPORAL_UNIT field from TEMPORAL arg)
	first_valueANY value
	floor(NUMERIC arg)
	String format(TEMPORAL datetime as STRING pattern)
	greatest(COMPARABLE arg0, COMPARABLE arg1[, arg2[, ...]])
	String hex(arg)
	Integer hour(TIME arg)
	ifnull(arg0, arg1)
	String insert(STRING string, INTEGER start, INTEGER length, STRING replacement)
	Instant instant
	Integer instr(STRING string, STRING pattern[, INTEGER start[, INTEGER occurrence]])
	String json_array([arg0[, ...]])
	String json_array_append(IMPLICIT_JSON arg0, STRING arg1, ANY arg2)
	String json_array_insert(IMPLICIT_JSON arg0, STRING arg1, ANY arg2)
	String json_arrayagg(arg0[, arg1])
	Boolean json_exists(IMPLICIT_JSON arg0, STRING arg1)
	String json_insert(IMPLICIT_JSON arg0, STRING arg1, ANY arg2)
	String json_mergepatch(IMPLICIT_JSON arg0, IMPLICIT_JSON arg1[, arg2[, ...]])
	String json_object( ... )
	String json_objectagg(arg0, arg1[, arg2, arg3])
	String json_query( ... )
	String json_remove(IMPLICIT_JSON arg0, STRING arg1)
	String json_replace(IMPLICIT_JSON arg0, STRING arg1, ANY arg2)
	String json_set(IMPLICIT_JSON arg0, STRING arg1, ANY arg2)
	json_value( ... )
	lagANY value[, INTEGER offset[, ANY default]]
	Date last_day(DATE arg)
	last_valueANY value
	leadANY value[, INTEGER offset[, ANY default]]
	least(COMPARABLE arg0, COMPARABLE arg1[, arg2[, ...]])
	String left(STRING string, INTEGER length)
	Integer length(STRING_OR_CLOB arg)
	String listagg(STRING arg0, STRING arg1)
	Double ln(NUMERIC arg)
	LocalDate local date
	LocalDateTime local datetime
	LocalTime local time
	LocalDate local_date
	LocalDateTime local_datetime
	LocalTime local_time
	Date localtime
	Date localtimestamp
	Integer locate(STRING pattern, STRING string[, INTEGER start])
	Double log(NUMERIC arg0[, NUMERIC arg1])
	Double log10(NUMERIC arg)
	Double log2(NUMERIC arg)
	String lower(STRING string)
	String lpad(string, length[, padding])
	String ltrim(STRING string[, STRING characters])
	Date makedate(INTEGER year, INTEGER dayofyear)
	Date maketime(INTEGER hour, INTEGER min, INTEGER sec)
	max(COMPARABLE arg)
	byte[] md5(arg)
	Integer microsecond(TIME arg)
	min(COMPARABLE arg)
	Integer minute(TIME arg)
	Integer mod(INTEGER arg0, INTEGER arg1)
	Integer month(DATE arg)
	String monthname(DATE arg)
	Date now()
	nth_valueANY value, INTEGER nth
	nullif(arg0, arg1)
	Integer octet_length(STRING_OR_CLOB arg)
	OffsetDateTime offset datetime
	OffsetDateTime offset_datetime
	Integer ordinal(ENUM arg)
	String overlay(STRING string placing STRING replacement from INTEGER start[ for INTEGER length])
	String pad(STRING string with INTEGER length {leading|trailing}[ STRING character])
	Double percent_rank([arg0[, ...]])
	Double pi
	Integer position(STRING pattern in STRING string)
	Double power(NUMERIC arg0, NUMERIC arg1)
	Integer quarter(DATE arg)
	Double radians(NUMERIC arg)
	Double rand([INTEGER seed])
	Long rank([arg0[, ...]])
	Boolean regexp_like(STRING arg0, STRING arg1[, STRING arg2])
	String repeat(STRING string, INTEGER times)
	String replace(STRING string, STRING pattern, STRING replacement)
	String reverse(STRING arg)
	String right(STRING string, INTEGER length)
	round(NUMERIC number[, INTEGER places])
	Long row_number()
	String rpad(string, length[, padding])
	String rtrim(STRING string[, STRING characters])
	Integer second(TIME arg)
	byte[] sha(arg)
	String sha1(arg)
	String sha2(arg0, arg1)
	Integer sign(NUMERIC arg)
	Double sin(NUMERIC arg)
	Double sinh(NUMERIC arg)
	String soundex(arg)
	String space(INTEGER arg)
	sql
	Double sqrt(NUMERIC arg)
	Double stddev(NUMERIC arg)
	Double stddev_pop(NUMERIC arg)
	Double stddev_samp(NUMERIC arg)
	String str(arg)
	String string(ENUM arg)
	subdate(DATE datetime, INTEGER days)
	String substr(STRING string, INTEGER start[, INTEGER length])
	String substring(STRING string{ from|,} INTEGER start[{ for|,} INTEGER length])
	subtime(TIME datetime, TIME time)
	sum(arg)
	Date sysdate()
	Double tan(NUMERIC arg)
	Double tanh(NUMERIC arg)
	String time(arg)
	Date timestamp(arg0[, arg1])
	timestampadd(TEMPORAL_UNIT field, INTEGER magnitude, TEMPORAL datetime)
	Long|Double timestampdiff(TEMPORAL_UNIT field, TEMPORAL start, TEMPORAL end)
	String trim([[{leading|trailing|both} ][STRING arg0 ]from] STRING arg1)
	trunc( ... )
	truncate( ... )
	String upper(STRING string)
	Date utc_date
	Date utc_time
	Date utc_timestamp
	Double var_pop(NUMERIC arg)
	Double var_samp(NUMERIC arg)
	Double variance(NUMERIC arg)
	Integer week(DATE arg)
	Integer year(DATE arg)

2026-03-25 17:41:52 DEBUG core:211 - HHH000513: Unable to create the ReflectionOptimizer for [com.test.College]: private accessor [clg_city]
2026-03-25 17:41:52 INFO  core:53 - HHH000489: No JTA platform available (set 'hibernate.transaction.jta.platform' to enable JTA platform integration)
2026-03-25 17:41:52 DEBUG service:102 - HHH010454: EventListenerRegistry access via ServiceRegistry is deprecated - use 'sessionFactory.getEventEngine().getListenerRegistry()' instead
2026-03-25 17:41:52 DEBUG Table:101 - No alter strings for table: college
2026-03-25 17:41:52 DEBUG Table:101 - No alter strings for table: college_SEQ
2026-03-25 17:41:52 DEBUG factoryRegistry:86 - HHH020384: Registering SessionFactory [d873ca9c-d7bb-4bd0-a8d8-8c32b9a6a445] (<unnamed>)
2026-03-25 17:41:52 DEBUG core:151 - HHH006588: Opening session [tenant=null]
2026-03-25 17:41:52 DEBUG core:74 - HHH006583: Beginning transaction
2026-03-25 17:41:52 DEBUG SQL:126 - 
    select
        c1_0.id,
        c1_0.clg_city,
        c1_0.clg_name,
        c1_0.clg_pincode,
        c1_0.year 
    from
        college c1_0 
    where
        c1_0.clg_name=?
2026-03-25 17:41:52 DEBUG metrics:277 - HHH000401: Logging session metrics:
	757700 ns acquiring 1 JDBC connections
	0 ns releasing 0 JDBC connections
	209900 ns preparing 1 JDBC statements
	1217300 ns executing 1 JDBC statements
	0 ns executing 0 JDBC batches
	0 ns performing 0 second-level cache puts
	0 ns performing 0 second-level cache hits
	0 ns performing 0 second-level cache misses
	0 ns executing 0 flushes (flushing a total of 0 entities and 0 collections)
	217800 ns executing 1 pre-partial-flushes
	250900 ns executing 1 partial-flushes (flushing a total of 0 entities and 0 collections)

2026-03-25 17:42:58 DEBUG service:41 - HHH010455: Adding integrator: org.hibernate.boot.beanvalidation.BeanValidationIntegrator
2026-03-25 17:42:58 DEBUG service:41 - HHH010455: Adding integrator: org.hibernate.cache.internal.CollectionCacheInvalidator
2026-03-25 17:42:58 INFO  core:41 - HHH000001: Hibernate ORM core version 7.3.0.Final
2026-03-25 17:42:58 DEBUG core:155 - HHH000206: 'hibernate.properties' not found
2026-03-25 17:42:58 DEBUG boot:97 - HHH160204: cfg.xml document did not define namespaces; wrapping in custom event reader to introduce namespace information
2026-03-25 17:42:58 DEBUG cache:116 - HHH90001031: Cannot default RegionFactory since no RegionFactory strategies were registered
2026-03-25 17:42:58 DEBUG cache:46 - HHH90001029: Second-level cache disabled
2026-03-25 17:42:59 WARN  pooling:86 - HHH10001002: Using built-in connection pool (not intended for production use)
2026-03-25 17:42:59 DEBUG pooling:34 - HHH10001014: Initializing connection pool with 1 connections
2026-03-25 17:42:59 DEBUG jdbc:457 - HHH100017: Database:
	name: MySQL
	version: 8.0.42
	major: 8
	minor: 0
2026-03-25 17:42:59 DEBUG jdbc:463 - HHH100018: Driver:
	name: MySQL Connector/J
	version: mysql-connector-j-8.0.33 (Revision: 7d6b0800528b6b25c68b52dc10d6c1c8429c100c)
	major: 8
	minor: 0
	JDBC version: 4.2
2026-03-25 17:42:59 WARN  deprecation:152 - HHH90000025: MySQLDialect does not need to be specified explicitly using 'hibernate.dialect' (remove the property setting and it will be selected by default)
2026-03-25 17:42:59 DEBUG dialect:93 - HHH035001: Using dialect: org.hibernate.dialect.MySQLDialect, version: 8.0.42
2026-03-25 17:42:59 DEBUG IdentifierHelperBuilder:205 - IdentifierCaseStrategy for both quoted and unquoted identifiers was set to the same strategy [LOWER]; that will likely lead to problems in schema update and validation if using quoted identifiers
2026-03-25 17:42:59 DEBUG jdbc:379 - HHH100122: Using default JDBC fetch size: 0
2026-03-25 17:42:59 INFO  pooling:179 - HHH10001005: Database info:
	Database JDBC URL [jdbc:mysql://localhost:3306/mla]
	Database driver: MySQL Connector/J
	Database dialect: MySQLDialect
	Database version: 8.0.42
	Default catalog/schema: mla/undefined
	Autocommit mode: false
	Isolation level: REPEATABLE_READ
	JDBC fetch size: none
	Pool: DriverManagerConnectionProvider
	Minimum pool size: 1
	Maximum pool size: 20
2026-03-25 17:43:00 DEBUG factory:230 - HHH90020001: Instantiating factory [627b809c-5ffe-4031-996e-b96661efb215] with settings: {hibernate.format_sql=true, java.specification.version=25, sun.cpu.isalist=amd64, sun.jnu.encoding=Cp1252, hibernate.dialect=org.hibernate.dialect.MySQLDialect, java.class.path=C:\Users\yashaswini.hs\Desktop\Spring-advance\Assignment\target\classes;C:\Users\yashaswini.hs\.m2\repository\com\mysql\mysql-connector-j\8.0.33\mysql-connector-j-8.0.33.jar;C:\Users\yashaswini.hs\.m2\repository\com\google\protobuf\protobuf-java\3.21.9\protobuf-java-3.21.9.jar;C:\Users\yashaswini.hs\.m2\repository\org\hibernate\orm\hibernate-core\7.3.0.Final\hibernate-core-7.3.0.Final.jar;C:\Users\yashaswini.hs\.m2\repository\jakarta\persistence\jakarta.persistence-api\3.2.0\jakarta.persistence-api-3.2.0.jar;C:\Users\yashaswini.hs\.m2\repository\jakarta\transaction\jakarta.transaction-api\2.0.1\jakarta.transaction-api-2.0.1.jar;C:\Users\yashaswini.hs\.m2\repository\org\jboss\logging\jboss-logging\3.6.1.Final\jboss-logging-3.6.1.Final.jar;C:\Users\yashaswini.hs\.m2\repository\org\hibernate\models\hibernate-models\1.1.0\hibernate-models-1.1.0.jar;C:\Users\yashaswini.hs\.m2\repository\net\bytebuddy\byte-buddy\1.18.7\byte-buddy-1.18.7.jar;C:\Users\yashaswini.hs\.m2\repository\jakarta\xml\bind\jakarta.xml.bind-api\4.0.4\jakarta.xml.bind-api-4.0.4.jar;C:\Users\yashaswini.hs\.m2\repository\jakarta\activation\jakarta.activation-api\2.1.4\jakarta.activation-api-2.1.4.jar;C:\Users\yashaswini.hs\.m2\repository\org\glassfish\jaxb\jaxb-runtime\4.0.6\jaxb-runtime-4.0.6.jar;C:\Users\yashaswini.hs\.m2\repository\org\glassfish\jaxb\jaxb-core\4.0.6\jaxb-core-4.0.6.jar;C:\Users\yashaswini.hs\.m2\repository\org\eclipse\angus\angus-activation\2.0.3\angus-activation-2.0.3.jar;C:\Users\yashaswini.hs\.m2\repository\org\glassfish\jaxb\txw2\4.0.6\txw2-4.0.6.jar;C:\Users\yashaswini.hs\.m2\repository\com\sun\istack\istack-commons-runtime\4.1.2\istack-commons-runtime-4.1.2.jar;C:\Users\yashaswini.hs\.m2\repository\jakarta\inject\jakarta.inject-api\2.0.1\jakarta.inject-api-2.0.1.jar;C:\Users\yashaswini.hs\.m2\repository\org\antlr\antlr4-runtime\4.13.2\antlr4-runtime-4.13.2.jar;C:\Users\yashaswini.hs\.m2\repository\org\apache\logging\log4j\log4j-core\2.17.1\log4j-core-2.17.1.jar;C:\Users\yashaswini.hs\.m2\repository\org\apache\logging\log4j\log4j-api\2.17.1\log4j-api-2.17.1.jar;C:\Users\yashaswini.hs\.m2\repository\org\apache\logging\log4j\log4j-slf4j-impl\2.17.1\log4j-slf4j-impl-2.17.1.jar;C:\Users\yashaswini.hs\.m2\repository\org\slf4j\slf4j-api\1.7.25\slf4j-api-1.7.25.jar, java.vm.vendor=Eclipse Adoptium, sun.arch.data.model=64, hbm2ddl.auto=update, user.variant=, java.vendor.url=https://adoptium.net/, user.timezone=Asia/Calcutta, java.vm.specification.version=25, os.name=Windows 11, sun.java.launcher=SUN_STANDARD, user.country=US, sun.boot.library.path=C:\Users\yashaswini.hs\Downloads\sts-5.1.1.RELEASE\plugins\org.eclipse.justj.openjdk.hotspot.jre.full.win32.x86_64_25.0.2.v20260203-1141\jre\bin, sun.java.command=com.test.NamedQry, jdk.debug=release, sun.cpu.endian=little, user.home=C:\Users\yashaswini.hs, user.language=en, java.specification.vendor=Oracle Corporation, java.version.date=2026-01-20, java.home=C:\Users\yashaswini.hs\Downloads\sts-5.1.1.RELEASE\plugins\org.eclipse.justj.openjdk.hotspot.jre.full.win32.x86_64_25.0.2.v20260203-1141\jre, file.separator=\, java.vm.compressedOopsMode=Zero based, line.separator=
, java.vm.specification.vendor=Oracle Corporation, java.specification.name=Java Platform API Specification, hibernate.hbm2ddl.auto=update, user.script=, sun.management.compiler=HotSpot 64-Bit Tiered Compilers, java.runtime.version=25.0.2+10-LTS, user.name=yashaswini.hs, stdout.encoding=UTF-8, path.separator=;, hibernate.connection.username=****, os.version=10.0, java.runtime.name=OpenJDK Runtime Environment, hibernate.connection.url=jdbc:mysql://localhost:3306/mla, file.encoding=UTF-8, format_sql=true, java.vm.name=OpenJDK 64-Bit Server VM, hibernate.show_sql=true, java.vendor.version=Temurin-25.0.2+10, show_sql=true, hibernate.connection.driver_class=com.mysql.cj.jdbc.Driver, java.vendor.url.bug=https://github.com/adoptium/adoptium-support/issues, java.io.tmpdir=C:\Users\YASHAS~1.HS\AppData\Local\Temp\, java.version=25.0.2, user.dir=C:\Users\yashaswini.hs\Desktop\Spring-advance\Assignment, os.arch=amd64, java.vm.specification.name=Java Virtual Machine Specification, hibernate.connection.password=****, sun.os.patch.level=, hibernate.boot.CfgXmlAccessService.key=org.hibernate.boot.cfgxml.spi.LoadedConfig@6e243175, native.encoding=Cp1252, java.library.path=C:\Users\yashaswini.hs\Downloads\sts-5.1.1.RELEASE\plugins\org.eclipse.justj.openjdk.hotspot.jre.full.win32.x86_64_25.0.2.v20260203-1141\jre\bin;C:\WINDOWS\Sun\Java\bin;C:\WINDOWS\system32;C:\WINDOWS;C:/Users/yashaswini.hs/Downloads/sts-5.1.1.RELEASE//plugins/org.eclipse.justj.openjdk.hotspot.jre.full.win32.x86_64_25.0.2.v20260203-1141/jre/bin/server;C:/Users/yashaswini.hs/Downloads/sts-5.1.1.RELEASE//plugins/org.eclipse.justj.openjdk.hotspot.jre.full.win32.x86_64_25.0.2.v20260203-1141/jre/bin;C:\Program Files\Microsoft\jdk-11.0.23.9-hotspot\bin;C:\Program Files\Microsoft\jdk-17.0.15.6-hotspot\bin;C:\Program Files\Python313\Scripts\;C:\Program Files\Python313\;%SystemRoot%\system32;%SystemRoot%;%SystemRoot%\System32\Wbem;%SYSTEMROOT%\System32\WindowsPowerShell\v1.0\;%SYSTEMROOT%\System32\OpenSSH\;C:\Program Files\Git\cmd;C:\Program Files\dotnet\;C:\Program Files\apache-maven-3.9.10\bin;C:\Program Files\nodejs\;C:\Program Files\Microsoft VS Code\bin;C:\Program Files\PuTTY\;C:\Program Files (x86)\Microsoft SQL Server\160\DTS\Binn\;C:\Program Files (x86)\Microsoft SQL Server\160\Tools\Binn\;C:\Program Files\Microsoft SQL Server\160\Tools\Binn\;C:\Program Files\Microsoft SQL Server\Client SDK\ODBC\170\Tools\Binn\;C:\Program Files\Microsoft SQL Server\160\DTS\Binn\;C:\Program Files\apache-maven-3.9.10\bin;C:\Program Files\apache-maven-3.9.10\bin;C:\Program Files\apache-maven-3.9.10\bin;C:\Users\yashaswini.hs\AppData\Local\Microsoft\WindowsApps;;C:\Users\yashaswini.hs\Downloads\sts-5.1.1.RELEASE;;., stderr.encoding=UTF-8, java.vendor=Eclipse Adoptium, java.vm.info=mixed mode, sharing, stdin.encoding=Cp1252, java.vm.version=25.0.2+10-LTS, sun.io.unicode.encoding=UnicodeLittle, java.class.version=69.0}
2026-03-25 17:43:00 DEBUG HQL_FUNCTIONS:155 - Available HQL Functions:
	abs(NUMERIC arg)
	Double acos(NUMERIC arg)
	adddate(DATE datetime, INTEGER days)
	addtime(TIME datetime, TIME time)
	Boolean any(BOOLEAN arg)
	Integer ascii(STRING arg)
	Double asin(NUMERIC arg)
	Double atan(NUMERIC arg)
	Double atan2(NUMERIC arg0, NUMERIC arg1)
	avg(arg)
	bit_and(arg)
	Integer bit_length(STRING_OR_CLOB arg)
	bit_or(arg)
	bitand(arg0, arg1)
	bitnot(arg)
	bitor(arg0, arg1)
	bitxor(arg0, arg1)
	cast(arg as Type)
	ceiling(NUMERIC arg)
	Character char(INTEGER arg)
	Integer character_length(STRING_OR_CLOB arg)
	Character chr(INTEGER arg)
	coalesce(arg0[, arg1[, ...]])
	String collate(STRING string as COLLATION collation)
	String concat(STRING string0[, STRING string1[, ...]])
	Double cos(NUMERIC arg)
	Double cosh(NUMERIC arg)
	Double cot(NUMERIC arg)
	Long count([distinct ]{arg|*})
	Integer crc32(arg)
	Double cume_dist([arg0[, ...]])
	Date curdate()
	Date current date
	Date current time
	Date current timestamp
	Date current_date
	Instant current_instant
	Date current_time
	Date current_timestamp
	Date curtime()
	Date date(arg)
	dateadd(TEMPORAL_UNIT field, INTEGER magnitude, TEMPORAL datetime)
	Integer datediff(DATE end, DATE start)
	Integer day(DATE arg)
	String dayname(DATE arg)
	Integer dayofmonth(DATE arg)
	Integer dayofweek(DATE arg)
	Integer dayofyear(DATE arg)
	Double degrees(NUMERIC arg)
	Long dense_rank([arg0[, ...]])
	Boolean every(BOOLEAN arg)
	Double exp(NUMERIC arg)
	extract(TEMPORAL_UNIT field from TEMPORAL arg)
	first_valueANY value
	floor(NUMERIC arg)
	String format(TEMPORAL datetime as STRING pattern)
	greatest(COMPARABLE arg0, COMPARABLE arg1[, arg2[, ...]])
	String hex(arg)
	Integer hour(TIME arg)
	ifnull(arg0, arg1)
	String insert(STRING string, INTEGER start, INTEGER length, STRING replacement)
	Instant instant
	Integer instr(STRING string, STRING pattern[, INTEGER start[, INTEGER occurrence]])
	String json_array([arg0[, ...]])
	String json_array_append(IMPLICIT_JSON arg0, STRING arg1, ANY arg2)
	String json_array_insert(IMPLICIT_JSON arg0, STRING arg1, ANY arg2)
	String json_arrayagg(arg0[, arg1])
	Boolean json_exists(IMPLICIT_JSON arg0, STRING arg1)
	String json_insert(IMPLICIT_JSON arg0, STRING arg1, ANY arg2)
	String json_mergepatch(IMPLICIT_JSON arg0, IMPLICIT_JSON arg1[, arg2[, ...]])
	String json_object( ... )
	String json_objectagg(arg0, arg1[, arg2, arg3])
	String json_query( ... )
	String json_remove(IMPLICIT_JSON arg0, STRING arg1)
	String json_replace(IMPLICIT_JSON arg0, STRING arg1, ANY arg2)
	String json_set(IMPLICIT_JSON arg0, STRING arg1, ANY arg2)
	json_value( ... )
	lagANY value[, INTEGER offset[, ANY default]]
	Date last_day(DATE arg)
	last_valueANY value
	leadANY value[, INTEGER offset[, ANY default]]
	least(COMPARABLE arg0, COMPARABLE arg1[, arg2[, ...]])
	String left(STRING string, INTEGER length)
	Integer length(STRING_OR_CLOB arg)
	String listagg(STRING arg0, STRING arg1)
	Double ln(NUMERIC arg)
	LocalDate local date
	LocalDateTime local datetime
	LocalTime local time
	LocalDate local_date
	LocalDateTime local_datetime
	LocalTime local_time
	Date localtime
	Date localtimestamp
	Integer locate(STRING pattern, STRING string[, INTEGER start])
	Double log(NUMERIC arg0[, NUMERIC arg1])
	Double log10(NUMERIC arg)
	Double log2(NUMERIC arg)
	String lower(STRING string)
	String lpad(string, length[, padding])
	String ltrim(STRING string[, STRING characters])
	Date makedate(INTEGER year, INTEGER dayofyear)
	Date maketime(INTEGER hour, INTEGER min, INTEGER sec)
	max(COMPARABLE arg)
	byte[] md5(arg)
	Integer microsecond(TIME arg)
	min(COMPARABLE arg)
	Integer minute(TIME arg)
	Integer mod(INTEGER arg0, INTEGER arg1)
	Integer month(DATE arg)
	String monthname(DATE arg)
	Date now()
	nth_valueANY value, INTEGER nth
	nullif(arg0, arg1)
	Integer octet_length(STRING_OR_CLOB arg)
	OffsetDateTime offset datetime
	OffsetDateTime offset_datetime
	Integer ordinal(ENUM arg)
	String overlay(STRING string placing STRING replacement from INTEGER start[ for INTEGER length])
	String pad(STRING string with INTEGER length {leading|trailing}[ STRING character])
	Double percent_rank([arg0[, ...]])
	Double pi
	Integer position(STRING pattern in STRING string)
	Double power(NUMERIC arg0, NUMERIC arg1)
	Integer quarter(DATE arg)
	Double radians(NUMERIC arg)
	Double rand([INTEGER seed])
	Long rank([arg0[, ...]])
	Boolean regexp_like(STRING arg0, STRING arg1[, STRING arg2])
	String repeat(STRING string, INTEGER times)
	String replace(STRING string, STRING pattern, STRING replacement)
	String reverse(STRING arg)
	String right(STRING string, INTEGER length)
	round(NUMERIC number[, INTEGER places])
	Long row_number()
	String rpad(string, length[, padding])
	String rtrim(STRING string[, STRING characters])
	Integer second(TIME arg)
	byte[] sha(arg)
	String sha1(arg)
	String sha2(arg0, arg1)
	Integer sign(NUMERIC arg)
	Double sin(NUMERIC arg)
	Double sinh(NUMERIC arg)
	String soundex(arg)
	String space(INTEGER arg)
	sql
	Double sqrt(NUMERIC arg)
	Double stddev(NUMERIC arg)
	Double stddev_pop(NUMERIC arg)
	Double stddev_samp(NUMERIC arg)
	String str(arg)
	String string(ENUM arg)
	subdate(DATE datetime, INTEGER days)
	String substr(STRING string, INTEGER start[, INTEGER length])
	String substring(STRING string{ from|,} INTEGER start[{ for|,} INTEGER length])
	subtime(TIME datetime, TIME time)
	sum(arg)
	Date sysdate()
	Double tan(NUMERIC arg)
	Double tanh(NUMERIC arg)
	String time(arg)
	Date timestamp(arg0[, arg1])
	timestampadd(TEMPORAL_UNIT field, INTEGER magnitude, TEMPORAL datetime)
	Long|Double timestampdiff(TEMPORAL_UNIT field, TEMPORAL start, TEMPORAL end)
	String trim([[{leading|trailing|both} ][STRING arg0 ]from] STRING arg1)
	trunc( ... )
	truncate( ... )
	String upper(STRING string)
	Date utc_date
	Date utc_time
	Date utc_timestamp
	Double var_pop(NUMERIC arg)
	Double var_samp(NUMERIC arg)
	Double variance(NUMERIC arg)
	Integer week(DATE arg)
	Integer year(DATE arg)

2026-03-25 17:43:00 DEBUG core:211 - HHH000513: Unable to create the ReflectionOptimizer for [com.test.College]: private accessor [clg_city]
2026-03-25 17:43:00 INFO  core:53 - HHH000489: No JTA platform available (set 'hibernate.transaction.jta.platform' to enable JTA platform integration)
2026-03-25 17:43:00 DEBUG service:102 - HHH010454: EventListenerRegistry access via ServiceRegistry is deprecated - use 'sessionFactory.getEventEngine().getListenerRegistry()' instead
2026-03-25 17:43:01 DEBUG Table:101 - No alter strings for table: college
2026-03-25 17:43:01 DEBUG Table:101 - No alter strings for table: college_SEQ
2026-03-25 17:43:01 DEBUG factoryRegistry:86 - HHH020384: Registering SessionFactory [627b809c-5ffe-4031-996e-b96661efb215] (<unnamed>)
2026-03-25 17:43:01 DEBUG core:151 - HHH006588: Opening session [tenant=null]
2026-03-25 17:43:01 DEBUG core:74 - HHH006583: Beginning transaction
2026-03-25 17:43:01 DEBUG SQL:126 - 
    select
        c1_0.id,
        c1_0.clg_city,
        c1_0.clg_name,
        c1_0.clg_pincode,
        c1_0.year 
    from
        college c1_0 
    where
        c1_0.clg_city=?
2026-03-25 17:43:01 DEBUG metrics:277 - HHH000401: Logging session metrics:
	678400 ns acquiring 1 JDBC connections
	0 ns releasing 0 JDBC connections
	204000 ns preparing 1 JDBC statements
	1383400 ns executing 1 JDBC statements
	0 ns executing 0 JDBC batches
	0 ns performing 0 second-level cache puts
	0 ns performing 0 second-level cache hits
	0 ns performing 0 second-level cache misses
	0 ns executing 0 flushes (flushing a total of 0 entities and 0 collections)
	211700 ns executing 1 pre-partial-flushes
	204600 ns executing 1 partial-flushes (flushing a total of 0 entities and 0 collections)

2026-03-25 17:43:58 DEBUG service:41 - HHH010455: Adding integrator: org.hibernate.boot.beanvalidation.BeanValidationIntegrator
2026-03-25 17:43:58 DEBUG service:41 - HHH010455: Adding integrator: org.hibernate.cache.internal.CollectionCacheInvalidator
2026-03-25 17:43:58 INFO  core:41 - HHH000001: Hibernate ORM core version 7.3.0.Final
2026-03-25 17:43:58 DEBUG core:155 - HHH000206: 'hibernate.properties' not found
2026-03-25 17:43:58 DEBUG boot:97 - HHH160204: cfg.xml document did not define namespaces; wrapping in custom event reader to introduce namespace information
2026-03-25 17:43:58 DEBUG cache:116 - HHH90001031: Cannot default RegionFactory since no RegionFactory strategies were registered
2026-03-25 17:43:58 DEBUG cache:46 - HHH90001029: Second-level cache disabled
2026-03-25 17:43:58 WARN  pooling:86 - HHH10001002: Using built-in connection pool (not intended for production use)
2026-03-25 17:43:59 DEBUG pooling:34 - HHH10001014: Initializing connection pool with 1 connections
2026-03-25 17:43:59 DEBUG jdbc:457 - HHH100017: Database:
	name: MySQL
	version: 8.0.42
	major: 8
	minor: 0
2026-03-25 17:43:59 DEBUG jdbc:463 - HHH100018: Driver:
	name: MySQL Connector/J
	version: mysql-connector-j-8.0.33 (Revision: 7d6b0800528b6b25c68b52dc10d6c1c8429c100c)
	major: 8
	minor: 0
	JDBC version: 4.2
2026-03-25 17:43:59 WARN  deprecation:152 - HHH90000025: MySQLDialect does not need to be specified explicitly using 'hibernate.dialect' (remove the property setting and it will be selected by default)
2026-03-25 17:43:59 DEBUG dialect:93 - HHH035001: Using dialect: org.hibernate.dialect.MySQLDialect, version: 8.0.42
2026-03-25 17:43:59 DEBUG IdentifierHelperBuilder:205 - IdentifierCaseStrategy for both quoted and unquoted identifiers was set to the same strategy [LOWER]; that will likely lead to problems in schema update and validation if using quoted identifiers
2026-03-25 17:43:59 DEBUG jdbc:379 - HHH100122: Using default JDBC fetch size: 0
2026-03-25 17:43:59 INFO  pooling:179 - HHH10001005: Database info:
	Database JDBC URL [jdbc:mysql://localhost:3306/mla]
	Database driver: MySQL Connector/J
	Database dialect: MySQLDialect
	Database version: 8.0.42
	Default catalog/schema: mla/undefined
	Autocommit mode: false
	Isolation level: REPEATABLE_READ
	JDBC fetch size: none
	Pool: DriverManagerConnectionProvider
	Minimum pool size: 1
	Maximum pool size: 20
2026-03-25 17:43:59 DEBUG factory:230 - HHH90020001: Instantiating factory [f5760fd5-4243-486e-89e2-b53c837ea71e] with settings: {hibernate.format_sql=true, java.specification.version=25, sun.cpu.isalist=amd64, sun.jnu.encoding=Cp1252, hibernate.dialect=org.hibernate.dialect.MySQLDialect, java.class.path=C:\Users\yashaswini.hs\Desktop\Spring-advance\Assignment\target\classes;C:\Users\yashaswini.hs\.m2\repository\com\mysql\mysql-connector-j\8.0.33\mysql-connector-j-8.0.33.jar;C:\Users\yashaswini.hs\.m2\repository\com\google\protobuf\protobuf-java\3.21.9\protobuf-java-3.21.9.jar;C:\Users\yashaswini.hs\.m2\repository\org\hibernate\orm\hibernate-core\7.3.0.Final\hibernate-core-7.3.0.Final.jar;C:\Users\yashaswini.hs\.m2\repository\jakarta\persistence\jakarta.persistence-api\3.2.0\jakarta.persistence-api-3.2.0.jar;C:\Users\yashaswini.hs\.m2\repository\jakarta\transaction\jakarta.transaction-api\2.0.1\jakarta.transaction-api-2.0.1.jar;C:\Users\yashaswini.hs\.m2\repository\org\jboss\logging\jboss-logging\3.6.1.Final\jboss-logging-3.6.1.Final.jar;C:\Users\yashaswini.hs\.m2\repository\org\hibernate\models\hibernate-models\1.1.0\hibernate-models-1.1.0.jar;C:\Users\yashaswini.hs\.m2\repository\net\bytebuddy\byte-buddy\1.18.7\byte-buddy-1.18.7.jar;C:\Users\yashaswini.hs\.m2\repository\jakarta\xml\bind\jakarta.xml.bind-api\4.0.4\jakarta.xml.bind-api-4.0.4.jar;C:\Users\yashaswini.hs\.m2\repository\jakarta\activation\jakarta.activation-api\2.1.4\jakarta.activation-api-2.1.4.jar;C:\Users\yashaswini.hs\.m2\repository\org\glassfish\jaxb\jaxb-runtime\4.0.6\jaxb-runtime-4.0.6.jar;C:\Users\yashaswini.hs\.m2\repository\org\glassfish\jaxb\jaxb-core\4.0.6\jaxb-core-4.0.6.jar;C:\Users\yashaswini.hs\.m2\repository\org\eclipse\angus\angus-activation\2.0.3\angus-activation-2.0.3.jar;C:\Users\yashaswini.hs\.m2\repository\org\glassfish\jaxb\txw2\4.0.6\txw2-4.0.6.jar;C:\Users\yashaswini.hs\.m2\repository\com\sun\istack\istack-commons-runtime\4.1.2\istack-commons-runtime-4.1.2.jar;C:\Users\yashaswini.hs\.m2\repository\jakarta\inject\jakarta.inject-api\2.0.1\jakarta.inject-api-2.0.1.jar;C:\Users\yashaswini.hs\.m2\repository\org\antlr\antlr4-runtime\4.13.2\antlr4-runtime-4.13.2.jar;C:\Users\yashaswini.hs\.m2\repository\org\apache\logging\log4j\log4j-core\2.17.1\log4j-core-2.17.1.jar;C:\Users\yashaswini.hs\.m2\repository\org\apache\logging\log4j\log4j-api\2.17.1\log4j-api-2.17.1.jar;C:\Users\yashaswini.hs\.m2\repository\org\apache\logging\log4j\log4j-slf4j-impl\2.17.1\log4j-slf4j-impl-2.17.1.jar;C:\Users\yashaswini.hs\.m2\repository\org\slf4j\slf4j-api\1.7.25\slf4j-api-1.7.25.jar, java.vm.vendor=Eclipse Adoptium, sun.arch.data.model=64, hbm2ddl.auto=update, user.variant=, java.vendor.url=https://adoptium.net/, user.timezone=Asia/Calcutta, java.vm.specification.version=25, os.name=Windows 11, sun.java.launcher=SUN_STANDARD, user.country=US, sun.boot.library.path=C:\Users\yashaswini.hs\Downloads\sts-5.1.1.RELEASE\plugins\org.eclipse.justj.openjdk.hotspot.jre.full.win32.x86_64_25.0.2.v20260203-1141\jre\bin, sun.java.command=com.test.NamedQry, jdk.debug=release, sun.cpu.endian=little, user.home=C:\Users\yashaswini.hs, user.language=en, java.specification.vendor=Oracle Corporation, java.version.date=2026-01-20, java.home=C:\Users\yashaswini.hs\Downloads\sts-5.1.1.RELEASE\plugins\org.eclipse.justj.openjdk.hotspot.jre.full.win32.x86_64_25.0.2.v20260203-1141\jre, file.separator=\, java.vm.compressedOopsMode=Zero based, line.separator=
, java.vm.specification.vendor=Oracle Corporation, java.specification.name=Java Platform API Specification, hibernate.hbm2ddl.auto=update, user.script=, sun.management.compiler=HotSpot 64-Bit Tiered Compilers, java.runtime.version=25.0.2+10-LTS, user.name=yashaswini.hs, stdout.encoding=UTF-8, path.separator=;, hibernate.connection.username=****, os.version=10.0, java.runtime.name=OpenJDK Runtime Environment, hibernate.connection.url=jdbc:mysql://localhost:3306/mla, file.encoding=UTF-8, format_sql=true, java.vm.name=OpenJDK 64-Bit Server VM, hibernate.show_sql=true, java.vendor.version=Temurin-25.0.2+10, show_sql=true, hibernate.connection.driver_class=com.mysql.cj.jdbc.Driver, java.vendor.url.bug=https://github.com/adoptium/adoptium-support/issues, java.io.tmpdir=C:\Users\YASHAS~1.HS\AppData\Local\Temp\, java.version=25.0.2, user.dir=C:\Users\yashaswini.hs\Desktop\Spring-advance\Assignment, os.arch=amd64, java.vm.specification.name=Java Virtual Machine Specification, hibernate.connection.password=****, sun.os.patch.level=, hibernate.boot.CfgXmlAccessService.key=org.hibernate.boot.cfgxml.spi.LoadedConfig@6e243175, native.encoding=Cp1252, java.library.path=C:\Users\yashaswini.hs\Downloads\sts-5.1.1.RELEASE\plugins\org.eclipse.justj.openjdk.hotspot.jre.full.win32.x86_64_25.0.2.v20260203-1141\jre\bin;C:\WINDOWS\Sun\Java\bin;C:\WINDOWS\system32;C:\WINDOWS;C:/Users/yashaswini.hs/Downloads/sts-5.1.1.RELEASE//plugins/org.eclipse.justj.openjdk.hotspot.jre.full.win32.x86_64_25.0.2.v20260203-1141/jre/bin/server;C:/Users/yashaswini.hs/Downloads/sts-5.1.1.RELEASE//plugins/org.eclipse.justj.openjdk.hotspot.jre.full.win32.x86_64_25.0.2.v20260203-1141/jre/bin;C:\Program Files\Microsoft\jdk-11.0.23.9-hotspot\bin;C:\Program Files\Microsoft\jdk-17.0.15.6-hotspot\bin;C:\Program Files\Python313\Scripts\;C:\Program Files\Python313\;%SystemRoot%\system32;%SystemRoot%;%SystemRoot%\System32\Wbem;%SYSTEMROOT%\System32\WindowsPowerShell\v1.0\;%SYSTEMROOT%\System32\OpenSSH\;C:\Program Files\Git\cmd;C:\Program Files\dotnet\;C:\Program Files\apache-maven-3.9.10\bin;C:\Program Files\nodejs\;C:\Program Files\Microsoft VS Code\bin;C:\Program Files\PuTTY\;C:\Program Files (x86)\Microsoft SQL Server\160\DTS\Binn\;C:\Program Files (x86)\Microsoft SQL Server\160\Tools\Binn\;C:\Program Files\Microsoft SQL Server\160\Tools\Binn\;C:\Program Files\Microsoft SQL Server\Client SDK\ODBC\170\Tools\Binn\;C:\Program Files\Microsoft SQL Server\160\DTS\Binn\;C:\Program Files\apache-maven-3.9.10\bin;C:\Program Files\apache-maven-3.9.10\bin;C:\Program Files\apache-maven-3.9.10\bin;C:\Users\yashaswini.hs\AppData\Local\Microsoft\WindowsApps;;C:\Users\yashaswini.hs\Downloads\sts-5.1.1.RELEASE;;., stderr.encoding=UTF-8, java.vendor=Eclipse Adoptium, java.vm.info=mixed mode, sharing, stdin.encoding=Cp1252, java.vm.version=25.0.2+10-LTS, sun.io.unicode.encoding=UnicodeLittle, java.class.version=69.0}
2026-03-25 17:43:59 DEBUG HQL_FUNCTIONS:155 - Available HQL Functions:
	abs(NUMERIC arg)
	Double acos(NUMERIC arg)
	adddate(DATE datetime, INTEGER days)
	addtime(TIME datetime, TIME time)
	Boolean any(BOOLEAN arg)
	Integer ascii(STRING arg)
	Double asin(NUMERIC arg)
	Double atan(NUMERIC arg)
	Double atan2(NUMERIC arg0, NUMERIC arg1)
	avg(arg)
	bit_and(arg)
	Integer bit_length(STRING_OR_CLOB arg)
	bit_or(arg)
	bitand(arg0, arg1)
	bitnot(arg)
	bitor(arg0, arg1)
	bitxor(arg0, arg1)
	cast(arg as Type)
	ceiling(NUMERIC arg)
	Character char(INTEGER arg)
	Integer character_length(STRING_OR_CLOB arg)
	Character chr(INTEGER arg)
	coalesce(arg0[, arg1[, ...]])
	String collate(STRING string as COLLATION collation)
	String concat(STRING string0[, STRING string1[, ...]])
	Double cos(NUMERIC arg)
	Double cosh(NUMERIC arg)
	Double cot(NUMERIC arg)
	Long count([distinct ]{arg|*})
	Integer crc32(arg)
	Double cume_dist([arg0[, ...]])
	Date curdate()
	Date current date
	Date current time
	Date current timestamp
	Date current_date
	Instant current_instant
	Date current_time
	Date current_timestamp
	Date curtime()
	Date date(arg)
	dateadd(TEMPORAL_UNIT field, INTEGER magnitude, TEMPORAL datetime)
	Integer datediff(DATE end, DATE start)
	Integer day(DATE arg)
	String dayname(DATE arg)
	Integer dayofmonth(DATE arg)
	Integer dayofweek(DATE arg)
	Integer dayofyear(DATE arg)
	Double degrees(NUMERIC arg)
	Long dense_rank([arg0[, ...]])
	Boolean every(BOOLEAN arg)
	Double exp(NUMERIC arg)
	extract(TEMPORAL_UNIT field from TEMPORAL arg)
	first_valueANY value
	floor(NUMERIC arg)
	String format(TEMPORAL datetime as STRING pattern)
	greatest(COMPARABLE arg0, COMPARABLE arg1[, arg2[, ...]])
	String hex(arg)
	Integer hour(TIME arg)
	ifnull(arg0, arg1)
	String insert(STRING string, INTEGER start, INTEGER length, STRING replacement)
	Instant instant
	Integer instr(STRING string, STRING pattern[, INTEGER start[, INTEGER occurrence]])
	String json_array([arg0[, ...]])
	String json_array_append(IMPLICIT_JSON arg0, STRING arg1, ANY arg2)
	String json_array_insert(IMPLICIT_JSON arg0, STRING arg1, ANY arg2)
	String json_arrayagg(arg0[, arg1])
	Boolean json_exists(IMPLICIT_JSON arg0, STRING arg1)
	String json_insert(IMPLICIT_JSON arg0, STRING arg1, ANY arg2)
	String json_mergepatch(IMPLICIT_JSON arg0, IMPLICIT_JSON arg1[, arg2[, ...]])
	String json_object( ... )
	String json_objectagg(arg0, arg1[, arg2, arg3])
	String json_query( ... )
	String json_remove(IMPLICIT_JSON arg0, STRING arg1)
	String json_replace(IMPLICIT_JSON arg0, STRING arg1, ANY arg2)
	String json_set(IMPLICIT_JSON arg0, STRING arg1, ANY arg2)
	json_value( ... )
	lagANY value[, INTEGER offset[, ANY default]]
	Date last_day(DATE arg)
	last_valueANY value
	leadANY value[, INTEGER offset[, ANY default]]
	least(COMPARABLE arg0, COMPARABLE arg1[, arg2[, ...]])
	String left(STRING string, INTEGER length)
	Integer length(STRING_OR_CLOB arg)
	String listagg(STRING arg0, STRING arg1)
	Double ln(NUMERIC arg)
	LocalDate local date
	LocalDateTime local datetime
	LocalTime local time
	LocalDate local_date
	LocalDateTime local_datetime
	LocalTime local_time
	Date localtime
	Date localtimestamp
	Integer locate(STRING pattern, STRING string[, INTEGER start])
	Double log(NUMERIC arg0[, NUMERIC arg1])
	Double log10(NUMERIC arg)
	Double log2(NUMERIC arg)
	String lower(STRING string)
	String lpad(string, length[, padding])
	String ltrim(STRING string[, STRING characters])
	Date makedate(INTEGER year, INTEGER dayofyear)
	Date maketime(INTEGER hour, INTEGER min, INTEGER sec)
	max(COMPARABLE arg)
	byte[] md5(arg)
	Integer microsecond(TIME arg)
	min(COMPARABLE arg)
	Integer minute(TIME arg)
	Integer mod(INTEGER arg0, INTEGER arg1)
	Integer month(DATE arg)
	String monthname(DATE arg)
	Date now()
	nth_valueANY value, INTEGER nth
	nullif(arg0, arg1)
	Integer octet_length(STRING_OR_CLOB arg)
	OffsetDateTime offset datetime
	OffsetDateTime offset_datetime
	Integer ordinal(ENUM arg)
	String overlay(STRING string placing STRING replacement from INTEGER start[ for INTEGER length])
	String pad(STRING string with INTEGER length {leading|trailing}[ STRING character])
	Double percent_rank([arg0[, ...]])
	Double pi
	Integer position(STRING pattern in STRING string)
	Double power(NUMERIC arg0, NUMERIC arg1)
	Integer quarter(DATE arg)
	Double radians(NUMERIC arg)
	Double rand([INTEGER seed])
	Long rank([arg0[, ...]])
	Boolean regexp_like(STRING arg0, STRING arg1[, STRING arg2])
	String repeat(STRING string, INTEGER times)
	String replace(STRING string, STRING pattern, STRING replacement)
	String reverse(STRING arg)
	String right(STRING string, INTEGER length)
	round(NUMERIC number[, INTEGER places])
	Long row_number()
	String rpad(string, length[, padding])
	String rtrim(STRING string[, STRING characters])
	Integer second(TIME arg)
	byte[] sha(arg)
	String sha1(arg)
	String sha2(arg0, arg1)
	Integer sign(NUMERIC arg)
	Double sin(NUMERIC arg)
	Double sinh(NUMERIC arg)
	String soundex(arg)
	String space(INTEGER arg)
	sql
	Double sqrt(NUMERIC arg)
	Double stddev(NUMERIC arg)
	Double stddev_pop(NUMERIC arg)
	Double stddev_samp(NUMERIC arg)
	String str(arg)
	String string(ENUM arg)
	subdate(DATE datetime, INTEGER days)
	String substr(STRING string, INTEGER start[, INTEGER length])
	String substring(STRING string{ from|,} INTEGER start[{ for|,} INTEGER length])
	subtime(TIME datetime, TIME time)
	sum(arg)
	Date sysdate()
	Double tan(NUMERIC arg)
	Double tanh(NUMERIC arg)
	String time(arg)
	Date timestamp(arg0[, arg1])
	timestampadd(TEMPORAL_UNIT field, INTEGER magnitude, TEMPORAL datetime)
	Long|Double timestampdiff(TEMPORAL_UNIT field, TEMPORAL start, TEMPORAL end)
	String trim([[{leading|trailing|both} ][STRING arg0 ]from] STRING arg1)
	trunc( ... )
	truncate( ... )
	String upper(STRING string)
	Date utc_date
	Date utc_time
	Date utc_timestamp
	Double var_pop(NUMERIC arg)
	Double var_samp(NUMERIC arg)
	Double variance(NUMERIC arg)
	Integer week(DATE arg)
	Integer year(DATE arg)

2026-03-25 17:43:59 DEBUG core:211 - HHH000513: Unable to create the ReflectionOptimizer for [com.test.College]: private accessor [clg_city]
2026-03-25 17:44:00 INFO  core:53 - HHH000489: No JTA platform available (set 'hibernate.transaction.jta.platform' to enable JTA platform integration)
2026-03-25 17:44:00 DEBUG service:102 - HHH010454: EventListenerRegistry access via ServiceRegistry is deprecated - use 'sessionFactory.getEventEngine().getListenerRegistry()' instead
2026-03-25 17:44:00 DEBUG Table:101 - No alter strings for table: colleg
2026-03-25 17:44:00 DEBUG Table:101 - No alter strings for table: colleg_SEQ
2026-03-25 17:44:00 DEBUG factoryRegistry:86 - HHH020384: Registering SessionFactory [f5760fd5-4243-486e-89e2-b53c837ea71e] (<unnamed>)
2026-03-25 17:44:00 DEBUG core:151 - HHH006588: Opening session [tenant=null]
2026-03-25 17:44:00 DEBUG core:74 - HHH006583: Beginning transaction
2026-03-25 17:44:00 DEBUG SQL:126 - 
    select
        c1_0.id,
        c1_0.clg_city,
        c1_0.clg_name,
        c1_0.clg_pincode,
        c1_0.year 
    from
        colleg c1_0 
    where
        c1_0.clg_city=?
2026-03-25 17:44:00 DEBUG metrics:277 - HHH000401: Logging session metrics:
	781300 ns acquiring 1 JDBC connections
	0 ns releasing 0 JDBC connections
	153400 ns preparing 1 JDBC statements
	1388500 ns executing 1 JDBC statements
	0 ns executing 0 JDBC batches
	0 ns performing 0 second-level cache puts
	0 ns performing 0 second-level cache hits
	0 ns performing 0 second-level cache misses
	0 ns executing 0 flushes (flushing a total of 0 entities and 0 collections)
	211800 ns executing 1 pre-partial-flushes
	237100 ns executing 1 partial-flushes (flushing a total of 0 entities and 0 collections)

2026-03-25 17:44:48 DEBUG service:41 - HHH010455: Adding integrator: org.hibernate.boot.beanvalidation.BeanValidationIntegrator
2026-03-25 17:44:48 DEBUG service:41 - HHH010455: Adding integrator: org.hibernate.cache.internal.CollectionCacheInvalidator
2026-03-25 17:44:48 INFO  core:41 - HHH000001: Hibernate ORM core version 7.3.0.Final
2026-03-25 17:44:48 DEBUG core:155 - HHH000206: 'hibernate.properties' not found
2026-03-25 17:44:48 DEBUG boot:97 - HHH160204: cfg.xml document did not define namespaces; wrapping in custom event reader to introduce namespace information
2026-03-25 17:44:48 DEBUG cache:116 - HHH90001031: Cannot default RegionFactory since no RegionFactory strategies were registered
2026-03-25 17:44:48 DEBUG cache:46 - HHH90001029: Second-level cache disabled
2026-03-25 17:44:48 WARN  pooling:86 - HHH10001002: Using built-in connection pool (not intended for production use)
2026-03-25 17:44:49 DEBUG pooling:34 - HHH10001014: Initializing connection pool with 1 connections
2026-03-25 17:44:49 DEBUG jdbc:457 - HHH100017: Database:
	name: MySQL
	version: 8.0.42
	major: 8
	minor: 0
2026-03-25 17:44:49 DEBUG jdbc:463 - HHH100018: Driver:
	name: MySQL Connector/J
	version: mysql-connector-j-8.0.33 (Revision: 7d6b0800528b6b25c68b52dc10d6c1c8429c100c)
	major: 8
	minor: 0
	JDBC version: 4.2
2026-03-25 17:44:49 WARN  deprecation:152 - HHH90000025: MySQLDialect does not need to be specified explicitly using 'hibernate.dialect' (remove the property setting and it will be selected by default)
2026-03-25 17:44:49 DEBUG dialect:93 - HHH035001: Using dialect: org.hibernate.dialect.MySQLDialect, version: 8.0.42
2026-03-25 17:44:49 DEBUG IdentifierHelperBuilder:205 - IdentifierCaseStrategy for both quoted and unquoted identifiers was set to the same strategy [LOWER]; that will likely lead to problems in schema update and validation if using quoted identifiers
2026-03-25 17:44:49 DEBUG jdbc:379 - HHH100122: Using default JDBC fetch size: 0
2026-03-25 17:44:49 INFO  pooling:179 - HHH10001005: Database info:
	Database JDBC URL [jdbc:mysql://localhost:3306/mla]
	Database driver: MySQL Connector/J
	Database dialect: MySQLDialect
	Database version: 8.0.42
	Default catalog/schema: mla/undefined
	Autocommit mode: false
	Isolation level: REPEATABLE_READ
	JDBC fetch size: none
	Pool: DriverManagerConnectionProvider
	Minimum pool size: 1
	Maximum pool size: 20
2026-03-25 17:44:49 DEBUG factory:230 - HHH90020001: Instantiating factory [a5d3ad98-f29f-449d-8752-acb0c17768f7] with settings: {hibernate.format_sql=true, java.specification.version=25, sun.cpu.isalist=amd64, sun.jnu.encoding=Cp1252, hibernate.dialect=org.hibernate.dialect.MySQLDialect, java.class.path=C:\Users\yashaswini.hs\Desktop\Spring-advance\Assignment\target\classes;C:\Users\yashaswini.hs\.m2\repository\com\mysql\mysql-connector-j\8.0.33\mysql-connector-j-8.0.33.jar;C:\Users\yashaswini.hs\.m2\repository\com\google\protobuf\protobuf-java\3.21.9\protobuf-java-3.21.9.jar;C:\Users\yashaswini.hs\.m2\repository\org\hibernate\orm\hibernate-core\7.3.0.Final\hibernate-core-7.3.0.Final.jar;C:\Users\yashaswini.hs\.m2\repository\jakarta\persistence\jakarta.persistence-api\3.2.0\jakarta.persistence-api-3.2.0.jar;C:\Users\yashaswini.hs\.m2\repository\jakarta\transaction\jakarta.transaction-api\2.0.1\jakarta.transaction-api-2.0.1.jar;C:\Users\yashaswini.hs\.m2\repository\org\jboss\logging\jboss-logging\3.6.1.Final\jboss-logging-3.6.1.Final.jar;C:\Users\yashaswini.hs\.m2\repository\org\hibernate\models\hibernate-models\1.1.0\hibernate-models-1.1.0.jar;C:\Users\yashaswini.hs\.m2\repository\net\bytebuddy\byte-buddy\1.18.7\byte-buddy-1.18.7.jar;C:\Users\yashaswini.hs\.m2\repository\jakarta\xml\bind\jakarta.xml.bind-api\4.0.4\jakarta.xml.bind-api-4.0.4.jar;C:\Users\yashaswini.hs\.m2\repository\jakarta\activation\jakarta.activation-api\2.1.4\jakarta.activation-api-2.1.4.jar;C:\Users\yashaswini.hs\.m2\repository\org\glassfish\jaxb\jaxb-runtime\4.0.6\jaxb-runtime-4.0.6.jar;C:\Users\yashaswini.hs\.m2\repository\org\glassfish\jaxb\jaxb-core\4.0.6\jaxb-core-4.0.6.jar;C:\Users\yashaswini.hs\.m2\repository\org\eclipse\angus\angus-activation\2.0.3\angus-activation-2.0.3.jar;C:\Users\yashaswini.hs\.m2\repository\org\glassfish\jaxb\txw2\4.0.6\txw2-4.0.6.jar;C:\Users\yashaswini.hs\.m2\repository\com\sun\istack\istack-commons-runtime\4.1.2\istack-commons-runtime-4.1.2.jar;C:\Users\yashaswini.hs\.m2\repository\jakarta\inject\jakarta.inject-api\2.0.1\jakarta.inject-api-2.0.1.jar;C:\Users\yashaswini.hs\.m2\repository\org\antlr\antlr4-runtime\4.13.2\antlr4-runtime-4.13.2.jar;C:\Users\yashaswini.hs\.m2\repository\org\apache\logging\log4j\log4j-core\2.17.1\log4j-core-2.17.1.jar;C:\Users\yashaswini.hs\.m2\repository\org\apache\logging\log4j\log4j-api\2.17.1\log4j-api-2.17.1.jar;C:\Users\yashaswini.hs\.m2\repository\org\apache\logging\log4j\log4j-slf4j-impl\2.17.1\log4j-slf4j-impl-2.17.1.jar;C:\Users\yashaswini.hs\.m2\repository\org\slf4j\slf4j-api\1.7.25\slf4j-api-1.7.25.jar, java.vm.vendor=Eclipse Adoptium, sun.arch.data.model=64, hbm2ddl.auto=update, user.variant=, java.vendor.url=https://adoptium.net/, user.timezone=Asia/Calcutta, java.vm.specification.version=25, os.name=Windows 11, sun.java.launcher=SUN_STANDARD, user.country=US, sun.boot.library.path=C:\Users\yashaswini.hs\Downloads\sts-5.1.1.RELEASE\plugins\org.eclipse.justj.openjdk.hotspot.jre.full.win32.x86_64_25.0.2.v20260203-1141\jre\bin, sun.java.command=com.test.NamedQry, jdk.debug=release, sun.cpu.endian=little, user.home=C:\Users\yashaswini.hs, user.language=en, java.specification.vendor=Oracle Corporation, java.version.date=2026-01-20, java.home=C:\Users\yashaswini.hs\Downloads\sts-5.1.1.RELEASE\plugins\org.eclipse.justj.openjdk.hotspot.jre.full.win32.x86_64_25.0.2.v20260203-1141\jre, file.separator=\, java.vm.compressedOopsMode=Zero based, line.separator=
, java.vm.specification.vendor=Oracle Corporation, java.specification.name=Java Platform API Specification, hibernate.hbm2ddl.auto=update, user.script=, sun.management.compiler=HotSpot 64-Bit Tiered Compilers, java.runtime.version=25.0.2+10-LTS, user.name=yashaswini.hs, stdout.encoding=UTF-8, path.separator=;, hibernate.connection.username=****, os.version=10.0, java.runtime.name=OpenJDK Runtime Environment, hibernate.connection.url=jdbc:mysql://localhost:3306/mla, file.encoding=UTF-8, format_sql=true, java.vm.name=OpenJDK 64-Bit Server VM, hibernate.show_sql=true, java.vendor.version=Temurin-25.0.2+10, show_sql=true, hibernate.connection.driver_class=com.mysql.cj.jdbc.Driver, java.vendor.url.bug=https://github.com/adoptium/adoptium-support/issues, java.io.tmpdir=C:\Users\YASHAS~1.HS\AppData\Local\Temp\, java.version=25.0.2, user.dir=C:\Users\yashaswini.hs\Desktop\Spring-advance\Assignment, os.arch=amd64, java.vm.specification.name=Java Virtual Machine Specification, hibernate.connection.password=****, sun.os.patch.level=, hibernate.boot.CfgXmlAccessService.key=org.hibernate.boot.cfgxml.spi.LoadedConfig@6e243175, native.encoding=Cp1252, java.library.path=C:\Users\yashaswini.hs\Downloads\sts-5.1.1.RELEASE\plugins\org.eclipse.justj.openjdk.hotspot.jre.full.win32.x86_64_25.0.2.v20260203-1141\jre\bin;C:\WINDOWS\Sun\Java\bin;C:\WINDOWS\system32;C:\WINDOWS;C:/Users/yashaswini.hs/Downloads/sts-5.1.1.RELEASE//plugins/org.eclipse.justj.openjdk.hotspot.jre.full.win32.x86_64_25.0.2.v20260203-1141/jre/bin/server;C:/Users/yashaswini.hs/Downloads/sts-5.1.1.RELEASE//plugins/org.eclipse.justj.openjdk.hotspot.jre.full.win32.x86_64_25.0.2.v20260203-1141/jre/bin;C:\Program Files\Microsoft\jdk-11.0.23.9-hotspot\bin;C:\Program Files\Microsoft\jdk-17.0.15.6-hotspot\bin;C:\Program Files\Python313\Scripts\;C:\Program Files\Python313\;%SystemRoot%\system32;%SystemRoot%;%SystemRoot%\System32\Wbem;%SYSTEMROOT%\System32\WindowsPowerShell\v1.0\;%SYSTEMROOT%\System32\OpenSSH\;C:\Program Files\Git\cmd;C:\Program Files\dotnet\;C:\Program Files\apache-maven-3.9.10\bin;C:\Program Files\nodejs\;C:\Program Files\Microsoft VS Code\bin;C:\Program Files\PuTTY\;C:\Program Files (x86)\Microsoft SQL Server\160\DTS\Binn\;C:\Program Files (x86)\Microsoft SQL Server\160\Tools\Binn\;C:\Program Files\Microsoft SQL Server\160\Tools\Binn\;C:\Program Files\Microsoft SQL Server\Client SDK\ODBC\170\Tools\Binn\;C:\Program Files\Microsoft SQL Server\160\DTS\Binn\;C:\Program Files\apache-maven-3.9.10\bin;C:\Program Files\apache-maven-3.9.10\bin;C:\Program Files\apache-maven-3.9.10\bin;C:\Users\yashaswini.hs\AppData\Local\Microsoft\WindowsApps;;C:\Users\yashaswini.hs\Downloads\sts-5.1.1.RELEASE;;., stderr.encoding=UTF-8, java.vendor=Eclipse Adoptium, java.vm.info=mixed mode, sharing, stdin.encoding=Cp1252, java.vm.version=25.0.2+10-LTS, sun.io.unicode.encoding=UnicodeLittle, java.class.version=69.0}
2026-03-25 17:44:49 DEBUG HQL_FUNCTIONS:155 - Available HQL Functions:
	abs(NUMERIC arg)
	Double acos(NUMERIC arg)
	adddate(DATE datetime, INTEGER days)
	addtime(TIME datetime, TIME time)
	Boolean any(BOOLEAN arg)
	Integer ascii(STRING arg)
	Double asin(NUMERIC arg)
	Double atan(NUMERIC arg)
	Double atan2(NUMERIC arg0, NUMERIC arg1)
	avg(arg)
	bit_and(arg)
	Integer bit_length(STRING_OR_CLOB arg)
	bit_or(arg)
	bitand(arg0, arg1)
	bitnot(arg)
	bitor(arg0, arg1)
	bitxor(arg0, arg1)
	cast(arg as Type)
	ceiling(NUMERIC arg)
	Character char(INTEGER arg)
	Integer character_length(STRING_OR_CLOB arg)
	Character chr(INTEGER arg)
	coalesce(arg0[, arg1[, ...]])
	String collate(STRING string as COLLATION collation)
	String concat(STRING string0[, STRING string1[, ...]])
	Double cos(NUMERIC arg)
	Double cosh(NUMERIC arg)
	Double cot(NUMERIC arg)
	Long count([distinct ]{arg|*})
	Integer crc32(arg)
	Double cume_dist([arg0[, ...]])
	Date curdate()
	Date current date
	Date current time
	Date current timestamp
	Date current_date
	Instant current_instant
	Date current_time
	Date current_timestamp
	Date curtime()
	Date date(arg)
	dateadd(TEMPORAL_UNIT field, INTEGER magnitude, TEMPORAL datetime)
	Integer datediff(DATE end, DATE start)
	Integer day(DATE arg)
	String dayname(DATE arg)
	Integer dayofmonth(DATE arg)
	Integer dayofweek(DATE arg)
	Integer dayofyear(DATE arg)
	Double degrees(NUMERIC arg)
	Long dense_rank([arg0[, ...]])
	Boolean every(BOOLEAN arg)
	Double exp(NUMERIC arg)
	extract(TEMPORAL_UNIT field from TEMPORAL arg)
	first_valueANY value
	floor(NUMERIC arg)
	String format(TEMPORAL datetime as STRING pattern)
	greatest(COMPARABLE arg0, COMPARABLE arg1[, arg2[, ...]])
	String hex(arg)
	Integer hour(TIME arg)
	ifnull(arg0, arg1)
	String insert(STRING string, INTEGER start, INTEGER length, STRING replacement)
	Instant instant
	Integer instr(STRING string, STRING pattern[, INTEGER start[, INTEGER occurrence]])
	String json_array([arg0[, ...]])
	String json_array_append(IMPLICIT_JSON arg0, STRING arg1, ANY arg2)
	String json_array_insert(IMPLICIT_JSON arg0, STRING arg1, ANY arg2)
	String json_arrayagg(arg0[, arg1])
	Boolean json_exists(IMPLICIT_JSON arg0, STRING arg1)
	String json_insert(IMPLICIT_JSON arg0, STRING arg1, ANY arg2)
	String json_mergepatch(IMPLICIT_JSON arg0, IMPLICIT_JSON arg1[, arg2[, ...]])
	String json_object( ... )
	String json_objectagg(arg0, arg1[, arg2, arg3])
	String json_query( ... )
	String json_remove(IMPLICIT_JSON arg0, STRING arg1)
	String json_replace(IMPLICIT_JSON arg0, STRING arg1, ANY arg2)
	String json_set(IMPLICIT_JSON arg0, STRING arg1, ANY arg2)
	json_value( ... )
	lagANY value[, INTEGER offset[, ANY default]]
	Date last_day(DATE arg)
	last_valueANY value
	leadANY value[, INTEGER offset[, ANY default]]
	least(COMPARABLE arg0, COMPARABLE arg1[, arg2[, ...]])
	String left(STRING string, INTEGER length)
	Integer length(STRING_OR_CLOB arg)
	String listagg(STRING arg0, STRING arg1)
	Double ln(NUMERIC arg)
	LocalDate local date
	LocalDateTime local datetime
	LocalTime local time
	LocalDate local_date
	LocalDateTime local_datetime
	LocalTime local_time
	Date localtime
	Date localtimestamp
	Integer locate(STRING pattern, STRING string[, INTEGER start])
	Double log(NUMERIC arg0[, NUMERIC arg1])
	Double log10(NUMERIC arg)
	Double log2(NUMERIC arg)
	String lower(STRING string)
	String lpad(string, length[, padding])
	String ltrim(STRING string[, STRING characters])
	Date makedate(INTEGER year, INTEGER dayofyear)
	Date maketime(INTEGER hour, INTEGER min, INTEGER sec)
	max(COMPARABLE arg)
	byte[] md5(arg)
	Integer microsecond(TIME arg)
	min(COMPARABLE arg)
	Integer minute(TIME arg)
	Integer mod(INTEGER arg0, INTEGER arg1)
	Integer month(DATE arg)
	String monthname(DATE arg)
	Date now()
	nth_valueANY value, INTEGER nth
	nullif(arg0, arg1)
	Integer octet_length(STRING_OR_CLOB arg)
	OffsetDateTime offset datetime
	OffsetDateTime offset_datetime
	Integer ordinal(ENUM arg)
	String overlay(STRING string placing STRING replacement from INTEGER start[ for INTEGER length])
	String pad(STRING string with INTEGER length {leading|trailing}[ STRING character])
	Double percent_rank([arg0[, ...]])
	Double pi
	Integer position(STRING pattern in STRING string)
	Double power(NUMERIC arg0, NUMERIC arg1)
	Integer quarter(DATE arg)
	Double radians(NUMERIC arg)
	Double rand([INTEGER seed])
	Long rank([arg0[, ...]])
	Boolean regexp_like(STRING arg0, STRING arg1[, STRING arg2])
	String repeat(STRING string, INTEGER times)
	String replace(STRING string, STRING pattern, STRING replacement)
	String reverse(STRING arg)
	String right(STRING string, INTEGER length)
	round(NUMERIC number[, INTEGER places])
	Long row_number()
	String rpad(string, length[, padding])
	String rtrim(STRING string[, STRING characters])
	Integer second(TIME arg)
	byte[] sha(arg)
	String sha1(arg)
	String sha2(arg0, arg1)
	Integer sign(NUMERIC arg)
	Double sin(NUMERIC arg)
	Double sinh(NUMERIC arg)
	String soundex(arg)
	String space(INTEGER arg)
	sql
	Double sqrt(NUMERIC arg)
	Double stddev(NUMERIC arg)
	Double stddev_pop(NUMERIC arg)
	Double stddev_samp(NUMERIC arg)
	String str(arg)
	String string(ENUM arg)
	subdate(DATE datetime, INTEGER days)
	String substr(STRING string, INTEGER start[, INTEGER length])
	String substring(STRING string{ from|,} INTEGER start[{ for|,} INTEGER length])
	subtime(TIME datetime, TIME time)
	sum(arg)
	Date sysdate()
	Double tan(NUMERIC arg)
	Double tanh(NUMERIC arg)
	String time(arg)
	Date timestamp(arg0[, arg1])
	timestampadd(TEMPORAL_UNIT field, INTEGER magnitude, TEMPORAL datetime)
	Long|Double timestampdiff(TEMPORAL_UNIT field, TEMPORAL start, TEMPORAL end)
	String trim([[{leading|trailing|both} ][STRING arg0 ]from] STRING arg1)
	trunc( ... )
	truncate( ... )
	String upper(STRING string)
	Date utc_date
	Date utc_time
	Date utc_timestamp
	Double var_pop(NUMERIC arg)
	Double var_samp(NUMERIC arg)
	Double variance(NUMERIC arg)
	Integer week(DATE arg)
	Integer year(DATE arg)

2026-03-25 17:44:49 DEBUG core:211 - HHH000513: Unable to create the ReflectionOptimizer for [com.test.College]: private accessor [clg_city]
2026-03-25 17:44:50 INFO  core:53 - HHH000489: No JTA platform available (set 'hibernate.transaction.jta.platform' to enable JTA platform integration)
2026-03-25 17:44:50 DEBUG service:102 - HHH010454: EventListenerRegistry access via ServiceRegistry is deprecated - use 'sessionFactory.getEventEngine().getListenerRegistry()' instead
2026-03-25 17:44:50 DEBUG Table:101 - No alter strings for table: colleg
2026-03-25 17:44:50 DEBUG Table:101 - No alter strings for table: colleg_SEQ
2026-03-25 17:44:50 DEBUG factoryRegistry:86 - HHH020384: Registering SessionFactory [a5d3ad98-f29f-449d-8752-acb0c17768f7] (<unnamed>)
2026-03-25 17:44:50 DEBUG core:151 - HHH006588: Opening session [tenant=null]
2026-03-25 17:44:50 DEBUG core:74 - HHH006583: Beginning transaction
2026-03-25 17:45:26 DEBUG service:41 - HHH010455: Adding integrator: org.hibernate.boot.beanvalidation.BeanValidationIntegrator
2026-03-25 17:45:26 DEBUG service:41 - HHH010455: Adding integrator: org.hibernate.cache.internal.CollectionCacheInvalidator
2026-03-25 17:45:26 INFO  core:41 - HHH000001: Hibernate ORM core version 7.3.0.Final
2026-03-25 17:45:26 DEBUG core:155 - HHH000206: 'hibernate.properties' not found
2026-03-25 17:45:26 DEBUG boot:97 - HHH160204: cfg.xml document did not define namespaces; wrapping in custom event reader to introduce namespace information
2026-03-25 17:45:26 DEBUG cache:116 - HHH90001031: Cannot default RegionFactory since no RegionFactory strategies were registered
2026-03-25 17:45:26 DEBUG cache:46 - HHH90001029: Second-level cache disabled
2026-03-25 17:45:27 WARN  pooling:86 - HHH10001002: Using built-in connection pool (not intended for production use)
2026-03-25 17:45:27 DEBUG pooling:34 - HHH10001014: Initializing connection pool with 1 connections
2026-03-25 17:45:27 DEBUG jdbc:457 - HHH100017: Database:
	name: MySQL
	version: 8.0.42
	major: 8
	minor: 0
2026-03-25 17:45:27 DEBUG jdbc:463 - HHH100018: Driver:
	name: MySQL Connector/J
	version: mysql-connector-j-8.0.33 (Revision: 7d6b0800528b6b25c68b52dc10d6c1c8429c100c)
	major: 8
	minor: 0
	JDBC version: 4.2
2026-03-25 17:45:27 WARN  deprecation:152 - HHH90000025: MySQLDialect does not need to be specified explicitly using 'hibernate.dialect' (remove the property setting and it will be selected by default)
2026-03-25 17:45:27 DEBUG dialect:93 - HHH035001: Using dialect: org.hibernate.dialect.MySQLDialect, version: 8.0.42
2026-03-25 17:45:27 DEBUG IdentifierHelperBuilder:205 - IdentifierCaseStrategy for both quoted and unquoted identifiers was set to the same strategy [LOWER]; that will likely lead to problems in schema update and validation if using quoted identifiers
2026-03-25 17:45:27 DEBUG jdbc:379 - HHH100122: Using default JDBC fetch size: 0
2026-03-25 17:45:27 INFO  pooling:179 - HHH10001005: Database info:
	Database JDBC URL [jdbc:mysql://localhost:3306/mla]
	Database driver: MySQL Connector/J
	Database dialect: MySQLDialect
	Database version: 8.0.42
	Default catalog/schema: mla/undefined
	Autocommit mode: false
	Isolation level: REPEATABLE_READ
	JDBC fetch size: none
	Pool: DriverManagerConnectionProvider
	Minimum pool size: 1
	Maximum pool size: 20
2026-03-25 17:45:28 DEBUG factory:230 - HHH90020001: Instantiating factory [a646afbe-984c-4a09-b539-eb7c78b869b2] with settings: {hibernate.format_sql=true, java.specification.version=25, sun.cpu.isalist=amd64, sun.jnu.encoding=Cp1252, hibernate.dialect=org.hibernate.dialect.MySQLDialect, java.class.path=C:\Users\yashaswini.hs\Desktop\Spring-advance\Assignment\target\classes;C:\Users\yashaswini.hs\.m2\repository\com\mysql\mysql-connector-j\8.0.33\mysql-connector-j-8.0.33.jar;C:\Users\yashaswini.hs\.m2\repository\com\google\protobuf\protobuf-java\3.21.9\protobuf-java-3.21.9.jar;C:\Users\yashaswini.hs\.m2\repository\org\hibernate\orm\hibernate-core\7.3.0.Final\hibernate-core-7.3.0.Final.jar;C:\Users\yashaswini.hs\.m2\repository\jakarta\persistence\jakarta.persistence-api\3.2.0\jakarta.persistence-api-3.2.0.jar;C:\Users\yashaswini.hs\.m2\repository\jakarta\transaction\jakarta.transaction-api\2.0.1\jakarta.transaction-api-2.0.1.jar;C:\Users\yashaswini.hs\.m2\repository\org\jboss\logging\jboss-logging\3.6.1.Final\jboss-logging-3.6.1.Final.jar;C:\Users\yashaswini.hs\.m2\repository\org\hibernate\models\hibernate-models\1.1.0\hibernate-models-1.1.0.jar;C:\Users\yashaswini.hs\.m2\repository\net\bytebuddy\byte-buddy\1.18.7\byte-buddy-1.18.7.jar;C:\Users\yashaswini.hs\.m2\repository\jakarta\xml\bind\jakarta.xml.bind-api\4.0.4\jakarta.xml.bind-api-4.0.4.jar;C:\Users\yashaswini.hs\.m2\repository\jakarta\activation\jakarta.activation-api\2.1.4\jakarta.activation-api-2.1.4.jar;C:\Users\yashaswini.hs\.m2\repository\org\glassfish\jaxb\jaxb-runtime\4.0.6\jaxb-runtime-4.0.6.jar;C:\Users\yashaswini.hs\.m2\repository\org\glassfish\jaxb\jaxb-core\4.0.6\jaxb-core-4.0.6.jar;C:\Users\yashaswini.hs\.m2\repository\org\eclipse\angus\angus-activation\2.0.3\angus-activation-2.0.3.jar;C:\Users\yashaswini.hs\.m2\repository\org\glassfish\jaxb\txw2\4.0.6\txw2-4.0.6.jar;C:\Users\yashaswini.hs\.m2\repository\com\sun\istack\istack-commons-runtime\4.1.2\istack-commons-runtime-4.1.2.jar;C:\Users\yashaswini.hs\.m2\repository\jakarta\inject\jakarta.inject-api\2.0.1\jakarta.inject-api-2.0.1.jar;C:\Users\yashaswini.hs\.m2\repository\org\antlr\antlr4-runtime\4.13.2\antlr4-runtime-4.13.2.jar;C:\Users\yashaswini.hs\.m2\repository\org\apache\logging\log4j\log4j-core\2.17.1\log4j-core-2.17.1.jar;C:\Users\yashaswini.hs\.m2\repository\org\apache\logging\log4j\log4j-api\2.17.1\log4j-api-2.17.1.jar;C:\Users\yashaswini.hs\.m2\repository\org\apache\logging\log4j\log4j-slf4j-impl\2.17.1\log4j-slf4j-impl-2.17.1.jar;C:\Users\yashaswini.hs\.m2\repository\org\slf4j\slf4j-api\1.7.25\slf4j-api-1.7.25.jar, java.vm.vendor=Eclipse Adoptium, sun.arch.data.model=64, hbm2ddl.auto=update, user.variant=, java.vendor.url=https://adoptium.net/, user.timezone=Asia/Calcutta, java.vm.specification.version=25, os.name=Windows 11, sun.java.launcher=SUN_STANDARD, user.country=US, sun.boot.library.path=C:\Users\yashaswini.hs\Downloads\sts-5.1.1.RELEASE\plugins\org.eclipse.justj.openjdk.hotspot.jre.full.win32.x86_64_25.0.2.v20260203-1141\jre\bin, sun.java.command=com.test.NamedQry, jdk.debug=release, sun.cpu.endian=little, user.home=C:\Users\yashaswini.hs, user.language=en, java.specification.vendor=Oracle Corporation, java.version.date=2026-01-20, java.home=C:\Users\yashaswini.hs\Downloads\sts-5.1.1.RELEASE\plugins\org.eclipse.justj.openjdk.hotspot.jre.full.win32.x86_64_25.0.2.v20260203-1141\jre, file.separator=\, java.vm.compressedOopsMode=Zero based, line.separator=
, java.vm.specification.vendor=Oracle Corporation, java.specification.name=Java Platform API Specification, hibernate.hbm2ddl.auto=update, user.script=, sun.management.compiler=HotSpot 64-Bit Tiered Compilers, java.runtime.version=25.0.2+10-LTS, user.name=yashaswini.hs, stdout.encoding=UTF-8, path.separator=;, hibernate.connection.username=****, os.version=10.0, java.runtime.name=OpenJDK Runtime Environment, hibernate.connection.url=jdbc:mysql://localhost:3306/mla, file.encoding=UTF-8, format_sql=true, java.vm.name=OpenJDK 64-Bit Server VM, hibernate.show_sql=true, java.vendor.version=Temurin-25.0.2+10, show_sql=true, hibernate.connection.driver_class=com.mysql.cj.jdbc.Driver, java.vendor.url.bug=https://github.com/adoptium/adoptium-support/issues, java.io.tmpdir=C:\Users\YASHAS~1.HS\AppData\Local\Temp\, java.version=25.0.2, user.dir=C:\Users\yashaswini.hs\Desktop\Spring-advance\Assignment, os.arch=amd64, java.vm.specification.name=Java Virtual Machine Specification, hibernate.connection.password=****, sun.os.patch.level=, hibernate.boot.CfgXmlAccessService.key=org.hibernate.boot.cfgxml.spi.LoadedConfig@6e243175, native.encoding=Cp1252, java.library.path=C:\Users\yashaswini.hs\Downloads\sts-5.1.1.RELEASE\plugins\org.eclipse.justj.openjdk.hotspot.jre.full.win32.x86_64_25.0.2.v20260203-1141\jre\bin;C:\WINDOWS\Sun\Java\bin;C:\WINDOWS\system32;C:\WINDOWS;C:/Users/yashaswini.hs/Downloads/sts-5.1.1.RELEASE//plugins/org.eclipse.justj.openjdk.hotspot.jre.full.win32.x86_64_25.0.2.v20260203-1141/jre/bin/server;C:/Users/yashaswini.hs/Downloads/sts-5.1.1.RELEASE//plugins/org.eclipse.justj.openjdk.hotspot.jre.full.win32.x86_64_25.0.2.v20260203-1141/jre/bin;C:\Program Files\Microsoft\jdk-11.0.23.9-hotspot\bin;C:\Program Files\Microsoft\jdk-17.0.15.6-hotspot\bin;C:\Program Files\Python313\Scripts\;C:\Program Files\Python313\;%SystemRoot%\system32;%SystemRoot%;%SystemRoot%\System32\Wbem;%SYSTEMROOT%\System32\WindowsPowerShell\v1.0\;%SYSTEMROOT%\System32\OpenSSH\;C:\Program Files\Git\cmd;C:\Program Files\dotnet\;C:\Program Files\apache-maven-3.9.10\bin;C:\Program Files\nodejs\;C:\Program Files\Microsoft VS Code\bin;C:\Program Files\PuTTY\;C:\Program Files (x86)\Microsoft SQL Server\160\DTS\Binn\;C:\Program Files (x86)\Microsoft SQL Server\160\Tools\Binn\;C:\Program Files\Microsoft SQL Server\160\Tools\Binn\;C:\Program Files\Microsoft SQL Server\Client SDK\ODBC\170\Tools\Binn\;C:\Program Files\Microsoft SQL Server\160\DTS\Binn\;C:\Program Files\apache-maven-3.9.10\bin;C:\Program Files\apache-maven-3.9.10\bin;C:\Program Files\apache-maven-3.9.10\bin;C:\Users\yashaswini.hs\AppData\Local\Microsoft\WindowsApps;;C:\Users\yashaswini.hs\Downloads\sts-5.1.1.RELEASE;;., stderr.encoding=UTF-8, java.vendor=Eclipse Adoptium, java.vm.info=mixed mode, sharing, stdin.encoding=Cp1252, java.vm.version=25.0.2+10-LTS, sun.io.unicode.encoding=UnicodeLittle, java.class.version=69.0}
2026-03-25 17:45:28 DEBUG HQL_FUNCTIONS:155 - Available HQL Functions:
	abs(NUMERIC arg)
	Double acos(NUMERIC arg)
	adddate(DATE datetime, INTEGER days)
	addtime(TIME datetime, TIME time)
	Boolean any(BOOLEAN arg)
	Integer ascii(STRING arg)
	Double asin(NUMERIC arg)
	Double atan(NUMERIC arg)
	Double atan2(NUMERIC arg0, NUMERIC arg1)
	avg(arg)
	bit_and(arg)
	Integer bit_length(STRING_OR_CLOB arg)
	bit_or(arg)
	bitand(arg0, arg1)
	bitnot(arg)
	bitor(arg0, arg1)
	bitxor(arg0, arg1)
	cast(arg as Type)
	ceiling(NUMERIC arg)
	Character char(INTEGER arg)
	Integer character_length(STRING_OR_CLOB arg)
	Character chr(INTEGER arg)
	coalesce(arg0[, arg1[, ...]])
	String collate(STRING string as COLLATION collation)
	String concat(STRING string0[, STRING string1[, ...]])
	Double cos(NUMERIC arg)
	Double cosh(NUMERIC arg)
	Double cot(NUMERIC arg)
	Long count([distinct ]{arg|*})
	Integer crc32(arg)
	Double cume_dist([arg0[, ...]])
	Date curdate()
	Date current date
	Date current time
	Date current timestamp
	Date current_date
	Instant current_instant
	Date current_time
	Date current_timestamp
	Date curtime()
	Date date(arg)
	dateadd(TEMPORAL_UNIT field, INTEGER magnitude, TEMPORAL datetime)
	Integer datediff(DATE end, DATE start)
	Integer day(DATE arg)
	String dayname(DATE arg)
	Integer dayofmonth(DATE arg)
	Integer dayofweek(DATE arg)
	Integer dayofyear(DATE arg)
	Double degrees(NUMERIC arg)
	Long dense_rank([arg0[, ...]])
	Boolean every(BOOLEAN arg)
	Double exp(NUMERIC arg)
	extract(TEMPORAL_UNIT field from TEMPORAL arg)
	first_valueANY value
	floor(NUMERIC arg)
	String format(TEMPORAL datetime as STRING pattern)
	greatest(COMPARABLE arg0, COMPARABLE arg1[, arg2[, ...]])
	String hex(arg)
	Integer hour(TIME arg)
	ifnull(arg0, arg1)
	String insert(STRING string, INTEGER start, INTEGER length, STRING replacement)
	Instant instant
	Integer instr(STRING string, STRING pattern[, INTEGER start[, INTEGER occurrence]])
	String json_array([arg0[, ...]])
	String json_array_append(IMPLICIT_JSON arg0, STRING arg1, ANY arg2)
	String json_array_insert(IMPLICIT_JSON arg0, STRING arg1, ANY arg2)
	String json_arrayagg(arg0[, arg1])
	Boolean json_exists(IMPLICIT_JSON arg0, STRING arg1)
	String json_insert(IMPLICIT_JSON arg0, STRING arg1, ANY arg2)
	String json_mergepatch(IMPLICIT_JSON arg0, IMPLICIT_JSON arg1[, arg2[, ...]])
	String json_object( ... )
	String json_objectagg(arg0, arg1[, arg2, arg3])
	String json_query( ... )
	String json_remove(IMPLICIT_JSON arg0, STRING arg1)
	String json_replace(IMPLICIT_JSON arg0, STRING arg1, ANY arg2)
	String json_set(IMPLICIT_JSON arg0, STRING arg1, ANY arg2)
	json_value( ... )
	lagANY value[, INTEGER offset[, ANY default]]
	Date last_day(DATE arg)
	last_valueANY value
	leadANY value[, INTEGER offset[, ANY default]]
	least(COMPARABLE arg0, COMPARABLE arg1[, arg2[, ...]])
	String left(STRING string, INTEGER length)
	Integer length(STRING_OR_CLOB arg)
	String listagg(STRING arg0, STRING arg1)
	Double ln(NUMERIC arg)
	LocalDate local date
	LocalDateTime local datetime
	LocalTime local time
	LocalDate local_date
	LocalDateTime local_datetime
	LocalTime local_time
	Date localtime
	Date localtimestamp
	Integer locate(STRING pattern, STRING string[, INTEGER start])
	Double log(NUMERIC arg0[, NUMERIC arg1])
	Double log10(NUMERIC arg)
	Double log2(NUMERIC arg)
	String lower(STRING string)
	String lpad(string, length[, padding])
	String ltrim(STRING string[, STRING characters])
	Date makedate(INTEGER year, INTEGER dayofyear)
	Date maketime(INTEGER hour, INTEGER min, INTEGER sec)
	max(COMPARABLE arg)
	byte[] md5(arg)
	Integer microsecond(TIME arg)
	min(COMPARABLE arg)
	Integer minute(TIME arg)
	Integer mod(INTEGER arg0, INTEGER arg1)
	Integer month(DATE arg)
	String monthname(DATE arg)
	Date now()
	nth_valueANY value, INTEGER nth
	nullif(arg0, arg1)
	Integer octet_length(STRING_OR_CLOB arg)
	OffsetDateTime offset datetime
	OffsetDateTime offset_datetime
	Integer ordinal(ENUM arg)
	String overlay(STRING string placing STRING replacement from INTEGER start[ for INTEGER length])
	String pad(STRING string with INTEGER length {leading|trailing}[ STRING character])
	Double percent_rank([arg0[, ...]])
	Double pi
	Integer position(STRING pattern in STRING string)
	Double power(NUMERIC arg0, NUMERIC arg1)
	Integer quarter(DATE arg)
	Double radians(NUMERIC arg)
	Double rand([INTEGER seed])
	Long rank([arg0[, ...]])
	Boolean regexp_like(STRING arg0, STRING arg1[, STRING arg2])
	String repeat(STRING string, INTEGER times)
	String replace(STRING string, STRING pattern, STRING replacement)
	String reverse(STRING arg)
	String right(STRING string, INTEGER length)
	round(NUMERIC number[, INTEGER places])
	Long row_number()
	String rpad(string, length[, padding])
	String rtrim(STRING string[, STRING characters])
	Integer second(TIME arg)
	byte[] sha(arg)
	String sha1(arg)
	String sha2(arg0, arg1)
	Integer sign(NUMERIC arg)
	Double sin(NUMERIC arg)
	Double sinh(NUMERIC arg)
	String soundex(arg)
	String space(INTEGER arg)
	sql
	Double sqrt(NUMERIC arg)
	Double stddev(NUMERIC arg)
	Double stddev_pop(NUMERIC arg)
	Double stddev_samp(NUMERIC arg)
	String str(arg)
	String string(ENUM arg)
	subdate(DATE datetime, INTEGER days)
	String substr(STRING string, INTEGER start[, INTEGER length])
	String substring(STRING string{ from|,} INTEGER start[{ for|,} INTEGER length])
	subtime(TIME datetime, TIME time)
	sum(arg)
	Date sysdate()
	Double tan(NUMERIC arg)
	Double tanh(NUMERIC arg)
	String time(arg)
	Date timestamp(arg0[, arg1])
	timestampadd(TEMPORAL_UNIT field, INTEGER magnitude, TEMPORAL datetime)
	Long|Double timestampdiff(TEMPORAL_UNIT field, TEMPORAL start, TEMPORAL end)
	String trim([[{leading|trailing|both} ][STRING arg0 ]from] STRING arg1)
	trunc( ... )
	truncate( ... )
	String upper(STRING string)
	Date utc_date
	Date utc_time
	Date utc_timestamp
	Double var_pop(NUMERIC arg)
	Double var_samp(NUMERIC arg)
	Double variance(NUMERIC arg)
	Integer week(DATE arg)
	Integer year(DATE arg)

2026-03-25 17:45:28 DEBUG core:211 - HHH000513: Unable to create the ReflectionOptimizer for [com.test.College]: private accessor [clg_city]
2026-03-25 17:45:28 INFO  core:53 - HHH000489: No JTA platform available (set 'hibernate.transaction.jta.platform' to enable JTA platform integration)
2026-03-25 17:45:28 DEBUG service:102 - HHH010454: EventListenerRegistry access via ServiceRegistry is deprecated - use 'sessionFactory.getEventEngine().getListenerRegistry()' instead
2026-03-25 17:45:28 DEBUG Table:101 - No alter strings for table: colleg
2026-03-25 17:45:28 DEBUG Table:101 - No alter strings for table: colleg_SEQ
2026-03-25 17:45:28 DEBUG factoryRegistry:86 - HHH020384: Registering SessionFactory [a646afbe-984c-4a09-b539-eb7c78b869b2] (<unnamed>)
2026-03-25 17:45:28 DEBUG core:151 - HHH006588: Opening session [tenant=null]
2026-03-25 17:45:28 DEBUG core:74 - HHH006583: Beginning transaction
2026-03-25 17:45:29 DEBUG SQL:126 - 
    select
        c1_0.id,
        c1_0.clg_city,
        c1_0.clg_name,
        c1_0.clg_pincode,
        c1_0.year 
    from
        colleg c1_0 
    where
        c1_0.clg_city=?
2026-03-25 17:45:29 DEBUG metrics:277 - HHH000401: Logging session metrics:
	722200 ns acquiring 1 JDBC connections
	0 ns releasing 0 JDBC connections
	204200 ns preparing 1 JDBC statements
	1123200 ns executing 1 JDBC statements
	0 ns executing 0 JDBC batches
	0 ns performing 0 second-level cache puts
	0 ns performing 0 second-level cache hits
	0 ns performing 0 second-level cache misses
	0 ns executing 0 flushes (flushing a total of 0 entities and 0 collections)
	234500 ns executing 1 pre-partial-flushes
	267700 ns executing 1 partial-flushes (flushing a total of 0 entities and 0 collections)

2026-03-25 17:47:27 DEBUG service:41 - HHH010455: Adding integrator: org.hibernate.boot.beanvalidation.BeanValidationIntegrator
2026-03-25 17:47:27 DEBUG service:41 - HHH010455: Adding integrator: org.hibernate.cache.internal.CollectionCacheInvalidator
2026-03-25 17:47:27 INFO  core:41 - HHH000001: Hibernate ORM core version 7.3.0.Final
2026-03-25 17:47:27 DEBUG core:155 - HHH000206: 'hibernate.properties' not found
2026-03-25 17:47:27 DEBUG boot:97 - HHH160204: cfg.xml document did not define namespaces; wrapping in custom event reader to introduce namespace information
2026-03-25 17:47:27 DEBUG cache:116 - HHH90001031: Cannot default RegionFactory since no RegionFactory strategies were registered
2026-03-25 17:47:27 DEBUG cache:46 - HHH90001029: Second-level cache disabled
2026-03-25 17:47:28 WARN  pooling:86 - HHH10001002: Using built-in connection pool (not intended for production use)
2026-03-25 17:47:28 DEBUG pooling:34 - HHH10001014: Initializing connection pool with 1 connections
2026-03-25 17:47:28 DEBUG jdbc:457 - HHH100017: Database:
	name: MySQL
	version: 8.0.42
	major: 8
	minor: 0
2026-03-25 17:47:28 DEBUG jdbc:463 - HHH100018: Driver:
	name: MySQL Connector/J
	version: mysql-connector-j-8.0.33 (Revision: 7d6b0800528b6b25c68b52dc10d6c1c8429c100c)
	major: 8
	minor: 0
	JDBC version: 4.2
2026-03-25 17:47:28 WARN  deprecation:152 - HHH90000025: MySQLDialect does not need to be specified explicitly using 'hibernate.dialect' (remove the property setting and it will be selected by default)
2026-03-25 17:47:28 DEBUG dialect:93 - HHH035001: Using dialect: org.hibernate.dialect.MySQLDialect, version: 8.0.42
2026-03-25 17:47:28 DEBUG IdentifierHelperBuilder:205 - IdentifierCaseStrategy for both quoted and unquoted identifiers was set to the same strategy [LOWER]; that will likely lead to problems in schema update and validation if using quoted identifiers
2026-03-25 17:47:28 DEBUG jdbc:379 - HHH100122: Using default JDBC fetch size: 0
2026-03-25 17:47:28 INFO  pooling:179 - HHH10001005: Database info:
	Database JDBC URL [jdbc:mysql://localhost:3306/mla]
	Database driver: MySQL Connector/J
	Database dialect: MySQLDialect
	Database version: 8.0.42
	Default catalog/schema: mla/undefined
	Autocommit mode: false
	Isolation level: REPEATABLE_READ
	JDBC fetch size: none
	Pool: DriverManagerConnectionProvider
	Minimum pool size: 1
	Maximum pool size: 20
2026-03-25 17:47:28 DEBUG factory:230 - HHH90020001: Instantiating factory [17a7c311-90b5-4559-beb9-eb1d708b6499] with settings: {hibernate.format_sql=true, java.specification.version=25, sun.cpu.isalist=amd64, sun.jnu.encoding=Cp1252, hibernate.dialect=org.hibernate.dialect.MySQLDialect, java.class.path=C:\Users\yashaswini.hs\Desktop\Spring-advance\Assignment\target\classes;C:\Users\yashaswini.hs\.m2\repository\com\mysql\mysql-connector-j\8.0.33\mysql-connector-j-8.0.33.jar;C:\Users\yashaswini.hs\.m2\repository\com\google\protobuf\protobuf-java\3.21.9\protobuf-java-3.21.9.jar;C:\Users\yashaswini.hs\.m2\repository\org\hibernate\orm\hibernate-core\7.3.0.Final\hibernate-core-7.3.0.Final.jar;C:\Users\yashaswini.hs\.m2\repository\jakarta\persistence\jakarta.persistence-api\3.2.0\jakarta.persistence-api-3.2.0.jar;C:\Users\yashaswini.hs\.m2\repository\jakarta\transaction\jakarta.transaction-api\2.0.1\jakarta.transaction-api-2.0.1.jar;C:\Users\yashaswini.hs\.m2\repository\org\jboss\logging\jboss-logging\3.6.1.Final\jboss-logging-3.6.1.Final.jar;C:\Users\yashaswini.hs\.m2\repository\org\hibernate\models\hibernate-models\1.1.0\hibernate-models-1.1.0.jar;C:\Users\yashaswini.hs\.m2\repository\net\bytebuddy\byte-buddy\1.18.7\byte-buddy-1.18.7.jar;C:\Users\yashaswini.hs\.m2\repository\jakarta\xml\bind\jakarta.xml.bind-api\4.0.4\jakarta.xml.bind-api-4.0.4.jar;C:\Users\yashaswini.hs\.m2\repository\jakarta\activation\jakarta.activation-api\2.1.4\jakarta.activation-api-2.1.4.jar;C:\Users\yashaswini.hs\.m2\repository\org\glassfish\jaxb\jaxb-runtime\4.0.6\jaxb-runtime-4.0.6.jar;C:\Users\yashaswini.hs\.m2\repository\org\glassfish\jaxb\jaxb-core\4.0.6\jaxb-core-4.0.6.jar;C:\Users\yashaswini.hs\.m2\repository\org\eclipse\angus\angus-activation\2.0.3\angus-activation-2.0.3.jar;C:\Users\yashaswini.hs\.m2\repository\org\glassfish\jaxb\txw2\4.0.6\txw2-4.0.6.jar;C:\Users\yashaswini.hs\.m2\repository\com\sun\istack\istack-commons-runtime\4.1.2\istack-commons-runtime-4.1.2.jar;C:\Users\yashaswini.hs\.m2\repository\jakarta\inject\jakarta.inject-api\2.0.1\jakarta.inject-api-2.0.1.jar;C:\Users\yashaswini.hs\.m2\repository\org\antlr\antlr4-runtime\4.13.2\antlr4-runtime-4.13.2.jar;C:\Users\yashaswini.hs\.m2\repository\org\apache\logging\log4j\log4j-core\2.17.1\log4j-core-2.17.1.jar;C:\Users\yashaswini.hs\.m2\repository\org\apache\logging\log4j\log4j-api\2.17.1\log4j-api-2.17.1.jar;C:\Users\yashaswini.hs\.m2\repository\org\apache\logging\log4j\log4j-slf4j-impl\2.17.1\log4j-slf4j-impl-2.17.1.jar;C:\Users\yashaswini.hs\.m2\repository\org\slf4j\slf4j-api\1.7.25\slf4j-api-1.7.25.jar, java.vm.vendor=Eclipse Adoptium, sun.arch.data.model=64, hbm2ddl.auto=update, user.variant=, java.vendor.url=https://adoptium.net/, user.timezone=Asia/Calcutta, java.vm.specification.version=25, os.name=Windows 11, sun.java.launcher=SUN_STANDARD, user.country=US, sun.boot.library.path=C:\Users\yashaswini.hs\Downloads\sts-5.1.1.RELEASE\plugins\org.eclipse.justj.openjdk.hotspot.jre.full.win32.x86_64_25.0.2.v20260203-1141\jre\bin, sun.java.command=com.test.CriteriaExp, jdk.debug=release, sun.cpu.endian=little, user.home=C:\Users\yashaswini.hs, user.language=en, java.specification.vendor=Oracle Corporation, java.version.date=2026-01-20, java.home=C:\Users\yashaswini.hs\Downloads\sts-5.1.1.RELEASE\plugins\org.eclipse.justj.openjdk.hotspot.jre.full.win32.x86_64_25.0.2.v20260203-1141\jre, file.separator=\, java.vm.compressedOopsMode=Zero based, line.separator=
, java.vm.specification.vendor=Oracle Corporation, java.specification.name=Java Platform API Specification, hibernate.hbm2ddl.auto=update, user.script=, sun.management.compiler=HotSpot 64-Bit Tiered Compilers, java.runtime.version=25.0.2+10-LTS, user.name=yashaswini.hs, stdout.encoding=UTF-8, path.separator=;, hibernate.connection.username=****, os.version=10.0, java.runtime.name=OpenJDK Runtime Environment, hibernate.connection.url=jdbc:mysql://localhost:3306/mla, file.encoding=UTF-8, format_sql=true, java.vm.name=OpenJDK 64-Bit Server VM, hibernate.show_sql=true, java.vendor.version=Temurin-25.0.2+10, show_sql=true, hibernate.connection.driver_class=com.mysql.cj.jdbc.Driver, java.vendor.url.bug=https://github.com/adoptium/adoptium-support/issues, java.io.tmpdir=C:\Users\YASHAS~1.HS\AppData\Local\Temp\, java.version=25.0.2, user.dir=C:\Users\yashaswini.hs\Desktop\Spring-advance\Assignment, os.arch=amd64, java.vm.specification.name=Java Virtual Machine Specification, hibernate.connection.password=****, sun.os.patch.level=, hibernate.boot.CfgXmlAccessService.key=org.hibernate.boot.cfgxml.spi.LoadedConfig@58dad04a, native.encoding=Cp1252, java.library.path=C:\Users\yashaswini.hs\Downloads\sts-5.1.1.RELEASE\plugins\org.eclipse.justj.openjdk.hotspot.jre.full.win32.x86_64_25.0.2.v20260203-1141\jre\bin;C:\WINDOWS\Sun\Java\bin;C:\WINDOWS\system32;C:\WINDOWS;C:/Users/yashaswini.hs/Downloads/sts-5.1.1.RELEASE//plugins/org.eclipse.justj.openjdk.hotspot.jre.full.win32.x86_64_25.0.2.v20260203-1141/jre/bin/server;C:/Users/yashaswini.hs/Downloads/sts-5.1.1.RELEASE//plugins/org.eclipse.justj.openjdk.hotspot.jre.full.win32.x86_64_25.0.2.v20260203-1141/jre/bin;C:\Program Files\Microsoft\jdk-11.0.23.9-hotspot\bin;C:\Program Files\Microsoft\jdk-17.0.15.6-hotspot\bin;C:\Program Files\Python313\Scripts\;C:\Program Files\Python313\;%SystemRoot%\system32;%SystemRoot%;%SystemRoot%\System32\Wbem;%SYSTEMROOT%\System32\WindowsPowerShell\v1.0\;%SYSTEMROOT%\System32\OpenSSH\;C:\Program Files\Git\cmd;C:\Program Files\dotnet\;C:\Program Files\apache-maven-3.9.10\bin;C:\Program Files\nodejs\;C:\Program Files\Microsoft VS Code\bin;C:\Program Files\PuTTY\;C:\Program Files (x86)\Microsoft SQL Server\160\DTS\Binn\;C:\Program Files (x86)\Microsoft SQL Server\160\Tools\Binn\;C:\Program Files\Microsoft SQL Server\160\Tools\Binn\;C:\Program Files\Microsoft SQL Server\Client SDK\ODBC\170\Tools\Binn\;C:\Program Files\Microsoft SQL Server\160\DTS\Binn\;C:\Program Files\apache-maven-3.9.10\bin;C:\Program Files\apache-maven-3.9.10\bin;C:\Program Files\apache-maven-3.9.10\bin;C:\Users\yashaswini.hs\AppData\Local\Microsoft\WindowsApps;;C:\Users\yashaswini.hs\Downloads\sts-5.1.1.RELEASE;;., stderr.encoding=UTF-8, java.vendor=Eclipse Adoptium, java.vm.info=mixed mode, sharing, stdin.encoding=Cp1252, java.vm.version=25.0.2+10-LTS, sun.io.unicode.encoding=UnicodeLittle, java.class.version=69.0}
2026-03-25 17:47:29 DEBUG HQL_FUNCTIONS:155 - Available HQL Functions:
	abs(NUMERIC arg)
	Double acos(NUMERIC arg)
	adddate(DATE datetime, INTEGER days)
	addtime(TIME datetime, TIME time)
	Boolean any(BOOLEAN arg)
	Integer ascii(STRING arg)
	Double asin(NUMERIC arg)
	Double atan(NUMERIC arg)
	Double atan2(NUMERIC arg0, NUMERIC arg1)
	avg(arg)
	bit_and(arg)
	Integer bit_length(STRING_OR_CLOB arg)
	bit_or(arg)
	bitand(arg0, arg1)
	bitnot(arg)
	bitor(arg0, arg1)
	bitxor(arg0, arg1)
	cast(arg as Type)
	ceiling(NUMERIC arg)
	Character char(INTEGER arg)
	Integer character_length(STRING_OR_CLOB arg)
	Character chr(INTEGER arg)
	coalesce(arg0[, arg1[, ...]])
	String collate(STRING string as COLLATION collation)
	String concat(STRING string0[, STRING string1[, ...]])
	Double cos(NUMERIC arg)
	Double cosh(NUMERIC arg)
	Double cot(NUMERIC arg)
	Long count([distinct ]{arg|*})
	Integer crc32(arg)
	Double cume_dist([arg0[, ...]])
	Date curdate()
	Date current date
	Date current time
	Date current timestamp
	Date current_date
	Instant current_instant
	Date current_time
	Date current_timestamp
	Date curtime()
	Date date(arg)
	dateadd(TEMPORAL_UNIT field, INTEGER magnitude, TEMPORAL datetime)
	Integer datediff(DATE end, DATE start)
	Integer day(DATE arg)
	String dayname(DATE arg)
	Integer dayofmonth(DATE arg)
	Integer dayofweek(DATE arg)
	Integer dayofyear(DATE arg)
	Double degrees(NUMERIC arg)
	Long dense_rank([arg0[, ...]])
	Boolean every(BOOLEAN arg)
	Double exp(NUMERIC arg)
	extract(TEMPORAL_UNIT field from TEMPORAL arg)
	first_valueANY value
	floor(NUMERIC arg)
	String format(TEMPORAL datetime as STRING pattern)
	greatest(COMPARABLE arg0, COMPARABLE arg1[, arg2[, ...]])
	String hex(arg)
	Integer hour(TIME arg)
	ifnull(arg0, arg1)
	String insert(STRING string, INTEGER start, INTEGER length, STRING replacement)
	Instant instant
	Integer instr(STRING string, STRING pattern[, INTEGER start[, INTEGER occurrence]])
	String json_array([arg0[, ...]])
	String json_array_append(IMPLICIT_JSON arg0, STRING arg1, ANY arg2)
	String json_array_insert(IMPLICIT_JSON arg0, STRING arg1, ANY arg2)
	String json_arrayagg(arg0[, arg1])
	Boolean json_exists(IMPLICIT_JSON arg0, STRING arg1)
	String json_insert(IMPLICIT_JSON arg0, STRING arg1, ANY arg2)
	String json_mergepatch(IMPLICIT_JSON arg0, IMPLICIT_JSON arg1[, arg2[, ...]])
	String json_object( ... )
	String json_objectagg(arg0, arg1[, arg2, arg3])
	String json_query( ... )
	String json_remove(IMPLICIT_JSON arg0, STRING arg1)
	String json_replace(IMPLICIT_JSON arg0, STRING arg1, ANY arg2)
	String json_set(IMPLICIT_JSON arg0, STRING arg1, ANY arg2)
	json_value( ... )
	lagANY value[, INTEGER offset[, ANY default]]
	Date last_day(DATE arg)
	last_valueANY value
	leadANY value[, INTEGER offset[, ANY default]]
	least(COMPARABLE arg0, COMPARABLE arg1[, arg2[, ...]])
	String left(STRING string, INTEGER length)
	Integer length(STRING_OR_CLOB arg)
	String listagg(STRING arg0, STRING arg1)
	Double ln(NUMERIC arg)
	LocalDate local date
	LocalDateTime local datetime
	LocalTime local time
	LocalDate local_date
	LocalDateTime local_datetime
	LocalTime local_time
	Date localtime
	Date localtimestamp
	Integer locate(STRING pattern, STRING string[, INTEGER start])
	Double log(NUMERIC arg0[, NUMERIC arg1])
	Double log10(NUMERIC arg)
	Double log2(NUMERIC arg)
	String lower(STRING string)
	String lpad(string, length[, padding])
	String ltrim(STRING string[, STRING characters])
	Date makedate(INTEGER year, INTEGER dayofyear)
	Date maketime(INTEGER hour, INTEGER min, INTEGER sec)
	max(COMPARABLE arg)
	byte[] md5(arg)
	Integer microsecond(TIME arg)
	min(COMPARABLE arg)
	Integer minute(TIME arg)
	Integer mod(INTEGER arg0, INTEGER arg1)
	Integer month(DATE arg)
	String monthname(DATE arg)
	Date now()
	nth_valueANY value, INTEGER nth
	nullif(arg0, arg1)
	Integer octet_length(STRING_OR_CLOB arg)
	OffsetDateTime offset datetime
	OffsetDateTime offset_datetime
	Integer ordinal(ENUM arg)
	String overlay(STRING string placing STRING replacement from INTEGER start[ for INTEGER length])
	String pad(STRING string with INTEGER length {leading|trailing}[ STRING character])
	Double percent_rank([arg0[, ...]])
	Double pi
	Integer position(STRING pattern in STRING string)
	Double power(NUMERIC arg0, NUMERIC arg1)
	Integer quarter(DATE arg)
	Double radians(NUMERIC arg)
	Double rand([INTEGER seed])
	Long rank([arg0[, ...]])
	Boolean regexp_like(STRING arg0, STRING arg1[, STRING arg2])
	String repeat(STRING string, INTEGER times)
	String replace(STRING string, STRING pattern, STRING replacement)
	String reverse(STRING arg)
	String right(STRING string, INTEGER length)
	round(NUMERIC number[, INTEGER places])
	Long row_number()
	String rpad(string, length[, padding])
	String rtrim(STRING string[, STRING characters])
	Integer second(TIME arg)
	byte[] sha(arg)
	String sha1(arg)
	String sha2(arg0, arg1)
	Integer sign(NUMERIC arg)
	Double sin(NUMERIC arg)
	Double sinh(NUMERIC arg)
	String soundex(arg)
	String space(INTEGER arg)
	sql
	Double sqrt(NUMERIC arg)
	Double stddev(NUMERIC arg)
	Double stddev_pop(NUMERIC arg)
	Double stddev_samp(NUMERIC arg)
	String str(arg)
	String string(ENUM arg)
	subdate(DATE datetime, INTEGER days)
	String substr(STRING string, INTEGER start[, INTEGER length])
	String substring(STRING string{ from|,} INTEGER start[{ for|,} INTEGER length])
	subtime(TIME datetime, TIME time)
	sum(arg)
	Date sysdate()
	Double tan(NUMERIC arg)
	Double tanh(NUMERIC arg)
	String time(arg)
	Date timestamp(arg0[, arg1])
	timestampadd(TEMPORAL_UNIT field, INTEGER magnitude, TEMPORAL datetime)
	Long|Double timestampdiff(TEMPORAL_UNIT field, TEMPORAL start, TEMPORAL end)
	String trim([[{leading|trailing|both} ][STRING arg0 ]from] STRING arg1)
	trunc( ... )
	truncate( ... )
	String upper(STRING string)
	Date utc_date
	Date utc_time
	Date utc_timestamp
	Double var_pop(NUMERIC arg)
	Double var_samp(NUMERIC arg)
	Double variance(NUMERIC arg)
	Integer week(DATE arg)
	Integer year(DATE arg)

2026-03-25 17:47:29 DEBUG core:211 - HHH000513: Unable to create the ReflectionOptimizer for [com.test.College]: private accessor [clg_city]
2026-03-25 17:47:29 INFO  core:53 - HHH000489: No JTA platform available (set 'hibernate.transaction.jta.platform' to enable JTA platform integration)
2026-03-25 17:47:29 DEBUG service:102 - HHH010454: EventListenerRegistry access via ServiceRegistry is deprecated - use 'sessionFactory.getEventEngine().getListenerRegistry()' instead
2026-03-25 17:47:29 DEBUG Table:101 - No alter strings for table: colleg
2026-03-25 17:47:29 DEBUG Table:101 - No alter strings for table: colleg_SEQ
2026-03-25 17:47:29 DEBUG factoryRegistry:86 - HHH020384: Registering SessionFactory [17a7c311-90b5-4559-beb9-eb1d708b6499] (<unnamed>)
2026-03-25 17:47:29 DEBUG core:151 - HHH006588: Opening session [tenant=null]
2026-03-25 17:47:29 DEBUG core:74 - HHH006583: Beginning transaction
2026-03-25 17:47:29 DEBUG SQL:126 - 
    select
        distinct c1_0.id,
        c1_0.clg_city,
        c1_0.clg_name,
        c1_0.clg_pincode,
        c1_0.year 
    from
        colleg c1_0
2026-03-25 17:58:08 DEBUG service:41 - HHH010455: Adding integrator: org.hibernate.boot.beanvalidation.BeanValidationIntegrator
2026-03-25 17:58:08 DEBUG service:41 - HHH010455: Adding integrator: org.hibernate.cache.internal.CollectionCacheInvalidator
2026-03-25 17:58:08 INFO  core:41 - HHH000001: Hibernate ORM core version 7.3.0.Final
2026-03-25 17:58:08 DEBUG core:155 - HHH000206: 'hibernate.properties' not found
2026-03-25 17:58:08 DEBUG boot:97 - HHH160204: cfg.xml document did not define namespaces; wrapping in custom event reader to introduce namespace information
2026-03-25 17:58:09 DEBUG cache:116 - HHH90001031: Cannot default RegionFactory since no RegionFactory strategies were registered
2026-03-25 17:58:09 DEBUG cache:46 - HHH90001029: Second-level cache disabled
2026-03-25 17:58:09 WARN  pooling:86 - HHH10001002: Using built-in connection pool (not intended for production use)
2026-03-25 17:58:09 DEBUG pooling:34 - HHH10001014: Initializing connection pool with 1 connections
2026-03-25 17:58:09 DEBUG jdbc:457 - HHH100017: Database:
	name: MySQL
	version: 8.0.42
	major: 8
	minor: 0
2026-03-25 17:58:09 DEBUG jdbc:463 - HHH100018: Driver:
	name: MySQL Connector/J
	version: mysql-connector-j-8.0.33 (Revision: 7d6b0800528b6b25c68b52dc10d6c1c8429c100c)
	major: 8
	minor: 0
	JDBC version: 4.2
2026-03-25 17:58:09 WARN  deprecation:152 - HHH90000025: MySQLDialect does not need to be specified explicitly using 'hibernate.dialect' (remove the property setting and it will be selected by default)
2026-03-25 17:58:09 DEBUG dialect:93 - HHH035001: Using dialect: org.hibernate.dialect.MySQLDialect, version: 8.0.42
2026-03-25 17:58:09 DEBUG IdentifierHelperBuilder:205 - IdentifierCaseStrategy for both quoted and unquoted identifiers was set to the same strategy [LOWER]; that will likely lead to problems in schema update and validation if using quoted identifiers
2026-03-25 17:58:09 DEBUG jdbc:379 - HHH100122: Using default JDBC fetch size: 0
2026-03-25 17:58:09 INFO  pooling:179 - HHH10001005: Database info:
	Database JDBC URL [jdbc:mysql://localhost:3306/mla]
	Database driver: MySQL Connector/J
	Database dialect: MySQLDialect
	Database version: 8.0.42
	Default catalog/schema: mla/undefined
	Autocommit mode: false
	Isolation level: REPEATABLE_READ
	JDBC fetch size: none
	Pool: DriverManagerConnectionProvider
	Minimum pool size: 1
	Maximum pool size: 20
2026-03-25 17:58:10 DEBUG factory:230 - HHH90020001: Instantiating factory [5638f20f-cb39-4167-b138-7c800a7aa977] with settings: {hibernate.format_sql=true, java.specification.version=25, sun.cpu.isalist=amd64, sun.jnu.encoding=Cp1252, hibernate.dialect=org.hibernate.dialect.MySQLDialect, java.class.path=C:\Users\yashaswini.hs\Desktop\Spring-advance\Assignment\target\classes;C:\Users\yashaswini.hs\.m2\repository\com\mysql\mysql-connector-j\8.0.33\mysql-connector-j-8.0.33.jar;C:\Users\yashaswini.hs\.m2\repository\com\google\protobuf\protobuf-java\3.21.9\protobuf-java-3.21.9.jar;C:\Users\yashaswini.hs\.m2\repository\org\hibernate\orm\hibernate-core\7.3.0.Final\hibernate-core-7.3.0.Final.jar;C:\Users\yashaswini.hs\.m2\repository\jakarta\persistence\jakarta.persistence-api\3.2.0\jakarta.persistence-api-3.2.0.jar;C:\Users\yashaswini.hs\.m2\repository\jakarta\transaction\jakarta.transaction-api\2.0.1\jakarta.transaction-api-2.0.1.jar;C:\Users\yashaswini.hs\.m2\repository\org\jboss\logging\jboss-logging\3.6.1.Final\jboss-logging-3.6.1.Final.jar;C:\Users\yashaswini.hs\.m2\repository\org\hibernate\models\hibernate-models\1.1.0\hibernate-models-1.1.0.jar;C:\Users\yashaswini.hs\.m2\repository\net\bytebuddy\byte-buddy\1.18.7\byte-buddy-1.18.7.jar;C:\Users\yashaswini.hs\.m2\repository\jakarta\xml\bind\jakarta.xml.bind-api\4.0.4\jakarta.xml.bind-api-4.0.4.jar;C:\Users\yashaswini.hs\.m2\repository\jakarta\activation\jakarta.activation-api\2.1.4\jakarta.activation-api-2.1.4.jar;C:\Users\yashaswini.hs\.m2\repository\org\glassfish\jaxb\jaxb-runtime\4.0.6\jaxb-runtime-4.0.6.jar;C:\Users\yashaswini.hs\.m2\repository\org\glassfish\jaxb\jaxb-core\4.0.6\jaxb-core-4.0.6.jar;C:\Users\yashaswini.hs\.m2\repository\org\eclipse\angus\angus-activation\2.0.3\angus-activation-2.0.3.jar;C:\Users\yashaswini.hs\.m2\repository\org\glassfish\jaxb\txw2\4.0.6\txw2-4.0.6.jar;C:\Users\yashaswini.hs\.m2\repository\com\sun\istack\istack-commons-runtime\4.1.2\istack-commons-runtime-4.1.2.jar;C:\Users\yashaswini.hs\.m2\repository\jakarta\inject\jakarta.inject-api\2.0.1\jakarta.inject-api-2.0.1.jar;C:\Users\yashaswini.hs\.m2\repository\org\antlr\antlr4-runtime\4.13.2\antlr4-runtime-4.13.2.jar;C:\Users\yashaswini.hs\.m2\repository\org\apache\logging\log4j\log4j-core\2.17.1\log4j-core-2.17.1.jar;C:\Users\yashaswini.hs\.m2\repository\org\apache\logging\log4j\log4j-api\2.17.1\log4j-api-2.17.1.jar;C:\Users\yashaswini.hs\.m2\repository\org\apache\logging\log4j\log4j-slf4j-impl\2.17.1\log4j-slf4j-impl-2.17.1.jar;C:\Users\yashaswini.hs\.m2\repository\org\slf4j\slf4j-api\1.7.25\slf4j-api-1.7.25.jar, java.vm.vendor=Eclipse Adoptium, sun.arch.data.model=64, hbm2ddl.auto=update, user.variant=, java.vendor.url=https://adoptium.net/, user.timezone=Asia/Calcutta, java.vm.specification.version=25, os.name=Windows 11, sun.java.launcher=SUN_STANDARD, user.country=US, sun.boot.library.path=C:\Users\yashaswini.hs\Downloads\sts-5.1.1.RELEASE\plugins\org.eclipse.justj.openjdk.hotspot.jre.full.win32.x86_64_25.0.2.v20260203-1141\jre\bin, sun.java.command=com.test.HibInheritDemo, jdk.debug=release, sun.cpu.endian=little, user.home=C:\Users\yashaswini.hs, user.language=en, java.specification.vendor=Oracle Corporation, java.version.date=2026-01-20, java.home=C:\Users\yashaswini.hs\Downloads\sts-5.1.1.RELEASE\plugins\org.eclipse.justj.openjdk.hotspot.jre.full.win32.x86_64_25.0.2.v20260203-1141\jre, file.separator=\, java.vm.compressedOopsMode=Zero based, line.separator=
, java.vm.specification.vendor=Oracle Corporation, java.specification.name=Java Platform API Specification, hibernate.hbm2ddl.auto=update, user.script=, sun.management.compiler=HotSpot 64-Bit Tiered Compilers, java.runtime.version=25.0.2+10-LTS, user.name=yashaswini.hs, stdout.encoding=UTF-8, path.separator=;, hibernate.connection.username=****, os.version=10.0, java.runtime.name=OpenJDK Runtime Environment, hibernate.connection.url=jdbc:mysql://localhost:3306/mla, file.encoding=UTF-8, format_sql=true, java.vm.name=OpenJDK 64-Bit Server VM, hibernate.show_sql=true, java.vendor.version=Temurin-25.0.2+10, show_sql=true, hibernate.connection.driver_class=com.mysql.cj.jdbc.Driver, java.vendor.url.bug=https://github.com/adoptium/adoptium-support/issues, java.io.tmpdir=C:\Users\YASHAS~1.HS\AppData\Local\Temp\, java.version=25.0.2, user.dir=C:\Users\yashaswini.hs\Desktop\Spring-advance\Assignment, os.arch=amd64, java.vm.specification.name=Java Virtual Machine Specification, hibernate.connection.password=****, sun.os.patch.level=, hibernate.boot.CfgXmlAccessService.key=org.hibernate.boot.cfgxml.spi.LoadedConfig@6e243175, native.encoding=Cp1252, java.library.path=C:\Users\yashaswini.hs\Downloads\sts-5.1.1.RELEASE\plugins\org.eclipse.justj.openjdk.hotspot.jre.full.win32.x86_64_25.0.2.v20260203-1141\jre\bin;C:\WINDOWS\Sun\Java\bin;C:\WINDOWS\system32;C:\WINDOWS;C:/Users/yashaswini.hs/Downloads/sts-5.1.1.RELEASE//plugins/org.eclipse.justj.openjdk.hotspot.jre.full.win32.x86_64_25.0.2.v20260203-1141/jre/bin/server;C:/Users/yashaswini.hs/Downloads/sts-5.1.1.RELEASE//plugins/org.eclipse.justj.openjdk.hotspot.jre.full.win32.x86_64_25.0.2.v20260203-1141/jre/bin;C:\Program Files\Microsoft\jdk-11.0.23.9-hotspot\bin;C:\Program Files\Microsoft\jdk-17.0.15.6-hotspot\bin;C:\Program Files\Python313\Scripts\;C:\Program Files\Python313\;%SystemRoot%\system32;%SystemRoot%;%SystemRoot%\System32\Wbem;%SYSTEMROOT%\System32\WindowsPowerShell\v1.0\;%SYSTEMROOT%\System32\OpenSSH\;C:\Program Files\Git\cmd;C:\Program Files\dotnet\;C:\Program Files\apache-maven-3.9.10\bin;C:\Program Files\nodejs\;C:\Program Files\Microsoft VS Code\bin;C:\Program Files\PuTTY\;C:\Program Files (x86)\Microsoft SQL Server\160\DTS\Binn\;C:\Program Files (x86)\Microsoft SQL Server\160\Tools\Binn\;C:\Program Files\Microsoft SQL Server\160\Tools\Binn\;C:\Program Files\Microsoft SQL Server\Client SDK\ODBC\170\Tools\Binn\;C:\Program Files\Microsoft SQL Server\160\DTS\Binn\;C:\Program Files\apache-maven-3.9.10\bin;C:\Program Files\apache-maven-3.9.10\bin;C:\Program Files\apache-maven-3.9.10\bin;C:\Users\yashaswini.hs\AppData\Local\Microsoft\WindowsApps;;C:\Users\yashaswini.hs\Downloads\sts-5.1.1.RELEASE;;., stderr.encoding=UTF-8, java.vendor=Eclipse Adoptium, java.vm.info=mixed mode, sharing, stdin.encoding=Cp1252, java.vm.version=25.0.2+10-LTS, sun.io.unicode.encoding=UnicodeLittle, java.class.version=69.0}
2026-03-25 17:58:10 DEBUG HQL_FUNCTIONS:155 - Available HQL Functions:
	abs(NUMERIC arg)
	Double acos(NUMERIC arg)
	adddate(DATE datetime, INTEGER days)
	addtime(TIME datetime, TIME time)
	Boolean any(BOOLEAN arg)
	Integer ascii(STRING arg)
	Double asin(NUMERIC arg)
	Double atan(NUMERIC arg)
	Double atan2(NUMERIC arg0, NUMERIC arg1)
	avg(arg)
	bit_and(arg)
	Integer bit_length(STRING_OR_CLOB arg)
	bit_or(arg)
	bitand(arg0, arg1)
	bitnot(arg)
	bitor(arg0, arg1)
	bitxor(arg0, arg1)
	cast(arg as Type)
	ceiling(NUMERIC arg)
	Character char(INTEGER arg)
	Integer character_length(STRING_OR_CLOB arg)
	Character chr(INTEGER arg)
	coalesce(arg0[, arg1[, ...]])
	String collate(STRING string as COLLATION collation)
	String concat(STRING string0[, STRING string1[, ...]])
	Double cos(NUMERIC arg)
	Double cosh(NUMERIC arg)
	Double cot(NUMERIC arg)
	Long count([distinct ]{arg|*})
	Integer crc32(arg)
	Double cume_dist([arg0[, ...]])
	Date curdate()
	Date current date
	Date current time
	Date current timestamp
	Date current_date
	Instant current_instant
	Date current_time
	Date current_timestamp
	Date curtime()
	Date date(arg)
	dateadd(TEMPORAL_UNIT field, INTEGER magnitude, TEMPORAL datetime)
	Integer datediff(DATE end, DATE start)
	Integer day(DATE arg)
	String dayname(DATE arg)
	Integer dayofmonth(DATE arg)
	Integer dayofweek(DATE arg)
	Integer dayofyear(DATE arg)
	Double degrees(NUMERIC arg)
	Long dense_rank([arg0[, ...]])
	Boolean every(BOOLEAN arg)
	Double exp(NUMERIC arg)
	extract(TEMPORAL_UNIT field from TEMPORAL arg)
	first_valueANY value
	floor(NUMERIC arg)
	String format(TEMPORAL datetime as STRING pattern)
	greatest(COMPARABLE arg0, COMPARABLE arg1[, arg2[, ...]])
	String hex(arg)
	Integer hour(TIME arg)
	ifnull(arg0, arg1)
	String insert(STRING string, INTEGER start, INTEGER length, STRING replacement)
	Instant instant
	Integer instr(STRING string, STRING pattern[, INTEGER start[, INTEGER occurrence]])
	String json_array([arg0[, ...]])
	String json_array_append(IMPLICIT_JSON arg0, STRING arg1, ANY arg2)
	String json_array_insert(IMPLICIT_JSON arg0, STRING arg1, ANY arg2)
	String json_arrayagg(arg0[, arg1])
	Boolean json_exists(IMPLICIT_JSON arg0, STRING arg1)
	String json_insert(IMPLICIT_JSON arg0, STRING arg1, ANY arg2)
	String json_mergepatch(IMPLICIT_JSON arg0, IMPLICIT_JSON arg1[, arg2[, ...]])
	String json_object( ... )
	String json_objectagg(arg0, arg1[, arg2, arg3])
	String json_query( ... )
	String json_remove(IMPLICIT_JSON arg0, STRING arg1)
	String json_replace(IMPLICIT_JSON arg0, STRING arg1, ANY arg2)
	String json_set(IMPLICIT_JSON arg0, STRING arg1, ANY arg2)
	json_value( ... )
	lagANY value[, INTEGER offset[, ANY default]]
	Date last_day(DATE arg)
	last_valueANY value
	leadANY value[, INTEGER offset[, ANY default]]
	least(COMPARABLE arg0, COMPARABLE arg1[, arg2[, ...]])
	String left(STRING string, INTEGER length)
	Integer length(STRING_OR_CLOB arg)
	String listagg(STRING arg0, STRING arg1)
	Double ln(NUMERIC arg)
	LocalDate local date
	LocalDateTime local datetime
	LocalTime local time
	LocalDate local_date
	LocalDateTime local_datetime
	LocalTime local_time
	Date localtime
	Date localtimestamp
	Integer locate(STRING pattern, STRING string[, INTEGER start])
	Double log(NUMERIC arg0[, NUMERIC arg1])
	Double log10(NUMERIC arg)
	Double log2(NUMERIC arg)
	String lower(STRING string)
	String lpad(string, length[, padding])
	String ltrim(STRING string[, STRING characters])
	Date makedate(INTEGER year, INTEGER dayofyear)
	Date maketime(INTEGER hour, INTEGER min, INTEGER sec)
	max(COMPARABLE arg)
	byte[] md5(arg)
	Integer microsecond(TIME arg)
	min(COMPARABLE arg)
	Integer minute(TIME arg)
	Integer mod(INTEGER arg0, INTEGER arg1)
	Integer month(DATE arg)
	String monthname(DATE arg)
	Date now()
	nth_valueANY value, INTEGER nth
	nullif(arg0, arg1)
	Integer octet_length(STRING_OR_CLOB arg)
	OffsetDateTime offset datetime
	OffsetDateTime offset_datetime
	Integer ordinal(ENUM arg)
	String overlay(STRING string placing STRING replacement from INTEGER start[ for INTEGER length])
	String pad(STRING string with INTEGER length {leading|trailing}[ STRING character])
	Double percent_rank([arg0[, ...]])
	Double pi
	Integer position(STRING pattern in STRING string)
	Double power(NUMERIC arg0, NUMERIC arg1)
	Integer quarter(DATE arg)
	Double radians(NUMERIC arg)
	Double rand([INTEGER seed])
	Long rank([arg0[, ...]])
	Boolean regexp_like(STRING arg0, STRING arg1[, STRING arg2])
	String repeat(STRING string, INTEGER times)
	String replace(STRING string, STRING pattern, STRING replacement)
	String reverse(STRING arg)
	String right(STRING string, INTEGER length)
	round(NUMERIC number[, INTEGER places])
	Long row_number()
	String rpad(string, length[, padding])
	String rtrim(STRING string[, STRING characters])
	Integer second(TIME arg)
	byte[] sha(arg)
	String sha1(arg)
	String sha2(arg0, arg1)
	Integer sign(NUMERIC arg)
	Double sin(NUMERIC arg)
	Double sinh(NUMERIC arg)
	String soundex(arg)
	String space(INTEGER arg)
	sql
	Double sqrt(NUMERIC arg)
	Double stddev(NUMERIC arg)
	Double stddev_pop(NUMERIC arg)
	Double stddev_samp(NUMERIC arg)
	String str(arg)
	String string(ENUM arg)
	subdate(DATE datetime, INTEGER days)
	String substr(STRING string, INTEGER start[, INTEGER length])
	String substring(STRING string{ from|,} INTEGER start[{ for|,} INTEGER length])
	subtime(TIME datetime, TIME time)
	sum(arg)
	Date sysdate()
	Double tan(NUMERIC arg)
	Double tanh(NUMERIC arg)
	String time(arg)
	Date timestamp(arg0[, arg1])
	timestampadd(TEMPORAL_UNIT field, INTEGER magnitude, TEMPORAL datetime)
	Long|Double timestampdiff(TEMPORAL_UNIT field, TEMPORAL start, TEMPORAL end)
	String trim([[{leading|trailing|both} ][STRING arg0 ]from] STRING arg1)
	trunc( ... )
	truncate( ... )
	String upper(STRING string)
	Date utc_date
	Date utc_time
	Date utc_timestamp
	Double var_pop(NUMERIC arg)
	Double var_samp(NUMERIC arg)
	Double variance(NUMERIC arg)
	Integer week(DATE arg)
	Integer year(DATE arg)

2026-03-25 17:58:10 DEBUG core:211 - HHH000513: Unable to create the ReflectionOptimizer for [com.test.College]: private accessor [clg_city]
2026-03-25 17:58:10 INFO  core:53 - HHH000489: No JTA platform available (set 'hibernate.transaction.jta.platform' to enable JTA platform integration)
2026-03-25 17:58:10 DEBUG service:102 - HHH010454: EventListenerRegistry access via ServiceRegistry is deprecated - use 'sessionFactory.getEventEngine().getListenerRegistry()' instead
2026-03-25 17:58:10 DEBUG Table:101 - No alter strings for table: colleg
2026-03-25 17:58:10 DEBUG Table:101 - No alter strings for table: colleg_SEQ
2026-03-25 17:58:10 DEBUG factoryRegistry:86 - HHH020384: Registering SessionFactory [5638f20f-cb39-4167-b138-7c800a7aa977] (<unnamed>)
2026-03-25 17:58:10 DEBUG core:151 - HHH006588: Opening session [tenant=null]
2026-03-25 17:58:11 DEBUG core:74 - HHH006583: Beginning transaction
2026-03-25 17:58:11 DEBUG SQL:126 - 
    select
        next_val as id_val 
    from
        colleg_SEQ 
    for
        update
2026-03-25 17:58:11 DEBUG SQL:126 - 
    update
        colleg_SEQ 
    set
        next_val= ? 
    where
        next_val=?
2026-03-25 17:59:44 DEBUG service:41 - HHH010455: Adding integrator: org.hibernate.boot.beanvalidation.BeanValidationIntegrator
2026-03-25 17:59:44 DEBUG service:41 - HHH010455: Adding integrator: org.hibernate.cache.internal.CollectionCacheInvalidator
2026-03-25 17:59:44 INFO  core:41 - HHH000001: Hibernate ORM core version 7.3.0.Final
2026-03-25 17:59:44 DEBUG core:155 - HHH000206: 'hibernate.properties' not found
2026-03-25 17:59:44 DEBUG boot:97 - HHH160204: cfg.xml document did not define namespaces; wrapping in custom event reader to introduce namespace information
2026-03-25 17:59:44 DEBUG cache:116 - HHH90001031: Cannot default RegionFactory since no RegionFactory strategies were registered
2026-03-25 17:59:44 DEBUG cache:46 - HHH90001029: Second-level cache disabled
2026-03-25 17:59:45 WARN  pooling:86 - HHH10001002: Using built-in connection pool (not intended for production use)
2026-03-25 17:59:45 DEBUG pooling:34 - HHH10001014: Initializing connection pool with 1 connections
2026-03-25 17:59:45 DEBUG jdbc:457 - HHH100017: Database:
	name: MySQL
	version: 8.0.42
	major: 8
	minor: 0
2026-03-25 17:59:45 DEBUG jdbc:463 - HHH100018: Driver:
	name: MySQL Connector/J
	version: mysql-connector-j-8.0.33 (Revision: 7d6b0800528b6b25c68b52dc10d6c1c8429c100c)
	major: 8
	minor: 0
	JDBC version: 4.2
2026-03-25 17:59:45 WARN  deprecation:152 - HHH90000025: MySQLDialect does not need to be specified explicitly using 'hibernate.dialect' (remove the property setting and it will be selected by default)
2026-03-25 17:59:45 DEBUG dialect:93 - HHH035001: Using dialect: org.hibernate.dialect.MySQLDialect, version: 8.0.42
2026-03-25 17:59:45 DEBUG IdentifierHelperBuilder:205 - IdentifierCaseStrategy for both quoted and unquoted identifiers was set to the same strategy [LOWER]; that will likely lead to problems in schema update and validation if using quoted identifiers
2026-03-25 17:59:45 DEBUG jdbc:379 - HHH100122: Using default JDBC fetch size: 0
2026-03-25 17:59:45 INFO  pooling:179 - HHH10001005: Database info:
	Database JDBC URL [jdbc:mysql://localhost:3306/mla]
	Database driver: MySQL Connector/J
	Database dialect: MySQLDialect
	Database version: 8.0.42
	Default catalog/schema: mla/undefined
	Autocommit mode: false
	Isolation level: REPEATABLE_READ
	JDBC fetch size: none
	Pool: DriverManagerConnectionProvider
	Minimum pool size: 1
	Maximum pool size: 20
2026-03-25 17:59:45 DEBUG factory:230 - HHH90020001: Instantiating factory [ff80b5cd-39c2-4f85-8d18-6aaebf8bce8f] with settings: {hibernate.format_sql=true, java.specification.version=25, sun.cpu.isalist=amd64, sun.jnu.encoding=Cp1252, hibernate.dialect=org.hibernate.dialect.MySQLDialect, java.class.path=C:\Users\yashaswini.hs\Desktop\Spring-advance\Assignment\target\classes;C:\Users\yashaswini.hs\.m2\repository\com\mysql\mysql-connector-j\8.0.33\mysql-connector-j-8.0.33.jar;C:\Users\yashaswini.hs\.m2\repository\com\google\protobuf\protobuf-java\3.21.9\protobuf-java-3.21.9.jar;C:\Users\yashaswini.hs\.m2\repository\org\hibernate\orm\hibernate-core\7.3.0.Final\hibernate-core-7.3.0.Final.jar;C:\Users\yashaswini.hs\.m2\repository\jakarta\persistence\jakarta.persistence-api\3.2.0\jakarta.persistence-api-3.2.0.jar;C:\Users\yashaswini.hs\.m2\repository\jakarta\transaction\jakarta.transaction-api\2.0.1\jakarta.transaction-api-2.0.1.jar;C:\Users\yashaswini.hs\.m2\repository\org\jboss\logging\jboss-logging\3.6.1.Final\jboss-logging-3.6.1.Final.jar;C:\Users\yashaswini.hs\.m2\repository\org\hibernate\models\hibernate-models\1.1.0\hibernate-models-1.1.0.jar;C:\Users\yashaswini.hs\.m2\repository\net\bytebuddy\byte-buddy\1.18.7\byte-buddy-1.18.7.jar;C:\Users\yashaswini.hs\.m2\repository\jakarta\xml\bind\jakarta.xml.bind-api\4.0.4\jakarta.xml.bind-api-4.0.4.jar;C:\Users\yashaswini.hs\.m2\repository\jakarta\activation\jakarta.activation-api\2.1.4\jakarta.activation-api-2.1.4.jar;C:\Users\yashaswini.hs\.m2\repository\org\glassfish\jaxb\jaxb-runtime\4.0.6\jaxb-runtime-4.0.6.jar;C:\Users\yashaswini.hs\.m2\repository\org\glassfish\jaxb\jaxb-core\4.0.6\jaxb-core-4.0.6.jar;C:\Users\yashaswini.hs\.m2\repository\org\eclipse\angus\angus-activation\2.0.3\angus-activation-2.0.3.jar;C:\Users\yashaswini.hs\.m2\repository\org\glassfish\jaxb\txw2\4.0.6\txw2-4.0.6.jar;C:\Users\yashaswini.hs\.m2\repository\com\sun\istack\istack-commons-runtime\4.1.2\istack-commons-runtime-4.1.2.jar;C:\Users\yashaswini.hs\.m2\repository\jakarta\inject\jakarta.inject-api\2.0.1\jakarta.inject-api-2.0.1.jar;C:\Users\yashaswini.hs\.m2\repository\org\antlr\antlr4-runtime\4.13.2\antlr4-runtime-4.13.2.jar;C:\Users\yashaswini.hs\.m2\repository\org\apache\logging\log4j\log4j-core\2.17.1\log4j-core-2.17.1.jar;C:\Users\yashaswini.hs\.m2\repository\org\apache\logging\log4j\log4j-api\2.17.1\log4j-api-2.17.1.jar;C:\Users\yashaswini.hs\.m2\repository\org\apache\logging\log4j\log4j-slf4j-impl\2.17.1\log4j-slf4j-impl-2.17.1.jar;C:\Users\yashaswini.hs\.m2\repository\org\slf4j\slf4j-api\1.7.25\slf4j-api-1.7.25.jar, java.vm.vendor=Eclipse Adoptium, sun.arch.data.model=64, hbm2ddl.auto=update, user.variant=, java.vendor.url=https://adoptium.net/, user.timezone=Asia/Calcutta, java.vm.specification.version=25, os.name=Windows 11, sun.java.launcher=SUN_STANDARD, user.country=US, sun.boot.library.path=C:\Users\yashaswini.hs\Downloads\sts-5.1.1.RELEASE\plugins\org.eclipse.justj.openjdk.hotspot.jre.full.win32.x86_64_25.0.2.v20260203-1141\jre\bin, sun.java.command=com.test.HibInheritDemo, jdk.debug=release, sun.cpu.endian=little, user.home=C:\Users\yashaswini.hs, user.language=en, java.specification.vendor=Oracle Corporation, java.version.date=2026-01-20, java.home=C:\Users\yashaswini.hs\Downloads\sts-5.1.1.RELEASE\plugins\org.eclipse.justj.openjdk.hotspot.jre.full.win32.x86_64_25.0.2.v20260203-1141\jre, file.separator=\, java.vm.compressedOopsMode=Zero based, line.separator=
, java.vm.specification.vendor=Oracle Corporation, java.specification.name=Java Platform API Specification, hibernate.hbm2ddl.auto=update, user.script=, sun.management.compiler=HotSpot 64-Bit Tiered Compilers, java.runtime.version=25.0.2+10-LTS, user.name=yashaswini.hs, stdout.encoding=UTF-8, path.separator=;, hibernate.connection.username=****, os.version=10.0, java.runtime.name=OpenJDK Runtime Environment, hibernate.connection.url=jdbc:mysql://localhost:3306/mla, file.encoding=UTF-8, format_sql=true, java.vm.name=OpenJDK 64-Bit Server VM, hibernate.show_sql=true, java.vendor.version=Temurin-25.0.2+10, show_sql=true, hibernate.connection.driver_class=com.mysql.cj.jdbc.Driver, java.vendor.url.bug=https://github.com/adoptium/adoptium-support/issues, java.io.tmpdir=C:\Users\YASHAS~1.HS\AppData\Local\Temp\, java.version=25.0.2, user.dir=C:\Users\yashaswini.hs\Desktop\Spring-advance\Assignment, os.arch=amd64, java.vm.specification.name=Java Virtual Machine Specification, hibernate.connection.password=****, sun.os.patch.level=, hibernate.boot.CfgXmlAccessService.key=org.hibernate.boot.cfgxml.spi.LoadedConfig@12d40609, native.encoding=Cp1252, java.library.path=C:\Users\yashaswini.hs\Downloads\sts-5.1.1.RELEASE\plugins\org.eclipse.justj.openjdk.hotspot.jre.full.win32.x86_64_25.0.2.v20260203-1141\jre\bin;C:\WINDOWS\Sun\Java\bin;C:\WINDOWS\system32;C:\WINDOWS;C:/Users/yashaswini.hs/Downloads/sts-5.1.1.RELEASE//plugins/org.eclipse.justj.openjdk.hotspot.jre.full.win32.x86_64_25.0.2.v20260203-1141/jre/bin/server;C:/Users/yashaswini.hs/Downloads/sts-5.1.1.RELEASE//plugins/org.eclipse.justj.openjdk.hotspot.jre.full.win32.x86_64_25.0.2.v20260203-1141/jre/bin;C:\Program Files\Microsoft\jdk-11.0.23.9-hotspot\bin;C:\Program Files\Microsoft\jdk-17.0.15.6-hotspot\bin;C:\Program Files\Python313\Scripts\;C:\Program Files\Python313\;%SystemRoot%\system32;%SystemRoot%;%SystemRoot%\System32\Wbem;%SYSTEMROOT%\System32\WindowsPowerShell\v1.0\;%SYSTEMROOT%\System32\OpenSSH\;C:\Program Files\Git\cmd;C:\Program Files\dotnet\;C:\Program Files\apache-maven-3.9.10\bin;C:\Program Files\nodejs\;C:\Program Files\Microsoft VS Code\bin;C:\Program Files\PuTTY\;C:\Program Files (x86)\Microsoft SQL Server\160\DTS\Binn\;C:\Program Files (x86)\Microsoft SQL Server\160\Tools\Binn\;C:\Program Files\Microsoft SQL Server\160\Tools\Binn\;C:\Program Files\Microsoft SQL Server\Client SDK\ODBC\170\Tools\Binn\;C:\Program Files\Microsoft SQL Server\160\DTS\Binn\;C:\Program Files\apache-maven-3.9.10\bin;C:\Program Files\apache-maven-3.9.10\bin;C:\Program Files\apache-maven-3.9.10\bin;C:\Users\yashaswini.hs\AppData\Local\Microsoft\WindowsApps;;C:\Users\yashaswini.hs\Downloads\sts-5.1.1.RELEASE;;., stderr.encoding=UTF-8, java.vendor=Eclipse Adoptium, java.vm.info=mixed mode, sharing, stdin.encoding=Cp1252, java.vm.version=25.0.2+10-LTS, sun.io.unicode.encoding=UnicodeLittle, java.class.version=69.0}
2026-03-25 17:59:46 DEBUG HQL_FUNCTIONS:155 - Available HQL Functions:
	abs(NUMERIC arg)
	Double acos(NUMERIC arg)
	adddate(DATE datetime, INTEGER days)
	addtime(TIME datetime, TIME time)
	Boolean any(BOOLEAN arg)
	Integer ascii(STRING arg)
	Double asin(NUMERIC arg)
	Double atan(NUMERIC arg)
	Double atan2(NUMERIC arg0, NUMERIC arg1)
	avg(arg)
	bit_and(arg)
	Integer bit_length(STRING_OR_CLOB arg)
	bit_or(arg)
	bitand(arg0, arg1)
	bitnot(arg)
	bitor(arg0, arg1)
	bitxor(arg0, arg1)
	cast(arg as Type)
	ceiling(NUMERIC arg)
	Character char(INTEGER arg)
	Integer character_length(STRING_OR_CLOB arg)
	Character chr(INTEGER arg)
	coalesce(arg0[, arg1[, ...]])
	String collate(STRING string as COLLATION collation)
	String concat(STRING string0[, STRING string1[, ...]])
	Double cos(NUMERIC arg)
	Double cosh(NUMERIC arg)
	Double cot(NUMERIC arg)
	Long count([distinct ]{arg|*})
	Integer crc32(arg)
	Double cume_dist([arg0[, ...]])
	Date curdate()
	Date current date
	Date current time
	Date current timestamp
	Date current_date
	Instant current_instant
	Date current_time
	Date current_timestamp
	Date curtime()
	Date date(arg)
	dateadd(TEMPORAL_UNIT field, INTEGER magnitude, TEMPORAL datetime)
	Integer datediff(DATE end, DATE start)
	Integer day(DATE arg)
	String dayname(DATE arg)
	Integer dayofmonth(DATE arg)
	Integer dayofweek(DATE arg)
	Integer dayofyear(DATE arg)
	Double degrees(NUMERIC arg)
	Long dense_rank([arg0[, ...]])
	Boolean every(BOOLEAN arg)
	Double exp(NUMERIC arg)
	extract(TEMPORAL_UNIT field from TEMPORAL arg)
	first_valueANY value
	floor(NUMERIC arg)
	String format(TEMPORAL datetime as STRING pattern)
	greatest(COMPARABLE arg0, COMPARABLE arg1[, arg2[, ...]])
	String hex(arg)
	Integer hour(TIME arg)
	ifnull(arg0, arg1)
	String insert(STRING string, INTEGER start, INTEGER length, STRING replacement)
	Instant instant
	Integer instr(STRING string, STRING pattern[, INTEGER start[, INTEGER occurrence]])
	String json_array([arg0[, ...]])
	String json_array_append(IMPLICIT_JSON arg0, STRING arg1, ANY arg2)
	String json_array_insert(IMPLICIT_JSON arg0, STRING arg1, ANY arg2)
	String json_arrayagg(arg0[, arg1])
	Boolean json_exists(IMPLICIT_JSON arg0, STRING arg1)
	String json_insert(IMPLICIT_JSON arg0, STRING arg1, ANY arg2)
	String json_mergepatch(IMPLICIT_JSON arg0, IMPLICIT_JSON arg1[, arg2[, ...]])
	String json_object( ... )
	String json_objectagg(arg0, arg1[, arg2, arg3])
	String json_query( ... )
	String json_remove(IMPLICIT_JSON arg0, STRING arg1)
	String json_replace(IMPLICIT_JSON arg0, STRING arg1, ANY arg2)
	String json_set(IMPLICIT_JSON arg0, STRING arg1, ANY arg2)
	json_value( ... )
	lagANY value[, INTEGER offset[, ANY default]]
	Date last_day(DATE arg)
	last_valueANY value
	leadANY value[, INTEGER offset[, ANY default]]
	least(COMPARABLE arg0, COMPARABLE arg1[, arg2[, ...]])
	String left(STRING string, INTEGER length)
	Integer length(STRING_OR_CLOB arg)
	String listagg(STRING arg0, STRING arg1)
	Double ln(NUMERIC arg)
	LocalDate local date
	LocalDateTime local datetime
	LocalTime local time
	LocalDate local_date
	LocalDateTime local_datetime
	LocalTime local_time
	Date localtime
	Date localtimestamp
	Integer locate(STRING pattern, STRING string[, INTEGER start])
	Double log(NUMERIC arg0[, NUMERIC arg1])
	Double log10(NUMERIC arg)
	Double log2(NUMERIC arg)
	String lower(STRING string)
	String lpad(string, length[, padding])
	String ltrim(STRING string[, STRING characters])
	Date makedate(INTEGER year, INTEGER dayofyear)
	Date maketime(INTEGER hour, INTEGER min, INTEGER sec)
	max(COMPARABLE arg)
	byte[] md5(arg)
	Integer microsecond(TIME arg)
	min(COMPARABLE arg)
	Integer minute(TIME arg)
	Integer mod(INTEGER arg0, INTEGER arg1)
	Integer month(DATE arg)
	String monthname(DATE arg)
	Date now()
	nth_valueANY value, INTEGER nth
	nullif(arg0, arg1)
	Integer octet_length(STRING_OR_CLOB arg)
	OffsetDateTime offset datetime
	OffsetDateTime offset_datetime
	Integer ordinal(ENUM arg)
	String overlay(STRING string placing STRING replacement from INTEGER start[ for INTEGER length])
	String pad(STRING string with INTEGER length {leading|trailing}[ STRING character])
	Double percent_rank([arg0[, ...]])
	Double pi
	Integer position(STRING pattern in STRING string)
	Double power(NUMERIC arg0, NUMERIC arg1)
	Integer quarter(DATE arg)
	Double radians(NUMERIC arg)
	Double rand([INTEGER seed])
	Long rank([arg0[, ...]])
	Boolean regexp_like(STRING arg0, STRING arg1[, STRING arg2])
	String repeat(STRING string, INTEGER times)
	String replace(STRING string, STRING pattern, STRING replacement)
	String reverse(STRING arg)
	String right(STRING string, INTEGER length)
	round(NUMERIC number[, INTEGER places])
	Long row_number()
	String rpad(string, length[, padding])
	String rtrim(STRING string[, STRING characters])
	Integer second(TIME arg)
	byte[] sha(arg)
	String sha1(arg)
	String sha2(arg0, arg1)
	Integer sign(NUMERIC arg)
	Double sin(NUMERIC arg)
	Double sinh(NUMERIC arg)
	String soundex(arg)
	String space(INTEGER arg)
	sql
	Double sqrt(NUMERIC arg)
	Double stddev(NUMERIC arg)
	Double stddev_pop(NUMERIC arg)
	Double stddev_samp(NUMERIC arg)
	String str(arg)
	String string(ENUM arg)
	subdate(DATE datetime, INTEGER days)
	String substr(STRING string, INTEGER start[, INTEGER length])
	String substring(STRING string{ from|,} INTEGER start[{ for|,} INTEGER length])
	subtime(TIME datetime, TIME time)
	sum(arg)
	Date sysdate()
	Double tan(NUMERIC arg)
	Double tanh(NUMERIC arg)
	String time(arg)
	Date timestamp(arg0[, arg1])
	timestampadd(TEMPORAL_UNIT field, INTEGER magnitude, TEMPORAL datetime)
	Long|Double timestampdiff(TEMPORAL_UNIT field, TEMPORAL start, TEMPORAL end)
	String trim([[{leading|trailing|both} ][STRING arg0 ]from] STRING arg1)
	trunc( ... )
	truncate( ... )
	String upper(STRING string)
	Date utc_date
	Date utc_time
	Date utc_timestamp
	Double var_pop(NUMERIC arg)
	Double var_samp(NUMERIC arg)
	Double variance(NUMERIC arg)
	Integer week(DATE arg)
	Integer year(DATE arg)

2026-03-25 17:59:46 DEBUG core:211 - HHH000513: Unable to create the ReflectionOptimizer for [com.test.College]: private accessor [clg_city]
2026-03-25 17:59:46 INFO  core:53 - HHH000489: No JTA platform available (set 'hibernate.transaction.jta.platform' to enable JTA platform integration)
2026-03-25 17:59:46 DEBUG service:102 - HHH010454: EventListenerRegistry access via ServiceRegistry is deprecated - use 'sessionFactory.getEventEngine().getListenerRegistry()' instead
2026-03-25 17:59:46 DEBUG Table:101 - No alter strings for table: colleg
2026-03-25 17:59:46 DEBUG Table:101 - No alter strings for table: colleg_SEQ
2026-03-25 17:59:46 DEBUG factoryRegistry:86 - HHH020384: Registering SessionFactory [ff80b5cd-39c2-4f85-8d18-6aaebf8bce8f] (<unnamed>)
2026-03-25 17:59:46 DEBUG core:151 - HHH006588: Opening session [tenant=null]
2026-03-25 17:59:46 DEBUG core:74 - HHH006583: Beginning transaction
2026-03-25 17:59:46 DEBUG SQL:126 - 
    select
        next_val as id_val 
    from
        colleg_SEQ 
    for
        update
2026-03-25 17:59:46 DEBUG SQL:126 - 
    update
        colleg_SEQ 
    set
        next_val= ? 
    where
        next_val=?
2026-03-25 18:01:14 DEBUG service:41 - HHH010455: Adding integrator: org.hibernate.boot.beanvalidation.BeanValidationIntegrator
2026-03-25 18:01:14 DEBUG service:41 - HHH010455: Adding integrator: org.hibernate.cache.internal.CollectionCacheInvalidator
2026-03-25 18:01:14 INFO  core:41 - HHH000001: Hibernate ORM core version 7.3.0.Final
2026-03-25 18:01:14 DEBUG core:155 - HHH000206: 'hibernate.properties' not found
2026-03-25 18:01:14 DEBUG boot:97 - HHH160204: cfg.xml document did not define namespaces; wrapping in custom event reader to introduce namespace information
2026-03-25 18:01:14 DEBUG cache:116 - HHH90001031: Cannot default RegionFactory since no RegionFactory strategies were registered
2026-03-25 18:01:14 DEBUG cache:46 - HHH90001029: Second-level cache disabled
2026-03-25 18:01:15 WARN  pooling:86 - HHH10001002: Using built-in connection pool (not intended for production use)
2026-03-25 18:01:15 DEBUG pooling:34 - HHH10001014: Initializing connection pool with 1 connections
2026-03-25 18:01:15 DEBUG jdbc:457 - HHH100017: Database:
	name: MySQL
	version: 8.0.42
	major: 8
	minor: 0
2026-03-25 18:01:15 DEBUG jdbc:463 - HHH100018: Driver:
	name: MySQL Connector/J
	version: mysql-connector-j-8.0.33 (Revision: 7d6b0800528b6b25c68b52dc10d6c1c8429c100c)
	major: 8
	minor: 0
	JDBC version: 4.2
2026-03-25 18:01:15 WARN  deprecation:152 - HHH90000025: MySQLDialect does not need to be specified explicitly using 'hibernate.dialect' (remove the property setting and it will be selected by default)
2026-03-25 18:01:15 DEBUG dialect:93 - HHH035001: Using dialect: org.hibernate.dialect.MySQLDialect, version: 8.0.42
2026-03-25 18:01:15 DEBUG IdentifierHelperBuilder:205 - IdentifierCaseStrategy for both quoted and unquoted identifiers was set to the same strategy [LOWER]; that will likely lead to problems in schema update and validation if using quoted identifiers
2026-03-25 18:01:15 DEBUG jdbc:379 - HHH100122: Using default JDBC fetch size: 0
2026-03-25 18:01:15 INFO  pooling:179 - HHH10001005: Database info:
	Database JDBC URL [jdbc:mysql://localhost:3306/mla]
	Database driver: MySQL Connector/J
	Database dialect: MySQLDialect
	Database version: 8.0.42
	Default catalog/schema: mla/undefined
	Autocommit mode: false
	Isolation level: REPEATABLE_READ
	JDBC fetch size: none
	Pool: DriverManagerConnectionProvider
	Minimum pool size: 1
	Maximum pool size: 20
2026-03-25 18:01:16 DEBUG factory:230 - HHH90020001: Instantiating factory [9dfda294-b548-4994-a459-6da2a9c95e14] with settings: {hibernate.format_sql=true, java.specification.version=25, sun.cpu.isalist=amd64, sun.jnu.encoding=Cp1252, hibernate.dialect=org.hibernate.dialect.MySQLDialect, java.class.path=C:\Users\yashaswini.hs\Desktop\Spring-advance\Assignment\target\classes;C:\Users\yashaswini.hs\.m2\repository\com\mysql\mysql-connector-j\8.0.33\mysql-connector-j-8.0.33.jar;C:\Users\yashaswini.hs\.m2\repository\com\google\protobuf\protobuf-java\3.21.9\protobuf-java-3.21.9.jar;C:\Users\yashaswini.hs\.m2\repository\org\hibernate\orm\hibernate-core\7.3.0.Final\hibernate-core-7.3.0.Final.jar;C:\Users\yashaswini.hs\.m2\repository\jakarta\persistence\jakarta.persistence-api\3.2.0\jakarta.persistence-api-3.2.0.jar;C:\Users\yashaswini.hs\.m2\repository\jakarta\transaction\jakarta.transaction-api\2.0.1\jakarta.transaction-api-2.0.1.jar;C:\Users\yashaswini.hs\.m2\repository\org\jboss\logging\jboss-logging\3.6.1.Final\jboss-logging-3.6.1.Final.jar;C:\Users\yashaswini.hs\.m2\repository\org\hibernate\models\hibernate-models\1.1.0\hibernate-models-1.1.0.jar;C:\Users\yashaswini.hs\.m2\repository\net\bytebuddy\byte-buddy\1.18.7\byte-buddy-1.18.7.jar;C:\Users\yashaswini.hs\.m2\repository\jakarta\xml\bind\jakarta.xml.bind-api\4.0.4\jakarta.xml.bind-api-4.0.4.jar;C:\Users\yashaswini.hs\.m2\repository\jakarta\activation\jakarta.activation-api\2.1.4\jakarta.activation-api-2.1.4.jar;C:\Users\yashaswini.hs\.m2\repository\org\glassfish\jaxb\jaxb-runtime\4.0.6\jaxb-runtime-4.0.6.jar;C:\Users\yashaswini.hs\.m2\repository\org\glassfish\jaxb\jaxb-core\4.0.6\jaxb-core-4.0.6.jar;C:\Users\yashaswini.hs\.m2\repository\org\eclipse\angus\angus-activation\2.0.3\angus-activation-2.0.3.jar;C:\Users\yashaswini.hs\.m2\repository\org\glassfish\jaxb\txw2\4.0.6\txw2-4.0.6.jar;C:\Users\yashaswini.hs\.m2\repository\com\sun\istack\istack-commons-runtime\4.1.2\istack-commons-runtime-4.1.2.jar;C:\Users\yashaswini.hs\.m2\repository\jakarta\inject\jakarta.inject-api\2.0.1\jakarta.inject-api-2.0.1.jar;C:\Users\yashaswini.hs\.m2\repository\org\antlr\antlr4-runtime\4.13.2\antlr4-runtime-4.13.2.jar;C:\Users\yashaswini.hs\.m2\repository\org\apache\logging\log4j\log4j-core\2.17.1\log4j-core-2.17.1.jar;C:\Users\yashaswini.hs\.m2\repository\org\apache\logging\log4j\log4j-api\2.17.1\log4j-api-2.17.1.jar;C:\Users\yashaswini.hs\.m2\repository\org\apache\logging\log4j\log4j-slf4j-impl\2.17.1\log4j-slf4j-impl-2.17.1.jar;C:\Users\yashaswini.hs\.m2\repository\org\slf4j\slf4j-api\1.7.25\slf4j-api-1.7.25.jar, java.vm.vendor=Eclipse Adoptium, sun.arch.data.model=64, hbm2ddl.auto=update, user.variant=, java.vendor.url=https://adoptium.net/, user.timezone=Asia/Calcutta, java.vm.specification.version=25, os.name=Windows 11, sun.java.launcher=SUN_STANDARD, user.country=US, sun.boot.library.path=C:\Users\yashaswini.hs\Downloads\sts-5.1.1.RELEASE\plugins\org.eclipse.justj.openjdk.hotspot.jre.full.win32.x86_64_25.0.2.v20260203-1141\jre\bin, sun.java.command=com.test.HibInheritDemo, jdk.debug=release, sun.cpu.endian=little, user.home=C:\Users\yashaswini.hs, user.language=en, java.specification.vendor=Oracle Corporation, java.version.date=2026-01-20, java.home=C:\Users\yashaswini.hs\Downloads\sts-5.1.1.RELEASE\plugins\org.eclipse.justj.openjdk.hotspot.jre.full.win32.x86_64_25.0.2.v20260203-1141\jre, file.separator=\, java.vm.compressedOopsMode=Zero based, line.separator=
, java.vm.specification.vendor=Oracle Corporation, java.specification.name=Java Platform API Specification, hibernate.hbm2ddl.auto=update, user.script=, sun.management.compiler=HotSpot 64-Bit Tiered Compilers, java.runtime.version=25.0.2+10-LTS, user.name=yashaswini.hs, stdout.encoding=UTF-8, path.separator=;, hibernate.connection.username=****, os.version=10.0, java.runtime.name=OpenJDK Runtime Environment, hibernate.connection.url=jdbc:mysql://localhost:3306/mla, file.encoding=UTF-8, format_sql=true, java.vm.name=OpenJDK 64-Bit Server VM, hibernate.show_sql=true, java.vendor.version=Temurin-25.0.2+10, show_sql=true, hibernate.connection.driver_class=com.mysql.cj.jdbc.Driver, java.vendor.url.bug=https://github.com/adoptium/adoptium-support/issues, java.io.tmpdir=C:\Users\YASHAS~1.HS\AppData\Local\Temp\, java.version=25.0.2, user.dir=C:\Users\yashaswini.hs\Desktop\Spring-advance\Assignment, os.arch=amd64, java.vm.specification.name=Java Virtual Machine Specification, hibernate.connection.password=****, sun.os.patch.level=, hibernate.boot.CfgXmlAccessService.key=org.hibernate.boot.cfgxml.spi.LoadedConfig@ce12fbb, native.encoding=Cp1252, java.library.path=C:\Users\yashaswini.hs\Downloads\sts-5.1.1.RELEASE\plugins\org.eclipse.justj.openjdk.hotspot.jre.full.win32.x86_64_25.0.2.v20260203-1141\jre\bin;C:\WINDOWS\Sun\Java\bin;C:\WINDOWS\system32;C:\WINDOWS;C:/Users/yashaswini.hs/Downloads/sts-5.1.1.RELEASE//plugins/org.eclipse.justj.openjdk.hotspot.jre.full.win32.x86_64_25.0.2.v20260203-1141/jre/bin/server;C:/Users/yashaswini.hs/Downloads/sts-5.1.1.RELEASE//plugins/org.eclipse.justj.openjdk.hotspot.jre.full.win32.x86_64_25.0.2.v20260203-1141/jre/bin;C:\Program Files\Microsoft\jdk-11.0.23.9-hotspot\bin;C:\Program Files\Microsoft\jdk-17.0.15.6-hotspot\bin;C:\Program Files\Python313\Scripts\;C:\Program Files\Python313\;%SystemRoot%\system32;%SystemRoot%;%SystemRoot%\System32\Wbem;%SYSTEMROOT%\System32\WindowsPowerShell\v1.0\;%SYSTEMROOT%\System32\OpenSSH\;C:\Program Files\Git\cmd;C:\Program Files\dotnet\;C:\Program Files\apache-maven-3.9.10\bin;C:\Program Files\nodejs\;C:\Program Files\Microsoft VS Code\bin;C:\Program Files\PuTTY\;C:\Program Files (x86)\Microsoft SQL Server\160\DTS\Binn\;C:\Program Files (x86)\Microsoft SQL Server\160\Tools\Binn\;C:\Program Files\Microsoft SQL Server\160\Tools\Binn\;C:\Program Files\Microsoft SQL Server\Client SDK\ODBC\170\Tools\Binn\;C:\Program Files\Microsoft SQL Server\160\DTS\Binn\;C:\Program Files\apache-maven-3.9.10\bin;C:\Program Files\apache-maven-3.9.10\bin;C:\Program Files\apache-maven-3.9.10\bin;C:\Users\yashaswini.hs\AppData\Local\Microsoft\WindowsApps;;C:\Users\yashaswini.hs\Downloads\sts-5.1.1.RELEASE;;., stderr.encoding=UTF-8, java.vendor=Eclipse Adoptium, java.vm.info=mixed mode, sharing, stdin.encoding=Cp1252, java.vm.version=25.0.2+10-LTS, sun.io.unicode.encoding=UnicodeLittle, java.class.version=69.0}
2026-03-25 18:01:16 DEBUG HQL_FUNCTIONS:155 - Available HQL Functions:
	abs(NUMERIC arg)
	Double acos(NUMERIC arg)
	adddate(DATE datetime, INTEGER days)
	addtime(TIME datetime, TIME time)
	Boolean any(BOOLEAN arg)
	Integer ascii(STRING arg)
	Double asin(NUMERIC arg)
	Double atan(NUMERIC arg)
	Double atan2(NUMERIC arg0, NUMERIC arg1)
	avg(arg)
	bit_and(arg)
	Integer bit_length(STRING_OR_CLOB arg)
	bit_or(arg)
	bitand(arg0, arg1)
	bitnot(arg)
	bitor(arg0, arg1)
	bitxor(arg0, arg1)
	cast(arg as Type)
	ceiling(NUMERIC arg)
	Character char(INTEGER arg)
	Integer character_length(STRING_OR_CLOB arg)
	Character chr(INTEGER arg)
	coalesce(arg0[, arg1[, ...]])
	String collate(STRING string as COLLATION collation)
	String concat(STRING string0[, STRING string1[, ...]])
	Double cos(NUMERIC arg)
	Double cosh(NUMERIC arg)
	Double cot(NUMERIC arg)
	Long count([distinct ]{arg|*})
	Integer crc32(arg)
	Double cume_dist([arg0[, ...]])
	Date curdate()
	Date current date
	Date current time
	Date current timestamp
	Date current_date
	Instant current_instant
	Date current_time
	Date current_timestamp
	Date curtime()
	Date date(arg)
	dateadd(TEMPORAL_UNIT field, INTEGER magnitude, TEMPORAL datetime)
	Integer datediff(DATE end, DATE start)
	Integer day(DATE arg)
	String dayname(DATE arg)
	Integer dayofmonth(DATE arg)
	Integer dayofweek(DATE arg)
	Integer dayofyear(DATE arg)
	Double degrees(NUMERIC arg)
	Long dense_rank([arg0[, ...]])
	Boolean every(BOOLEAN arg)
	Double exp(NUMERIC arg)
	extract(TEMPORAL_UNIT field from TEMPORAL arg)
	first_valueANY value
	floor(NUMERIC arg)
	String format(TEMPORAL datetime as STRING pattern)
	greatest(COMPARABLE arg0, COMPARABLE arg1[, arg2[, ...]])
	String hex(arg)
	Integer hour(TIME arg)
	ifnull(arg0, arg1)
	String insert(STRING string, INTEGER start, INTEGER length, STRING replacement)
	Instant instant
	Integer instr(STRING string, STRING pattern[, INTEGER start[, INTEGER occurrence]])
	String json_array([arg0[, ...]])
	String json_array_append(IMPLICIT_JSON arg0, STRING arg1, ANY arg2)
	String json_array_insert(IMPLICIT_JSON arg0, STRING arg1, ANY arg2)
	String json_arrayagg(arg0[, arg1])
	Boolean json_exists(IMPLICIT_JSON arg0, STRING arg1)
	String json_insert(IMPLICIT_JSON arg0, STRING arg1, ANY arg2)
	String json_mergepatch(IMPLICIT_JSON arg0, IMPLICIT_JSON arg1[, arg2[, ...]])
	String json_object( ... )
	String json_objectagg(arg0, arg1[, arg2, arg3])
	String json_query( ... )
	String json_remove(IMPLICIT_JSON arg0, STRING arg1)
	String json_replace(IMPLICIT_JSON arg0, STRING arg1, ANY arg2)
	String json_set(IMPLICIT_JSON arg0, STRING arg1, ANY arg2)
	json_value( ... )
	lagANY value[, INTEGER offset[, ANY default]]
	Date last_day(DATE arg)
	last_valueANY value
	leadANY value[, INTEGER offset[, ANY default]]
	least(COMPARABLE arg0, COMPARABLE arg1[, arg2[, ...]])
	String left(STRING string, INTEGER length)
	Integer length(STRING_OR_CLOB arg)
	String listagg(STRING arg0, STRING arg1)
	Double ln(NUMERIC arg)
	LocalDate local date
	LocalDateTime local datetime
	LocalTime local time
	LocalDate local_date
	LocalDateTime local_datetime
	LocalTime local_time
	Date localtime
	Date localtimestamp
	Integer locate(STRING pattern, STRING string[, INTEGER start])
	Double log(NUMERIC arg0[, NUMERIC arg1])
	Double log10(NUMERIC arg)
	Double log2(NUMERIC arg)
	String lower(STRING string)
	String lpad(string, length[, padding])
	String ltrim(STRING string[, STRING characters])
	Date makedate(INTEGER year, INTEGER dayofyear)
	Date maketime(INTEGER hour, INTEGER min, INTEGER sec)
	max(COMPARABLE arg)
	byte[] md5(arg)
	Integer microsecond(TIME arg)
	min(COMPARABLE arg)
	Integer minute(TIME arg)
	Integer mod(INTEGER arg0, INTEGER arg1)
	Integer month(DATE arg)
	String monthname(DATE arg)
	Date now()
	nth_valueANY value, INTEGER nth
	nullif(arg0, arg1)
	Integer octet_length(STRING_OR_CLOB arg)
	OffsetDateTime offset datetime
	OffsetDateTime offset_datetime
	Integer ordinal(ENUM arg)
	String overlay(STRING string placing STRING replacement from INTEGER start[ for INTEGER length])
	String pad(STRING string with INTEGER length {leading|trailing}[ STRING character])
	Double percent_rank([arg0[, ...]])
	Double pi
	Integer position(STRING pattern in STRING string)
	Double power(NUMERIC arg0, NUMERIC arg1)
	Integer quarter(DATE arg)
	Double radians(NUMERIC arg)
	Double rand([INTEGER seed])
	Long rank([arg0[, ...]])
	Boolean regexp_like(STRING arg0, STRING arg1[, STRING arg2])
	String repeat(STRING string, INTEGER times)
	String replace(STRING string, STRING pattern, STRING replacement)
	String reverse(STRING arg)
	String right(STRING string, INTEGER length)
	round(NUMERIC number[, INTEGER places])
	Long row_number()
	String rpad(string, length[, padding])
	String rtrim(STRING string[, STRING characters])
	Integer second(TIME arg)
	byte[] sha(arg)
	String sha1(arg)
	String sha2(arg0, arg1)
	Integer sign(NUMERIC arg)
	Double sin(NUMERIC arg)
	Double sinh(NUMERIC arg)
	String soundex(arg)
	String space(INTEGER arg)
	sql
	Double sqrt(NUMERIC arg)
	Double stddev(NUMERIC arg)
	Double stddev_pop(NUMERIC arg)
	Double stddev_samp(NUMERIC arg)
	String str(arg)
	String string(ENUM arg)
	subdate(DATE datetime, INTEGER days)
	String substr(STRING string, INTEGER start[, INTEGER length])
	String substring(STRING string{ from|,} INTEGER start[{ for|,} INTEGER length])
	subtime(TIME datetime, TIME time)
	sum(arg)
	Date sysdate()
	Double tan(NUMERIC arg)
	Double tanh(NUMERIC arg)
	String time(arg)
	Date timestamp(arg0[, arg1])
	timestampadd(TEMPORAL_UNIT field, INTEGER magnitude, TEMPORAL datetime)
	Long|Double timestampdiff(TEMPORAL_UNIT field, TEMPORAL start, TEMPORAL end)
	String trim([[{leading|trailing|both} ][STRING arg0 ]from] STRING arg1)
	trunc( ... )
	truncate( ... )
	String upper(STRING string)
	Date utc_date
	Date utc_time
	Date utc_timestamp
	Double var_pop(NUMERIC arg)
	Double var_samp(NUMERIC arg)
	Double variance(NUMERIC arg)
	Integer week(DATE arg)
	Integer year(DATE arg)

2026-03-25 18:01:16 DEBUG core:211 - HHH000513: Unable to create the ReflectionOptimizer for [com.test.PrivateClg]: private accessor [clg_city]
2026-03-25 18:01:16 DEBUG core:211 - HHH000513: Unable to create the ReflectionOptimizer for [com.test.GovtClg]: private accessor [clg_city]
2026-03-25 18:01:16 DEBUG core:211 - HHH000513: Unable to create the ReflectionOptimizer for [com.test.College]: private accessor [clg_city]
2026-03-25 18:01:16 INFO  core:53 - HHH000489: No JTA platform available (set 'hibernate.transaction.jta.platform' to enable JTA platform integration)
2026-03-25 18:01:16 DEBUG service:102 - HHH010454: EventListenerRegistry access via ServiceRegistry is deprecated - use 'sessionFactory.getEventEngine().getListenerRegistry()' instead
2026-03-25 18:01:16 DEBUG SQL:126 - 
    alter table colleg 
       add column DTYPE varchar(31) not null check ((DTYPE in ('College','PrivateClg','GovtClg')))
2026-03-25 18:01:17 WARN  ExceptionHandlerLoggedImpl:25 - GenerationTarget encountered exception accepting command : Error executing DDL "
    alter table colleg 
       add column DTYPE varchar(31) not null check ((DTYPE in ('College','PrivateClg','GovtClg')))" via JDBC [Check constraint 'colleg_chk_1' is violated.]
org.hibernate.tool.schema.spi.CommandAcceptanceException: Error executing DDL "
    alter table colleg 
       add column DTYPE varchar(31) not null check ((DTYPE in ('College','PrivateClg','GovtClg')))" via JDBC [Check constraint 'colleg_chk_1' is violated.]
	at org.hibernate.tool.schema.internal.exec.GenerationTargetToDatabase.accept(GenerationTargetToDatabase.java:81) ~[hibernate-core-7.3.0.Final.jar:7.3.0.Final]
	at org.hibernate.tool.schema.internal.AbstractSchemaMigrator.applySqlString(AbstractSchemaMigrator.java:566) [hibernate-core-7.3.0.Final.jar:7.3.0.Final]
	at org.hibernate.tool.schema.internal.AbstractSchemaMigrator.applySqlStrings(AbstractSchemaMigrator.java:506) [hibernate-core-7.3.0.Final.jar:7.3.0.Final]
	at org.hibernate.tool.schema.internal.AbstractSchemaMigrator.migrateTable(AbstractSchemaMigrator.java:324) [hibernate-core-7.3.0.Final.jar:7.3.0.Final]
	at org.hibernate.tool.schema.internal.GroupedSchemaMigratorImpl.performTablesMigration(GroupedSchemaMigratorImpl.java:84) [hibernate-core-7.3.0.Final.jar:7.3.0.Final]
	at org.hibernate.tool.schema.internal.AbstractSchemaMigrator.performMigration(AbstractSchemaMigrator.java:220) [hibernate-core-7.3.0.Final.jar:7.3.0.Final]
	at org.hibernate.tool.schema.internal.AbstractSchemaMigrator.doMigration(AbstractSchemaMigrator.java:96) [hibernate-core-7.3.0.Final.jar:7.3.0.Final]
	at org.hibernate.tool.schema.spi.SchemaManagementToolCoordinator.performDatabaseAction(SchemaManagementToolCoordinator.java:269) [hibernate-core-7.3.0.Final.jar:7.3.0.Final]
	at org.hibernate.tool.schema.spi.SchemaManagementToolCoordinator.lambda$process$1(SchemaManagementToolCoordinator.java:101) [hibernate-core-7.3.0.Final.jar:7.3.0.Final]
	at java.util.HashMap.forEach(HashMap.java:1430) [?:?]
	at org.hibernate.tool.schema.spi.SchemaManagementToolCoordinator.process(SchemaManagementToolCoordinator.java:100) [hibernate-core-7.3.0.Final.jar:7.3.0.Final]
	at org.hibernate.boot.internal.SessionFactoryObserverForSchemaExport.sessionFactoryCreated(SessionFactoryObserverForSchemaExport.java:35) [hibernate-core-7.3.0.Final.jar:7.3.0.Final]
	at org.hibernate.internal.SessionFactoryObserverChain.sessionFactoryCreated(SessionFactoryObserverChain.java:33) [hibernate-core-7.3.0.Final.jar:7.3.0.Final]
	at org.hibernate.internal.SessionFactoryImpl.<init>(SessionFactoryImpl.java:323) [hibernate-core-7.3.0.Final.jar:7.3.0.Final]
	at org.hibernate.internal.SessionFactoryRegistry.instantiateSessionFactory(SessionFactoryRegistry.java:64) [hibernate-core-7.3.0.Final.jar:7.3.0.Final]
	at org.hibernate.boot.internal.SessionFactoryBuilderImpl.build(SessionFactoryBuilderImpl.java:444) [hibernate-core-7.3.0.Final.jar:7.3.0.Final]
	at org.hibernate.cfg.Configuration.buildSessionFactory(Configuration.java:1112) [hibernate-core-7.3.0.Final.jar:7.3.0.Final]
	at org.hibernate.cfg.Configuration.buildSessionFactory(Configuration.java:1131) [hibernate-core-7.3.0.Final.jar:7.3.0.Final]
	at com.test.HibInheritDemo.main(HibInheritDemo.java:13) [classes/:?]
Caused by: java.sql.SQLException: Check constraint 'colleg_chk_1' is violated.
	at com.mysql.cj.jdbc.exceptions.SQLError.createSQLException(SQLError.java:130) ~[mysql-connector-j-8.0.33.jar:8.0.33]
	at com.mysql.cj.jdbc.exceptions.SQLExceptionsMapping.translateException(SQLExceptionsMapping.java:122) ~[mysql-connector-j-8.0.33.jar:8.0.33]
	at com.mysql.cj.jdbc.StatementImpl.executeInternal(StatementImpl.java:763) ~[mysql-connector-j-8.0.33.jar:8.0.33]
	at com.mysql.cj.jdbc.StatementImpl.execute(StatementImpl.java:648) ~[mysql-connector-j-8.0.33.jar:8.0.33]
	at org.hibernate.tool.schema.internal.exec.GenerationTargetToDatabase.accept(GenerationTargetToDatabase.java:76) ~[hibernate-core-7.3.0.Final.jar:7.3.0.Final]
	... 18 more
2026-03-25 18:01:17 DEBUG SQL:126 - 
    alter table colleg 
       add column fees integer
2026-03-25 18:01:17 DEBUG SQL:126 - 
    alter table colleg 
       add column schlorship integer
2026-03-25 18:01:17 DEBUG Table:101 - No alter strings for table: colleg_SEQ
2026-03-25 18:01:17 DEBUG factoryRegistry:86 - HHH020384: Registering SessionFactory [9dfda294-b548-4994-a459-6da2a9c95e14] (<unnamed>)
2026-03-25 18:01:17 DEBUG core:151 - HHH006588: Opening session [tenant=null]
2026-03-25 18:01:17 DEBUG core:74 - HHH006583: Beginning transaction
2026-03-25 18:01:17 DEBUG SQL:126 - 
    select
        next_val as id_val 
    from
        colleg_SEQ 
    for
        update
2026-03-25 18:01:17 DEBUG SQL:126 - 
    update
        colleg_SEQ 
    set
        next_val= ? 
    where
        next_val=?
2026-03-25 18:01:17 DEBUG core:87 - HHH006584: Committing transaction
2026-03-25 18:01:17 DEBUG event:98 - HHH90060071: Flushed: 3 insertions, 0 updates, 0 deletions to 3 objects
2026-03-25 18:01:17 DEBUG event:104 - HHH90060072: Flushed: 0 (re)creations, 0 updates, 0 removals to 0 collections
2026-03-25 18:01:17 DEBUG core:102 - Listing entities:
2026-03-25 18:01:17 DEBUG core:111 - com.test.College{year=0, clg_pincode=0, clg_name=KLE, id=202, clg_city=RJnagar}
2026-03-25 18:01:17 DEBUG core:111 - com.test.GovtClg{year=0, schlorship=25000, clg_pincode=0, clg_name=Sheshadripuram, id=204, clg_city=null}
2026-03-25 18:01:17 DEBUG core:111 - com.test.PrivateClg{fees=500000, year=0, clg_pincode=0, clg_name=MES, id=203, clg_city=null}
2026-03-25 18:01:17 DEBUG SQL:126 - 
    insert 
    into
        colleg
        (clg_city, clg_name, clg_pincode, year, DTYPE, id) 
    values
        (?, ?, ?, ?, 'College', ?)
2026-03-25 18:01:17 WARN  error:143 - HHH000247: ErrorCode: 1054, SQLState: 42S22
2026-03-25 18:01:17 WARN  error:144 - Unknown column 'DTYPE' in 'field list'
2026-03-25 18:01:17 DEBUG error:150 - could not execute statement [insert into colleg (clg_city,clg_name,clg_pincode,year,DTYPE,id) values (?,?,?,?,'College',?)]
java.sql.SQLSyntaxErrorException: Unknown column 'DTYPE' in 'field list'
	at com.mysql.cj.jdbc.exceptions.SQLError.createSQLException(SQLError.java:121) ~[mysql-connector-j-8.0.33.jar:8.0.33]
	at com.mysql.cj.jdbc.exceptions.SQLExceptionsMapping.translateException(SQLExceptionsMapping.java:122) ~[mysql-connector-j-8.0.33.jar:8.0.33]
	at com.mysql.cj.jdbc.ClientPreparedStatement.executeInternal(ClientPreparedStatement.java:916) ~[mysql-connector-j-8.0.33.jar:8.0.33]
	at com.mysql.cj.jdbc.ClientPreparedStatement.executeUpdateInternal(ClientPreparedStatement.java:1061) ~[mysql-connector-j-8.0.33.jar:8.0.33]
	at com.mysql.cj.jdbc.ClientPreparedStatement.executeUpdateInternal(ClientPreparedStatement.java:1009) ~[mysql-connector-j-8.0.33.jar:8.0.33]
	at com.mysql.cj.jdbc.ClientPreparedStatement.executeLargeUpdate(ClientPreparedStatement.java:1320) ~[mysql-connector-j-8.0.33.jar:8.0.33]
	at com.mysql.cj.jdbc.ClientPreparedStatement.executeUpdate(ClientPreparedStatement.java:994) ~[mysql-connector-j-8.0.33.jar:8.0.33]
	at org.hibernate.engine.jdbc.internal.ResultSetReturnImpl.executeUpdate(ResultSetReturnImpl.java:185) [hibernate-core-7.3.0.Final.jar:7.3.0.Final]
	at org.hibernate.engine.jdbc.mutation.internal.AbstractMutationExecutor.performNonBatchedMutation(AbstractMutationExecutor.java:145) [hibernate-core-7.3.0.Final.jar:7.3.0.Final]
	at org.hibernate.engine.jdbc.mutation.internal.MutationExecutorSingleNonBatched.performNonBatchedOperations(MutationExecutorSingleNonBatched.java:53) [hibernate-core-7.3.0.Final.jar:7.3.0.Final]
	at org.hibernate.engine.jdbc.mutation.internal.AbstractMutationExecutor.execute(AbstractMutationExecutor.java:65) [hibernate-core-7.3.0.Final.jar:7.3.0.Final]
	at org.hibernate.engine.jdbc.mutation.internal.AbstractMutationExecutor.execute(AbstractMutationExecutor.java:54) [hibernate-core-7.3.0.Final.jar:7.3.0.Final]
	at org.hibernate.persister.entity.mutation.InsertCoordinatorStandard.doStaticInserts(InsertCoordinatorStandard.java:180) [hibernate-core-7.3.0.Final.jar:7.3.0.Final]
	at org.hibernate.persister.entity.mutation.InsertCoordinatorStandard.coordinateInsert(InsertCoordinatorStandard.java:120) [hibernate-core-7.3.0.Final.jar:7.3.0.Final]
	at org.hibernate.persister.entity.mutation.InsertCoordinatorStandard.insert(InsertCoordinatorStandard.java:93) [hibernate-core-7.3.0.Final.jar:7.3.0.Final]
	at org.hibernate.action.internal.EntityInsertAction.execute(EntityInsertAction.java:108) [hibernate-core-7.3.0.Final.jar:7.3.0.Final]
	at org.hibernate.engine.spi.ActionQueue.executeActions(ActionQueue.java:634) [hibernate-core-7.3.0.Final.jar:7.3.0.Final]
	at org.hibernate.engine.spi.ActionQueue.executeActions(ActionQueue.java:505) [hibernate-core-7.3.0.Final.jar:7.3.0.Final]
	at org.hibernate.event.internal.AbstractFlushingEventListener.performExecutions(AbstractFlushingEventListener.java:381) [hibernate-core-7.3.0.Final.jar:7.3.0.Final]
	at org.hibernate.event.internal.DefaultFlushEventListener.onFlush(DefaultFlushEventListener.java:40) [hibernate-core-7.3.0.Final.jar:7.3.0.Final]
	at org.hibernate.event.service.internal.EventListenerGroupImpl.fireEventOnEachListener(EventListenerGroupImpl.java:138) [hibernate-core-7.3.0.Final.jar:7.3.0.Final]
	at org.hibernate.internal.SessionImpl.fireFlush(SessionImpl.java:1451) [hibernate-core-7.3.0.Final.jar:7.3.0.Final]
	at org.hibernate.internal.SessionImpl.managedFlush(SessionImpl.java:482) [hibernate-core-7.3.0.Final.jar:7.3.0.Final]
	at org.hibernate.internal.SessionImpl.flushBeforeTransactionCompletion(SessionImpl.java:2078) [hibernate-core-7.3.0.Final.jar:7.3.0.Final]
	at org.hibernate.internal.SessionImpl.beforeTransactionCompletion(SessionImpl.java:2000) [hibernate-core-7.3.0.Final.jar:7.3.0.Final]
	at org.hibernate.engine.jdbc.internal.JdbcCoordinatorImpl.beforeTransactionCompletion(JdbcCoordinatorImpl.java:426) [hibernate-core-7.3.0.Final.jar:7.3.0.Final]
	at org.hibernate.resource.transaction.backend.jdbc.internal.JdbcResourceLocalTransactionCoordinatorImpl.beforeCompletionCallback(JdbcResourceLocalTransactionCoordinatorImpl.java:166) [hibernate-core-7.3.0.Final.jar:7.3.0.Final]
	at org.hibernate.resource.transaction.backend.jdbc.internal.JdbcResourceLocalTransactionCoordinatorImpl$TransactionDriverControlImpl.commitNoRollbackOnly(JdbcResourceLocalTransactionCoordinatorImpl.java:251) [hibernate-core-7.3.0.Final.jar:7.3.0.Final]
	at org.hibernate.resource.transaction.backend.jdbc.internal.JdbcResourceLocalTransactionCoordinatorImpl$TransactionDriverControlImpl.commit(JdbcResourceLocalTransactionCoordinatorImpl.java:241) [hibernate-core-7.3.0.Final.jar:7.3.0.Final]
	at org.hibernate.engine.transaction.internal.TransactionImpl.commit(TransactionImpl.java:89) [hibernate-core-7.3.0.Final.jar:7.3.0.Final]
	at com.test.HibInheritDemo.main(HibInheritDemo.java:35) [classes/:?]
2026-03-25 18:02:39 DEBUG service:41 - HHH010455: Adding integrator: org.hibernate.boot.beanvalidation.BeanValidationIntegrator
2026-03-25 18:02:39 DEBUG service:41 - HHH010455: Adding integrator: org.hibernate.cache.internal.CollectionCacheInvalidator
2026-03-25 18:02:39 INFO  core:41 - HHH000001: Hibernate ORM core version 7.3.0.Final
2026-03-25 18:02:39 DEBUG core:155 - HHH000206: 'hibernate.properties' not found
2026-03-25 18:02:39 DEBUG boot:97 - HHH160204: cfg.xml document did not define namespaces; wrapping in custom event reader to introduce namespace information
2026-03-25 18:02:39 DEBUG cache:116 - HHH90001031: Cannot default RegionFactory since no RegionFactory strategies were registered
2026-03-25 18:02:39 DEBUG cache:46 - HHH90001029: Second-level cache disabled
2026-03-25 18:02:39 WARN  pooling:86 - HHH10001002: Using built-in connection pool (not intended for production use)
2026-03-25 18:02:39 DEBUG pooling:34 - HHH10001014: Initializing connection pool with 1 connections
2026-03-25 18:02:39 DEBUG jdbc:457 - HHH100017: Database:
	name: MySQL
	version: 8.0.42
	major: 8
	minor: 0
2026-03-25 18:02:39 DEBUG jdbc:463 - HHH100018: Driver:
	name: MySQL Connector/J
	version: mysql-connector-j-8.0.33 (Revision: 7d6b0800528b6b25c68b52dc10d6c1c8429c100c)
	major: 8
	minor: 0
	JDBC version: 4.2
2026-03-25 18:02:40 WARN  deprecation:152 - HHH90000025: MySQLDialect does not need to be specified explicitly using 'hibernate.dialect' (remove the property setting and it will be selected by default)
2026-03-25 18:02:40 DEBUG dialect:93 - HHH035001: Using dialect: org.hibernate.dialect.MySQLDialect, version: 8.0.42
2026-03-25 18:02:40 DEBUG IdentifierHelperBuilder:205 - IdentifierCaseStrategy for both quoted and unquoted identifiers was set to the same strategy [LOWER]; that will likely lead to problems in schema update and validation if using quoted identifiers
2026-03-25 18:02:40 DEBUG jdbc:379 - HHH100122: Using default JDBC fetch size: 0
2026-03-25 18:02:40 INFO  pooling:179 - HHH10001005: Database info:
	Database JDBC URL [jdbc:mysql://localhost:3306/mla]
	Database driver: MySQL Connector/J
	Database dialect: MySQLDialect
	Database version: 8.0.42
	Default catalog/schema: mla/undefined
	Autocommit mode: false
	Isolation level: REPEATABLE_READ
	JDBC fetch size: none
	Pool: DriverManagerConnectionProvider
	Minimum pool size: 1
	Maximum pool size: 20
2026-03-25 18:02:40 DEBUG factory:230 - HHH90020001: Instantiating factory [e3decc9e-4897-444e-809f-2cdc0d53f246] with settings: {hibernate.format_sql=true, java.specification.version=25, sun.cpu.isalist=amd64, sun.jnu.encoding=Cp1252, hibernate.dialect=org.hibernate.dialect.MySQLDialect, java.class.path=C:\Users\yashaswini.hs\Desktop\Spring-advance\Assignment\target\classes;C:\Users\yashaswini.hs\.m2\repository\com\mysql\mysql-connector-j\8.0.33\mysql-connector-j-8.0.33.jar;C:\Users\yashaswini.hs\.m2\repository\com\google\protobuf\protobuf-java\3.21.9\protobuf-java-3.21.9.jar;C:\Users\yashaswini.hs\.m2\repository\org\hibernate\orm\hibernate-core\7.3.0.Final\hibernate-core-7.3.0.Final.jar;C:\Users\yashaswini.hs\.m2\repository\jakarta\persistence\jakarta.persistence-api\3.2.0\jakarta.persistence-api-3.2.0.jar;C:\Users\yashaswini.hs\.m2\repository\jakarta\transaction\jakarta.transaction-api\2.0.1\jakarta.transaction-api-2.0.1.jar;C:\Users\yashaswini.hs\.m2\repository\org\jboss\logging\jboss-logging\3.6.1.Final\jboss-logging-3.6.1.Final.jar;C:\Users\yashaswini.hs\.m2\repository\org\hibernate\models\hibernate-models\1.1.0\hibernate-models-1.1.0.jar;C:\Users\yashaswini.hs\.m2\repository\net\bytebuddy\byte-buddy\1.18.7\byte-buddy-1.18.7.jar;C:\Users\yashaswini.hs\.m2\repository\jakarta\xml\bind\jakarta.xml.bind-api\4.0.4\jakarta.xml.bind-api-4.0.4.jar;C:\Users\yashaswini.hs\.m2\repository\jakarta\activation\jakarta.activation-api\2.1.4\jakarta.activation-api-2.1.4.jar;C:\Users\yashaswini.hs\.m2\repository\org\glassfish\jaxb\jaxb-runtime\4.0.6\jaxb-runtime-4.0.6.jar;C:\Users\yashaswini.hs\.m2\repository\org\glassfish\jaxb\jaxb-core\4.0.6\jaxb-core-4.0.6.jar;C:\Users\yashaswini.hs\.m2\repository\org\eclipse\angus\angus-activation\2.0.3\angus-activation-2.0.3.jar;C:\Users\yashaswini.hs\.m2\repository\org\glassfish\jaxb\txw2\4.0.6\txw2-4.0.6.jar;C:\Users\yashaswini.hs\.m2\repository\com\sun\istack\istack-commons-runtime\4.1.2\istack-commons-runtime-4.1.2.jar;C:\Users\yashaswini.hs\.m2\repository\jakarta\inject\jakarta.inject-api\2.0.1\jakarta.inject-api-2.0.1.jar;C:\Users\yashaswini.hs\.m2\repository\org\antlr\antlr4-runtime\4.13.2\antlr4-runtime-4.13.2.jar;C:\Users\yashaswini.hs\.m2\repository\org\apache\logging\log4j\log4j-core\2.17.1\log4j-core-2.17.1.jar;C:\Users\yashaswini.hs\.m2\repository\org\apache\logging\log4j\log4j-api\2.17.1\log4j-api-2.17.1.jar;C:\Users\yashaswini.hs\.m2\repository\org\apache\logging\log4j\log4j-slf4j-impl\2.17.1\log4j-slf4j-impl-2.17.1.jar;C:\Users\yashaswini.hs\.m2\repository\org\slf4j\slf4j-api\1.7.25\slf4j-api-1.7.25.jar, java.vm.vendor=Eclipse Adoptium, sun.arch.data.model=64, hbm2ddl.auto=update, user.variant=, java.vendor.url=https://adoptium.net/, user.timezone=Asia/Calcutta, java.vm.specification.version=25, os.name=Windows 11, sun.java.launcher=SUN_STANDARD, user.country=US, sun.boot.library.path=C:\Users\yashaswini.hs\Downloads\sts-5.1.1.RELEASE\plugins\org.eclipse.justj.openjdk.hotspot.jre.full.win32.x86_64_25.0.2.v20260203-1141\jre\bin, sun.java.command=com.test.HibInheritDemo, jdk.debug=release, sun.cpu.endian=little, user.home=C:\Users\yashaswini.hs, user.language=en, java.specification.vendor=Oracle Corporation, java.version.date=2026-01-20, java.home=C:\Users\yashaswini.hs\Downloads\sts-5.1.1.RELEASE\plugins\org.eclipse.justj.openjdk.hotspot.jre.full.win32.x86_64_25.0.2.v20260203-1141\jre, file.separator=\, java.vm.compressedOopsMode=Zero based, line.separator=
, java.vm.specification.vendor=Oracle Corporation, java.specification.name=Java Platform API Specification, hibernate.hbm2ddl.auto=update, user.script=, sun.management.compiler=HotSpot 64-Bit Tiered Compilers, java.runtime.version=25.0.2+10-LTS, user.name=yashaswini.hs, stdout.encoding=UTF-8, path.separator=;, hibernate.connection.username=****, os.version=10.0, java.runtime.name=OpenJDK Runtime Environment, hibernate.connection.url=jdbc:mysql://localhost:3306/mla, file.encoding=UTF-8, format_sql=true, java.vm.name=OpenJDK 64-Bit Server VM, hibernate.show_sql=true, java.vendor.version=Temurin-25.0.2+10, show_sql=true, hibernate.connection.driver_class=com.mysql.cj.jdbc.Driver, java.vendor.url.bug=https://github.com/adoptium/adoptium-support/issues, java.io.tmpdir=C:\Users\YASHAS~1.HS\AppData\Local\Temp\, java.version=25.0.2, user.dir=C:\Users\yashaswini.hs\Desktop\Spring-advance\Assignment, os.arch=amd64, java.vm.specification.name=Java Virtual Machine Specification, hibernate.connection.password=****, sun.os.patch.level=, hibernate.boot.CfgXmlAccessService.key=org.hibernate.boot.cfgxml.spi.LoadedConfig@ce12fbb, native.encoding=Cp1252, java.library.path=C:\Users\yashaswini.hs\Downloads\sts-5.1.1.RELEASE\plugins\org.eclipse.justj.openjdk.hotspot.jre.full.win32.x86_64_25.0.2.v20260203-1141\jre\bin;C:\WINDOWS\Sun\Java\bin;C:\WINDOWS\system32;C:\WINDOWS;C:/Users/yashaswini.hs/Downloads/sts-5.1.1.RELEASE//plugins/org.eclipse.justj.openjdk.hotspot.jre.full.win32.x86_64_25.0.2.v20260203-1141/jre/bin/server;C:/Users/yashaswini.hs/Downloads/sts-5.1.1.RELEASE//plugins/org.eclipse.justj.openjdk.hotspot.jre.full.win32.x86_64_25.0.2.v20260203-1141/jre/bin;C:\Program Files\Microsoft\jdk-11.0.23.9-hotspot\bin;C:\Program Files\Microsoft\jdk-17.0.15.6-hotspot\bin;C:\Program Files\Python313\Scripts\;C:\Program Files\Python313\;%SystemRoot%\system32;%SystemRoot%;%SystemRoot%\System32\Wbem;%SYSTEMROOT%\System32\WindowsPowerShell\v1.0\;%SYSTEMROOT%\System32\OpenSSH\;C:\Program Files\Git\cmd;C:\Program Files\dotnet\;C:\Program Files\apache-maven-3.9.10\bin;C:\Program Files\nodejs\;C:\Program Files\Microsoft VS Code\bin;C:\Program Files\PuTTY\;C:\Program Files (x86)\Microsoft SQL Server\160\DTS\Binn\;C:\Program Files (x86)\Microsoft SQL Server\160\Tools\Binn\;C:\Program Files\Microsoft SQL Server\160\Tools\Binn\;C:\Program Files\Microsoft SQL Server\Client SDK\ODBC\170\Tools\Binn\;C:\Program Files\Microsoft SQL Server\160\DTS\Binn\;C:\Program Files\apache-maven-3.9.10\bin;C:\Program Files\apache-maven-3.9.10\bin;C:\Program Files\apache-maven-3.9.10\bin;C:\Users\yashaswini.hs\AppData\Local\Microsoft\WindowsApps;;C:\Users\yashaswini.hs\Downloads\sts-5.1.1.RELEASE;;., stderr.encoding=UTF-8, java.vendor=Eclipse Adoptium, java.vm.info=mixed mode, sharing, stdin.encoding=Cp1252, java.vm.version=25.0.2+10-LTS, sun.io.unicode.encoding=UnicodeLittle, java.class.version=69.0}
2026-03-25 18:02:40 DEBUG HQL_FUNCTIONS:155 - Available HQL Functions:
	abs(NUMERIC arg)
	Double acos(NUMERIC arg)
	adddate(DATE datetime, INTEGER days)
	addtime(TIME datetime, TIME time)
	Boolean any(BOOLEAN arg)
	Integer ascii(STRING arg)
	Double asin(NUMERIC arg)
	Double atan(NUMERIC arg)
	Double atan2(NUMERIC arg0, NUMERIC arg1)
	avg(arg)
	bit_and(arg)
	Integer bit_length(STRING_OR_CLOB arg)
	bit_or(arg)
	bitand(arg0, arg1)
	bitnot(arg)
	bitor(arg0, arg1)
	bitxor(arg0, arg1)
	cast(arg as Type)
	ceiling(NUMERIC arg)
	Character char(INTEGER arg)
	Integer character_length(STRING_OR_CLOB arg)
	Character chr(INTEGER arg)
	coalesce(arg0[, arg1[, ...]])
	String collate(STRING string as COLLATION collation)
	String concat(STRING string0[, STRING string1[, ...]])
	Double cos(NUMERIC arg)
	Double cosh(NUMERIC arg)
	Double cot(NUMERIC arg)
	Long count([distinct ]{arg|*})
	Integer crc32(arg)
	Double cume_dist([arg0[, ...]])
	Date curdate()
	Date current date
	Date current time
	Date current timestamp
	Date current_date
	Instant current_instant
	Date current_time
	Date current_timestamp
	Date curtime()
	Date date(arg)
	dateadd(TEMPORAL_UNIT field, INTEGER magnitude, TEMPORAL datetime)
	Integer datediff(DATE end, DATE start)
	Integer day(DATE arg)
	String dayname(DATE arg)
	Integer dayofmonth(DATE arg)
	Integer dayofweek(DATE arg)
	Integer dayofyear(DATE arg)
	Double degrees(NUMERIC arg)
	Long dense_rank([arg0[, ...]])
	Boolean every(BOOLEAN arg)
	Double exp(NUMERIC arg)
	extract(TEMPORAL_UNIT field from TEMPORAL arg)
	first_valueANY value
	floor(NUMERIC arg)
	String format(TEMPORAL datetime as STRING pattern)
	greatest(COMPARABLE arg0, COMPARABLE arg1[, arg2[, ...]])
	String hex(arg)
	Integer hour(TIME arg)
	ifnull(arg0, arg1)
	String insert(STRING string, INTEGER start, INTEGER length, STRING replacement)
	Instant instant
	Integer instr(STRING string, STRING pattern[, INTEGER start[, INTEGER occurrence]])
	String json_array([arg0[, ...]])
	String json_array_append(IMPLICIT_JSON arg0, STRING arg1, ANY arg2)
	String json_array_insert(IMPLICIT_JSON arg0, STRING arg1, ANY arg2)
	String json_arrayagg(arg0[, arg1])
	Boolean json_exists(IMPLICIT_JSON arg0, STRING arg1)
	String json_insert(IMPLICIT_JSON arg0, STRING arg1, ANY arg2)
	String json_mergepatch(IMPLICIT_JSON arg0, IMPLICIT_JSON arg1[, arg2[, ...]])
	String json_object( ... )
	String json_objectagg(arg0, arg1[, arg2, arg3])
	String json_query( ... )
	String json_remove(IMPLICIT_JSON arg0, STRING arg1)
	String json_replace(IMPLICIT_JSON arg0, STRING arg1, ANY arg2)
	String json_set(IMPLICIT_JSON arg0, STRING arg1, ANY arg2)
	json_value( ... )
	lagANY value[, INTEGER offset[, ANY default]]
	Date last_day(DATE arg)
	last_valueANY value
	leadANY value[, INTEGER offset[, ANY default]]
	least(COMPARABLE arg0, COMPARABLE arg1[, arg2[, ...]])
	String left(STRING string, INTEGER length)
	Integer length(STRING_OR_CLOB arg)
	String listagg(STRING arg0, STRING arg1)
	Double ln(NUMERIC arg)
	LocalDate local date
	LocalDateTime local datetime
	LocalTime local time
	LocalDate local_date
	LocalDateTime local_datetime
	LocalTime local_time
	Date localtime
	Date localtimestamp
	Integer locate(STRING pattern, STRING string[, INTEGER start])
	Double log(NUMERIC arg0[, NUMERIC arg1])
	Double log10(NUMERIC arg)
	Double log2(NUMERIC arg)
	String lower(STRING string)
	String lpad(string, length[, padding])
	String ltrim(STRING string[, STRING characters])
	Date makedate(INTEGER year, INTEGER dayofyear)
	Date maketime(INTEGER hour, INTEGER min, INTEGER sec)
	max(COMPARABLE arg)
	byte[] md5(arg)
	Integer microsecond(TIME arg)
	min(COMPARABLE arg)
	Integer minute(TIME arg)
	Integer mod(INTEGER arg0, INTEGER arg1)
	Integer month(DATE arg)
	String monthname(DATE arg)
	Date now()
	nth_valueANY value, INTEGER nth
	nullif(arg0, arg1)
	Integer octet_length(STRING_OR_CLOB arg)
	OffsetDateTime offset datetime
	OffsetDateTime offset_datetime
	Integer ordinal(ENUM arg)
	String overlay(STRING string placing STRING replacement from INTEGER start[ for INTEGER length])
	String pad(STRING string with INTEGER length {leading|trailing}[ STRING character])
	Double percent_rank([arg0[, ...]])
	Double pi
	Integer position(STRING pattern in STRING string)
	Double power(NUMERIC arg0, NUMERIC arg1)
	Integer quarter(DATE arg)
	Double radians(NUMERIC arg)
	Double rand([INTEGER seed])
	Long rank([arg0[, ...]])
	Boolean regexp_like(STRING arg0, STRING arg1[, STRING arg2])
	String repeat(STRING string, INTEGER times)
	String replace(STRING string, STRING pattern, STRING replacement)
	String reverse(STRING arg)
	String right(STRING string, INTEGER length)
	round(NUMERIC number[, INTEGER places])
	Long row_number()
	String rpad(string, length[, padding])
	String rtrim(STRING string[, STRING characters])
	Integer second(TIME arg)
	byte[] sha(arg)
	String sha1(arg)
	String sha2(arg0, arg1)
	Integer sign(NUMERIC arg)
	Double sin(NUMERIC arg)
	Double sinh(NUMERIC arg)
	String soundex(arg)
	String space(INTEGER arg)
	sql
	Double sqrt(NUMERIC arg)
	Double stddev(NUMERIC arg)
	Double stddev_pop(NUMERIC arg)
	Double stddev_samp(NUMERIC arg)
	String str(arg)
	String string(ENUM arg)
	subdate(DATE datetime, INTEGER days)
	String substr(STRING string, INTEGER start[, INTEGER length])
	String substring(STRING string{ from|,} INTEGER start[{ for|,} INTEGER length])
	subtime(TIME datetime, TIME time)
	sum(arg)
	Date sysdate()
	Double tan(NUMERIC arg)
	Double tanh(NUMERIC arg)
	String time(arg)
	Date timestamp(arg0[, arg1])
	timestampadd(TEMPORAL_UNIT field, INTEGER magnitude, TEMPORAL datetime)
	Long|Double timestampdiff(TEMPORAL_UNIT field, TEMPORAL start, TEMPORAL end)
	String trim([[{leading|trailing|both} ][STRING arg0 ]from] STRING arg1)
	trunc( ... )
	truncate( ... )
	String upper(STRING string)
	Date utc_date
	Date utc_time
	Date utc_timestamp
	Double var_pop(NUMERIC arg)
	Double var_samp(NUMERIC arg)
	Double variance(NUMERIC arg)
	Integer week(DATE arg)
	Integer year(DATE arg)

2026-03-25 18:02:40 DEBUG core:211 - HHH000513: Unable to create the ReflectionOptimizer for [com.test.PrivateClg]: private accessor [clg_city]
2026-03-25 18:02:40 DEBUG core:211 - HHH000513: Unable to create the ReflectionOptimizer for [com.test.GovtClg]: private accessor [clg_city]
2026-03-25 18:02:40 DEBUG core:211 - HHH000513: Unable to create the ReflectionOptimizer for [com.test.College]: private accessor [clg_city]
2026-03-25 18:02:41 INFO  core:53 - HHH000489: No JTA platform available (set 'hibernate.transaction.jta.platform' to enable JTA platform integration)
2026-03-25 18:02:41 DEBUG service:102 - HHH010454: EventListenerRegistry access via ServiceRegistry is deprecated - use 'sessionFactory.getEventEngine().getListenerRegistry()' instead
2026-03-25 18:02:41 DEBUG SQL:126 - 
    create table colleg (
        DTYPE varchar(31) not null check ((DTYPE in ('College','PrivateClg','GovtClg'))),
        id integer not null,
        clg_city varchar(255),
        clg_name varchar(255),
        clg_pincode integer not null,
        year integer not null,
        fees integer,
        schlorship integer,
        primary key (id),
        check (DTYPE <> 'PrivateClg' or (fees is not null)),
        check (DTYPE <> 'GovtClg' or (schlorship is not null))
    ) engine=InnoDB
2026-03-25 18:02:41 DEBUG Table:101 - No alter strings for table: colleg_SEQ
2026-03-25 18:02:41 DEBUG factoryRegistry:86 - HHH020384: Registering SessionFactory [e3decc9e-4897-444e-809f-2cdc0d53f246] (<unnamed>)
2026-03-25 18:02:41 DEBUG core:151 - HHH006588: Opening session [tenant=null]
2026-03-25 18:02:41 DEBUG core:74 - HHH006583: Beginning transaction
2026-03-25 18:02:41 DEBUG SQL:126 - 
    select
        next_val as id_val 
    from
        colleg_SEQ 
    for
        update
2026-03-25 18:02:41 DEBUG SQL:126 - 
    update
        colleg_SEQ 
    set
        next_val= ? 
    where
        next_val=?
2026-03-25 18:02:41 DEBUG core:87 - HHH006584: Committing transaction
2026-03-25 18:02:41 DEBUG event:98 - HHH90060071: Flushed: 3 insertions, 0 updates, 0 deletions to 3 objects
2026-03-25 18:02:41 DEBUG event:104 - HHH90060072: Flushed: 0 (re)creations, 0 updates, 0 removals to 0 collections
2026-03-25 18:02:41 DEBUG core:102 - Listing entities:
2026-03-25 18:02:41 DEBUG core:111 - com.test.GovtClg{year=0, schlorship=25000, clg_pincode=0, clg_name=Sheshadripuram, id=254, clg_city=null}
2026-03-25 18:02:41 DEBUG core:111 - com.test.PrivateClg{fees=500000, year=0, clg_pincode=0, clg_name=MES, id=253, clg_city=null}
2026-03-25 18:02:41 DEBUG core:111 - com.test.College{year=0, clg_pincode=0, clg_name=KLE, id=252, clg_city=RJnagar}
2026-03-25 18:02:41 DEBUG SQL:126 - 
    insert 
    into
        colleg
        (clg_city, clg_name, clg_pincode, year, DTYPE, id) 
    values
        (?, ?, ?, ?, 'College', ?)
2026-03-25 18:02:41 DEBUG SQL:126 - 
    insert 
    into
        colleg
        (clg_city, clg_name, clg_pincode, year, fees, DTYPE, id) 
    values
        (?, ?, ?, ?, ?, 'PrivateClg', ?)
2026-03-25 18:02:41 DEBUG SQL:126 - 
    insert 
    into
        colleg
        (clg_city, clg_name, clg_pincode, year, schlorship, DTYPE, id) 
    values
        (?, ?, ?, ?, ?, 'GovtClg', ?)
